uuid,fishbase_spec_code,commonName,featureImageURL,featureImageResourceName,scientificName,category,subCategory,familyName,aboutText,minSizeMeters,maxSizeMeters,minDepthMeters,maxDepthMeters,distinctiveFeatures,Abundance,habitatBehavior,diverReaction,needs_subcategory,imageLicense,imageAttribution,imageSource,imageNeedsReview,markForDeletion
marine-life-sponge-130708,130708,Sponge,,,Aaptos pernucleata,plants,red-algae,Suberitidae,,,,1,70,,,,,,,,,,
marine-life-gianteye-squid,57421,gianteye squid,,marine-life-gianteye-squid,Abralia veranyi,invertebrates,squids,Enoploteuthidae,"Tentacles are almost as long as the body, which is small. Translucent fins end in a point. Distinctively large eye.",,0.05,1,900,,,,,,© Mickey Charteris — permission required,"Caribbean Reef Life (Mickey Charteris, 4th ed.)",caribbean-reef-life,yes,
marine-life-sergeant-major,1119,sergeant major,https://inaturalist-open-data.s3.amazonaws.com/photos/607434918/original.jpg,marine-life-sergeant-major,Abudefduf saxatilis,fishes,damselfishes,Pomacentridae,Five black body bars tapering towards white abdomen. Bright yellow patch on upper body. Widely forked tail.,,0.23,0,20,Body shape: short and / or deep,,,,,CC BY 4.0,"""Abudefduf saxatilis"" by Derek Duplessis (CC BY 4.0). http://creativecommons.org/licenses/by/4.0/ GBIF occurrence 6129859453.",gbif,yes,
marine-life-night-sergeant,1120,night sergeant,https://inaturalist-open-data.s3.amazonaws.com/photos/609032565/original.jpg,marine-life-night-sergeant,Abudefduf taurus,fishes,damselfishes,Pomacentridae,Brownish body with five dark body bars. Long upper lip. Rounded tail lobes. Found on shallow rocky inshores.,,0.25,1,5,Body shape: short and / or deep,,,,,CC BY 4.0,"""Abudefduf taurus"" by Jan Ebr & Ivana Ebrová (CC BY 4.0). http://creativecommons.org/licenses/by/4.0/ GBIF occurrence 6129917138.",gbif,yes,
marine-life-roughhead-blenny-female,3708,roughhead blenny (female),https://inaturalist-open-data.s3.amazonaws.com/photos/470830406/original.jpg,marine-life-roughhead-blenny-female,Acanthemblemaria aspera,fishes,blennies,Chaenopsidae,Females are usually yellow with dark spots on gill cover and base of pectoral fin. Eyes are always bright orange.,,0.04,,,Body shape: elongated,,,,,CC0 1.0,"""Acanthemblemaria aspera"" by Jean-Paul Boerekamps (CC0 1.0). http://creativecommons.org/publicdomain/zero/1.0/ GBIF occurrence 5070111912.",gbif,yes,
marine-life-papillose-blenny,3709,Papillose blenny,https://inaturalist-open-data.s3.amazonaws.com/photos/373565974/original.jpeg,marine-life-papillose-blenny,Acanthemblemaria chaplini,fishes,blennies,Chaenopsidae,Tan body with white and brown spots. Cirrus branches out in a single plane. Blunt papillae on head and snout.,,0.045,2,12,Body shape: elongated,,,,,CC BY 4.0,"""Acanthemblemaria chaplini"" by Alex Doyle (CC BY 4.0). http://creativecommons.org/licenses/by/4.0/ GBIF occurrence 5231010479.",gbif,yes,
marine-life-secretary-blenny,16485,secretary blenny,https://inaturalist-open-data.s3.amazonaws.com/photos/631533378/original.jpg,marine-life-secretary-blenny,Acanthemblemaria maria,fishes,blennies,Chaenopsidae,"White spots on head, white band behind eye. Many large spines. Cirrus with short branches. Orange patch over nape.",,0.05,,,Body shape: elongated,,,,,CC BY 4.0,"""Acanthemblemaria maria"" by tunicatedreamz (CC BY 4.0). http://creativecommons.org/licenses/by/4.0/ GBIF occurrence 6195936267.",gbif,yes,
marine-life-dwarf-spinyhead-blenny,54806,Dwarf Spinyhead blenny,,marine-life-dwarf-spinyhead-blenny,Acanthemblemaria paula,fishes,blennies,Chaenopsidae,The smallest member of this genus. Short spines and bushy cirrus. Dusky orange eyes. Found in shallows.,,0.025,1,2,Body shape: elongated,,,,,© Mickey Charteris — permission required,"Caribbean Reef Life (Mickey Charteris, 4th ed.)",caribbean-reef-life,yes,
marine-life-spinyhead-blenny,16486,spinyhead blenny,https://inaturalist-open-data.s3.amazonaws.com/photos/684348709/original.jpg,marine-life-spinyhead-blenny,Acanthemblemaria spinosa,fishes,blennies,Chaenopsidae,"Oblique white bar behind eye. Many short spines, often “crewcut.” Single stalk cirrus may have short branches.",,0.031,1,12,Body shape: elongated,,,,,CC0 1.0,"""Acanthemblemaria spinosa"" by Chris Spain (CC0 1.0). http://creativecommons.org/publicdomain/zero/1.0/ GBIF occurrence 6413554038.",gbif,yes,
marine-life-red-glass-hair-chiton,58275,red glass-hair chiton,https://inaturalist-open-data.s3.amazonaws.com/photos/580289423/original.jpg,marine-life-red-glass-hair-chiton,Acanthochitona hemphilli,invertebrates,chitons,Acanthochitonidae,Orange-brown girdle almost covers the entire body. Tufts of short bristles extend from sides of each plate.,,0.025,0,18,,,,,,CC BY 4.0,"""Acanthochitona hemphilli"" by Jan Ebr & Ivana Ebrová (CC BY 4.0). http://creativecommons.org/licenses/by/4.0/ GBIF occurrence 5844463664.",gbif,yes,
marine-life-west-indian-fuzzy-chiton,58403,Fuzzy chiton,https://inaturalist-open-data.s3.amazonaws.com/photos/605625336/original.jpg,marine-life-west-indian-fuzzy-chiton,Acanthopleura granulata,invertebrates,chitons,Chitonidae,"Brown plates, often encrusted. Girdle with wide dark bands and short bristles. Found close to the waterline.",,0.08,0,1,,,,,,CC0 1.0,"""Acanthopleura granulata"" by Tia Tyler (CC0 1.0). http://creativecommons.org/publicdomain/zero/1.0/ GBIF occurrence 5938133092.",gbif,yes,
marine-life-honeycomb-cowfish-juvenile,crl-392385,honeycomb cowfish (Juvenile),https://inaturalist-open-data.s3.amazonaws.com/photos/468792922/original.jpg,marine-life-honeycomb-cowfish-juvenile,Acanthostracion polygonius,fishes,cowfishes,,Deep orange to yellow with small black spots. Horns not present in smallest individuals and develop as they grow.,,,,,,,,,,CC0 1.0,"""Acanthostracion polygonius"" by Jean-Paul Boerekamps (CC0 1.0). http://creativecommons.org/publicdomain/zero/1.0/ GBIF occurrence 5064006201.",gbif,yes,
marine-life-scrawled-cowfish,92,scrawled cowfish (variation),https://inaturalist-open-data.s3.amazonaws.com/photos/608981503/original.jpg,marine-life-scrawled-cowfish,Acanthostracion quadricornis,fishes,cowfishes,Ostraciidae,"At night or while resting, the skin darkens and the blue lines become brighter, breaking up their general outline.",,0.55,1,80,Body shape: short and / or deep,,,,,CC0 1.0,"""Acanthostracion quadricornis"" by rockybajada (CC0 1.0). http://creativecommons.org/publicdomain/zero/1.0/ GBIF occurrence 6131035892.",gbif,yes,
marine-life-doctorfish,943,doctorfish,https://inaturalist-open-data.s3.amazonaws.com/photos/623323950/original.jpg,marine-life-doctorfish,Acanthurus chirurgus,fishes,surgeonfishes,Acanthuridae,"A series of darker curved bars (may be faint) start behind pectoral fin, which is edged in a darker blue.",,0.34,2,25,Body shape: short and / or deep,,,,,CC0 1.0,"""Acanthurus chirurgus"" by Daniel Estabrooks (CC0 1.0). http://creativecommons.org/publicdomain/zero/1.0/ GBIF occurrence 6178980116.",gbif,yes,
marine-life-blue-tang-surgeonfish,944,blue tang (juvenile),https://inaturalist-open-data.s3.amazonaws.com/photos/608987779/original.jpg,marine-life-blue-tang-surgeonfish,Acanthurus coeruleus,fishes,surgeonfishes,Acanthuridae,Bright yellow circular body with bright blue margins on dorsal and anal fins. Gold iris circled in bright blue.,,0.39,2,50,Body shape: short and / or deep,,,,,CC0 1.0,"""Acanthurus coeruleus"" by rockybajada (CC0 1.0). http://creativecommons.org/publicdomain/zero/1.0/ GBIF occurrence 6129987257.",gbif,yes,
marine-life-ocean-surgeonfish,942,ocean surgeonfish,https://inaturalist-open-data.s3.amazonaws.com/photos/623323766/original.jpg,marine-life-ocean-surgeonfish,Acanthurus tractus,fishes,surgeonfishes,Acanthuridae,Uniformly blue or greenish body with no bars. Blue lines radiate behind eye. Always yellow-orange pectoral fin.,,0.37,11,45,Body shape: short and / or deep,,,,,CC0 1.0,"""Acanthurus tractus"" by Daniel Estabrooks (CC0 1.0). http://creativecommons.org/publicdomain/zero/1.0/ GBIF occurrence 6178613137.",gbif,yes,
marine-life-green-mermaids-wineglass,123047,green mermaid’s wineglass,https://inaturalist-open-data.s3.amazonaws.com/photos/442170566/original.jpg,marine-life-green-mermaids-wineglass,Acetabularia calyculus,plants,green-algae,Polyphysaceae,Dark green cup shape on a long slender stalk. Rounded ridges radiate from the center to form bulbous edges.,,0.04,0,5,,,,,,CC BY 4.0,"""Acetabularia calyculus"" by Jay Brasher (CC BY 4.0). http://creativecommons.org/licenses/by/4.0/ GBIF occurrence 4973813322.",gbif,yes,
marine-life-white-mermaids-wineglass,118991,white mermaid’s wineglass,https://inaturalist-open-data.s3.amazonaws.com/photos/666044556/original.jpg,marine-life-white-mermaids-wineglass,Acetabularia crenulata,plants,green-algae,Polyphysaceae,Round white cup shape on a long white stalk. Rounded ridges with pale valleys radiating from the center.,,0.04,0,3,,,,,,CC0 1.0,"""Acetabularia crenulata"" by monkeyjodey (CC0 1.0). http://creativecommons.org/publicdomain/zero/1.0/ GBIF occurrence 6334981616.",gbif,yes,
marine-life-redhair-swimming-crab,26817,redhair swimming crab,https://reefguide.org/pix/redhairswimmingcrab2.jpg,marine-life-redhair-swimming-crab,Achelous ordwayi,invertebrates,crabs,Portunidae,Red to yellowish-brown carapace. Long tufts of red hair along the tops of claw arms. Pale bands on the claws.,,0.05,0,366,,,,,,All Rights Reserved,"Photo © Florent Charpin, reefguide.org — redhair swimming crab (Achelous ordwayi) — Cozumel, Mexico",reefguide,yes,
marine-life-ocellate-swimming-crab,161611,ocellate swimming crab,https://inaturalist-open-data.s3.amazonaws.com/photos/628555317/original.jpg,marine-life-ocellate-swimming-crab,Achelous sebae,invertebrates,crabs,Portunidae,"Reddish-brown carapace with two distinctive large dark spots to the rear, each circled in white. Darker claw tips.",,0.1,,,,,,,,CC0 1.0,"""Achelous sebae"" by nickjeff13 (CC0 1.0). http://creativecommons.org/publicdomain/zero/1.0/ GBIF occurrence 6185402725.",gbif,yes,
marine-life-blotched-swimming-crab,152337,blotched swimming crab,https://inaturalist-open-data.s3.amazonaws.com/photos/697922207/original.jpg,marine-life-blotched-swimming-crab,Achelous spinimanus,invertebrates,crabs,Portunidae,Bluish-gray to light brown carapace covered with dark brown lines and blotches. Sharp spines on claw arms.,,0.075,,,,,,,,CC BY 4.0,"""Achelous spinimanus"" by Pauline Walsh Jacobson (CC BY 4.0). http://creativecommons.org/licenses/by/4.0/ GBIF occurrence 6451926730.",gbif,yes,
marine-life-lined-sole,4256,Lined sole,https://inaturalist-open-data.s3.amazonaws.com/photos/259541467/original.jpg,marine-life-lined-sole,Achirus lineatus,fishes,flounders,Achiridae,Tan to gray with tufts of cirri and dark spots in faint lines. Small pectoral fin and fleshy groove at top of gill cover.,,0.23,1,20,Body shape: short and / or deep,,,,,CC BY 4.0,"""Achirus lineatus"" by Peter Quakenbush (CC BY 4.0). http://creativecommons.org/licenses/by/4.0/ GBIF occurrence 5932565026.",gbif,yes,
marine-life-staghorn-coral,46024,Staghorn coral,https://inaturalist-open-data.s3.amazonaws.com/photos/621329698/original.jpg,marine-life-staghorn-coral,Acropora cervicornis,corals,branching-corals,Acroporidae,"Zooxanthellate (Ref. 116012). Upper to mid reef slopes, lagoons with clear water (Ref. 846), subtidal reef tops and reef edges (Ref. 86439). In Belize, it was also found in a submarine cave at a depth of 10 m (Ref. 87209).",,,0,50,,,,,,CC0 1.0,"""Acropora cervicornis"" by Tommy (CC0 1.0). http://creativecommons.org/publicdomain/zero/1.0/ GBIF occurrence 6499222886.",gbif,yes,
marine-life-elkhorn-coral,46813,Elkhorn coral,https://inaturalist-open-data.s3.amazonaws.com/photos/471780129/original.png,marine-life-elkhorn-coral,Acropora palmata,corals,branching-corals,Acroporidae,"Maximum depth from Ref. 116012. Zooxanthellate (Ref. 116012). Found in shallow areas of high wave action, especially reef crests (Ref. 415) and submerged reef tops (Ref. 86439).",,,0,30,,,,,,CC0 1.0,"""Acropora palmata"" by Bonnie Isaac (CC0 1.0). http://creativecommons.org/publicdomain/zero/1.0/ GBIF occurrence 5077020634.",gbif,yes,
marine-life-fused-staghorn-coral,45826,Fused staghorn coral,https://inaturalist-open-data.s3.amazonaws.com/photos/184196282/original.jpeg,marine-life-fused-staghorn-coral,Acropora prolifera,corals,branching-corals,Acroporidae,Zooxanthellate (Ref. 116012). Very shallow reef slopes and lagoon margins (Ref. 846).,,,1,30,,,,,,CC BY 4.0,"""Acropora prolifera"" by Natalie Waddell-Rutter (CC BY 4.0). http://creativecommons.org/licenses/by/4.0/ GBIF occurrence 4596740698.",gbif,yes,
marine-life-magnum-cockle,102236,Magnum Cockle,https://inaturalist-open-data.s3.amazonaws.com/photos/247635741/original.jpeg,marine-life-magnum-cockle,Acrosterigma magnum,invertebrates,clams,Cardiidae,Cream to reddish-brown valves. Distinct radial ribs (with fine concentric threads) lead to serrated valve margins.,,0.09,6,366,,,,,,CC0 1.0,"""Acrosterigma magnum"" by Stari Plativky (CC0 1.0). http://creativecommons.org/publicdomain/zero/1.0/ GBIF occurrence 6234228262.",gbif,yes,
marine-life-elegant-anemone,41824,elegant anemone,https://inaturalist-open-data.s3.amazonaws.com/photos/382751127/original.jpg,marine-life-elegant-anemone,Actinoporus elegans,invertebrates,anemones,Aurelianidae,"Only the oral disc appears above sand, with short round tentacles. Retracts into a donut shape during the day.",,0.23,,,,,,,,CC BY 4.0,"""Actinoporus elegans"" by Robin White (CC BY 4.0). http://creativecommons.org/licenses/by/4.0/ GBIF occurrence 4867756824.",gbif,yes,
marine-life-collared-sand-anemone,42624,Collared Sand anemone,https://inaturalist-open-data.s3.amazonaws.com/photos/599022006/original.jpg,marine-life-collared-sand-anemone,Actinostella flosculifera,invertebrates,anemones,Actiniidae,Flattened oral disc with bulbous warty projections. Tentacles around rim formed into rectangular shapes.,,0.16,,,,,,,,CC0 1.0,"""Actinostella flosculifera"" by Lucas Rodrigues (CC0 1.0). http://creativecommons.org/publicdomain/zero/1.0/ GBIF occurrence 6498943622.",gbif,yes,
marine-life-emerald-clingfish,3073,Emerald clingfish,,,Acyrtops beryllinus,fishes,clingfishes,Gobiesocidae,"Bright green to brownish body with white spots and lines. Dark lines radiate from eye. Seagrass beds, up to 3m.",,0.02,,,Body shape: elongated,,,,,,,,,
marine-life-papillate-clingfish,16662,Papillate clingfish,https://inaturalist-open-data.s3.amazonaws.com/photos/249876118/original.jpeg,marine-life-papillate-clingfish,Acyrtus artius,fishes,clingfishes,Gobiesocidae,Reddish-orange head and front body. Rear body with four reddish-brown bars and spots. May show blue spots.,,0.035,,,Body shape: elongated,,,,,CC BY 4.0,"""Acyrtus artius"" by Austen Novis (CC BY 4.0). http://creativecommons.org/licenses/by/4.0/ GBIF occurrence 4500717924.",gbif,yes,
marine-life-red-clingfish,16677,red clingfish,https://inaturalist-open-data.s3.amazonaws.com/photos/617451659/original.jpg,marine-life-red-clingfish,Acyrtus rubiginosus,fishes,clingfishes,Gobiesocidae,"Reddish-purple body with darker red cross-bars. May be solid red or blue-spotted. Shallow, often under urchins.",,0.035,0,4,Body shape: elongated,,,,,CC BY 4.0,"""Acyrtus rubiginosus"" by Dan Schofield (CC BY 4.0). http://creativecommons.org/licenses/by/4.0/ GBIF occurrence 6163005025.",gbif,yes,
marine-life-white-tangled-bryozoan,crl-657635,White tangled bryozoan,,marine-life-white-tangled-bryozoan,Adeonellopsis subsulcata,invertebrates,bryozoans,,Rigid colonies of thin cylindrical branches. Rectangular zooids are clearly visible. Prefers deep reefs and walls.,,0.13,,,,,,,,© Mickey Charteris — permission required,"Caribbean Reef Life (Mickey Charteris, 4th ed.)",caribbean-reef-life,yes,
marine-life-jelly-hydromedusa,43905,jelly hydromedusa,https://inaturalist-open-data.s3.amazonaws.com/photos/684351409/original.jpg,marine-life-jelly-hydromedusa,Aequorea forskalea,invertebrates,jellies,Aequoreidae,Transparent dome. Numerous tentacles attach to the bell and also appear to continue onto it in radial lines.,,0.1,,,,,,,,CC0 1.0,"""Aequorea forskalea"" by Ben Holt (CC0 1.0). http://creativecommons.org/publicdomain/zero/1.0/ GBIF occurrence 6413587569.",gbif,yes,
marine-life-cyan-hydromedusa,171776,Cyan Hydromedusa,https://images.marinespecies.org/167733_aequorea-neocyanea-medusa-diameter-60-mm-gulf-stream-off.jpg,marine-life-cyan-hydromedusa,Aequorea neocyanea,invertebrates,jellies,Aequoreidae,"Radial canals extend onto a large belly, half of the bell’s diameter. Sparse thin tentacles, swollen at the base.",,0.1,,,,,,,,CC BY NC SA 4.0,"Photo via WoRMS Photogallery — Cyan Hydromedusa (Aequorea neocyanea); author FLMNH IZ Collection # 13789; AphiaID 1546702, pic 167733",worms,yes,
marine-life-whitespotted-eagle-ray,1250,spotted Eagle ray,https://inaturalist-open-data.s3.amazonaws.com/photos/620675677/original.jpg,marine-life-whitespotted-eagle-ray,Aetobatus narinari,fishes,rays,Aetobatidae,Dark gray to black above with white spots and circles. White below. Flattened upturned snout. Small eyes.,,2.3,1,80,Body shape: other,,,,,CC0 1.0,"""Aetobatus narinari"" by Tommy (CC0 1.0). http://creativecommons.org/publicdomain/zero/1.0/ GBIF occurrence 6170851546.",gbif,yes,
marine-life-delicate-agalma-siphonophore,44704,delicate agalma siphonophore,https://inaturalist-open-data.s3.amazonaws.com/photos/714300269/original.jpg,marine-life-delicate-agalma-siphonophore,Agalma elegans,invertebrates,jellies,Agalmatidae,Transparent body with short tentacles up to 30 cm / 1 ft. Small individuals may show a greenish bioluminescence.,,0.1,0,200,,,,,,CC BY 4.0,"""Agalma elegans"" by Fraser Higgins (CC BY 4.0). http://creativecommons.org/licenses/by/4.0/ GBIF occurrence 6479125238.",gbif,yes,
marine-life-branching-agardhiella,crl-754184,Branching Agardhiella,,marine-life-branching-agardhiella,Agardhiella ramosissima,plants,red-algae,,"Slippery rose-red flattened stalks, repeatedly branching to form a low bush. Found attached to deeper substrates.",,0.3,,,,,,,,© Mickey Charteris — permission required,"Caribbean Reef Life (Mickey Charteris, 4th ed.)",caribbean-reef-life,yes,
marine-life-purple-lettuce-coral,46071,Purple lettuce coral,https://inaturalist-open-data.s3.amazonaws.com/photos/528336083/original.jpg,marine-life-purple-lettuce-coral,Agaricia agaricites,corals,lettuce-corals,Agariciidae,"Zooxanthellate (Ref. 116012). In Belize, it was found in a submarine cave near Columbus Cay at a depth of 10 m (Ref. 87209).",,,1,75,,,,,,CC BY 4.0,"""Agaricia agaricites"" by Josiah Londerée (CC BY 4.0). http://creativecommons.org/licenses/by/4.0/ GBIF occurrence 5830602063.",gbif,yes,
marine-life-fragile-saucer-coral,46072,Fragile saucer coral,https://inaturalist-open-data.s3.amazonaws.com/photos/231978708/original.jpg,marine-life-fragile-saucer-coral,Agaricia fragilis,corals,plate-corals,Agariciidae,Maximum depth from Ref. 83917. Zooxanthellate (Ref. 116012).,,,0,102,,,,,,CC BY 4.0,"""Agaricia fragilis"" by Thomas Irvine (CC BY 4.0). http://creativecommons.org/licenses/by/4.0/ GBIF occurrence 3915415231.",gbif,yes,
marine-life-graham-s-sheet-coral,46073,Graham's sheet coral,https://inaturalist-open-data.s3.amazonaws.com/photos/177111178/original.jpg,marine-life-graham-s-sheet-coral,Agaricia grahamae,corals,plate-corals,Agariciidae,Maximum depth from Ref. 124095.,,,0,119,,,,,,CC BY 4.0,"""Agaricia grahamae"" by Will Sides (CC BY 4.0). http://creativecommons.org/licenses/by/4.0/ GBIF occurrence 3881456386.",gbif,yes,
marine-life-low-life-lettuce-coral,46074,Low-life lettuce coral,https://inaturalist-open-data.s3.amazonaws.com/photos/64226981/original.jpeg,marine-life-low-life-lettuce-coral,Agaricia humilis,corals,lettuce-corals,Agariciidae,Maximum depth from Ref. 83917. Zooxanthellate (Ref. 116012).,,,0,70,,,,,,CC0 1.0,"""Agaricia humilis"" by Alexis Garretson (CC0 1.0). http://creativecommons.org/publicdomain/zero/1.0/ GBIF occurrence 3090846625.",gbif,yes,
marine-life-lamarck-s-sheet-coral,46075,Lamarck's sheet coral,https://inaturalist-open-data.s3.amazonaws.com/photos/711625944/original.jpg,marine-life-lamarck-s-sheet-coral,Agaricia lamarcki,corals,plate-corals,Agariciidae,Maximum depth from Ref. 116012. Zooxanthellate (Ref. 116012).,,,0,80,,,,,,CC BY 4.0,"""Agaricia lamarcki"" by Matteo Bellucci (CC BY 4.0). http://creativecommons.org/licenses/by/4.0/ GBIF occurrence 6499170721.",gbif,yes,
marine-life-thin-leaf-lettuce-coral,46076,Thin leaf lettuce coral,https://inaturalist-open-data.s3.amazonaws.com/photos/181961155/original.jpg,marine-life-thin-leaf-lettuce-coral,Agaricia tenuifolia,corals,lettuce-corals,Agariciidae,"<i>Agaricia tenuifolia</i> has been observed to a maximum depth of 15 m, based on personal communication with our expert, Charlie Veron. Zooxanthellate (Ref. 116012). Common along the Caribbean continental coast. Very common in Bocas del Torro, Panama; does not occur in Florida or the Bahamas (Ref. 415). This species exists almost exclusively in conspecific aggregations (Ref. 87225).",,,0,15,,,,,,CC0 1.0,"""Agaricia tenuifolia"" by Jean-Paul Boerekamps (CC0 1.0). http://creativecommons.org/publicdomain/zero/1.0/ GBIF occurrence 3712503656.",gbif,yes,
marine-life-scroll-coral,46077,Scroll coral,,marine-life-scroll-coral,Agaricia undata,corals,plate-corals,Agariciidae,Maximum depth from Ref. 116012. Zooxanthellate (Ref. 116012).,,,0,80,,,,,,© Mickey Charteris — permission required,"Caribbean Reef Life (Mickey Charteris, 4th ed.)",caribbean-reef-life,yes,
marine-life-silky-tegula,crl-222798,Silky Tegula,https://inaturalist-open-data.s3.amazonaws.com/photos/611210255/original.jpg,marine-life-silky-tegula,Agathistoma fasciatum,invertebrates,snails,,Rounded shell with a low spire. Tan to black with white blotches. Spiral lines of white dashes. Found in shallows.,,0.02,,,,,,,,CC BY 4.0,"""Agathistoma fasciatum"" by Dan Schofield (CC BY 4.0). http://creativecommons.org/licenses/by/4.0/ GBIF occurrence 6133073488.",gbif,yes,
marine-life-orange-elephant-ear-sponge,84485,Orange elephant ear sponge,https://inaturalist-open-data.s3.amazonaws.com/photos/469366464/original.jpg,marine-life-orange-elephant-ear-sponge,Agelas clathrodes,sponges,encrusting-sponges,Agelasidae,"Maximum thickness: 10 cm (Ref. 415). Maximum depth reported taken from Ref. 128739. Found in coral reefs, usually below 10 m in depth (Ref. 415), and on rocky bottoms (Ref. 83912). It hosts alpheid shrimps, i.e., <i>Synalpheus</i> spp. in its canals (Ref. 86672). Inhabits shallow and mesophotic coral reefs along with coral communities and coralline algae reefs (Ref. 128739).",,0.1,2,61,,,,,,CC0 1.0,"""Agelas clathrodes"" by Jean-Paul Boerekamps (CC0 1.0). http://creativecommons.org/publicdomain/zero/1.0/ GBIF occurrence 5064068539.",gbif,yes,
marine-life-brown-tube-sponge,84486,Brown tube sponge,https://inaturalist-open-data.s3.amazonaws.com/photos/508089338/original.jpg,marine-life-brown-tube-sponge,Agelas conifera,sponges,ball-sponges,Agelasidae,"Coral reefs, usually below 10 m in depth (Ref. 415). Also occurs in mangrove ponds (Ref. 86789).",,0.5,9,12,,,,,,CC BY 4.0,"""Agelas conifera"" by keesgroenendijk (CC BY 4.0). http://creativecommons.org/licenses/by/4.0/ GBIF occurrence 5216398650.",gbif,yes,
marine-life-sponge,130672,Sponge,https://inaturalist-open-data.s3.amazonaws.com/photos/613965282/original.jpg,marine-life-sponge,Agelas wiedenmayeri,sponges,ball-sponges,Agelasidae,,,,,,,,,,,CC BY 4.0,"""Agelas wiedenmayeri"" by Dan Schofield (CC BY 4.0). http://creativecommons.org/licenses/by/4.0/ GBIF occurrence 6159468302.",gbif,yes,
marine-life-key-worm-eel,2633,key worm eel,,marine-life-key-worm-eel,Ahlia egmontis,fishes,eels,Ophichthidae,"Bright orange to brownish body, paler below. Upper jaw extends beyond lower jaw. Found in shallow sand/rubble.",,0.47,1,37,Body shape: eel-like,,,,,© Mickey Charteris — permission required,"Caribbean Reef Life (Mickey Charteris, 4th ed.)",caribbean-reef-life,yes,
marine-life-branching-tube-sponge,51112,Branching tube sponge,https://inaturalist-open-data.s3.amazonaws.com/photos/468801744/original.jpg,marine-life-branching-tube-sponge,Aiolochroia crassa,sponges,tube-sponges,Aplysinidae,Maximum depth reported taken from Ref. 128739. Common in reefs (Ref. 85482) and sea grass (Ref. 415). Also found in mangroves (Ref. 86836). Hosts alpheid shrimps in its canals (Ref. 86626). Inhabits coral communities. Found in shallow coral reefs and mesophotic depths (Ref. 128739).,,,3,52,,,,,,CC0 1.0,"""Aiolochroia crassa"" by Jean-Paul Boerekamps (CC0 1.0). http://creativecommons.org/publicdomain/zero/1.0/ GBIF occurrence 5063946116.",gbif,yes,
marine-life-sea-wasp,89034,sea wasp,https://inaturalist-open-data.s3.amazonaws.com/photos/356040800/original.jpg,marine-life-sea-wasp,Alatina alata,invertebrates,jellies,Alatinidae,Smooth transparent bell with four long thin trailing tentacles. Sting causes intense pain. Found in shallows.,,0.25,55,2282,,,,,,CC BY 4.0,"""Alatina alata"" by Robin White (CC BY 4.0). http://creativecommons.org/licenses/by/4.0/ GBIF occurrence 4606625499.",gbif,yes,
marine-life-bonefish,228,bonefish,https://inaturalist-open-data.s3.amazonaws.com/photos/701510842/original.jpg,marine-life-bonefish,Albula vulpes,fishes,silvery-fishes,Albulidae,Long silvery to greenish body with a single tall dorsal fin. Dark oval spot on pointed snout. Found in shallow areas.,,0.77,0,84,Body shape: fusiform / normal,,,,,CC0 1.0,"""Albula vulpes"" by Paul Manning (CC0 1.0). http://creativecommons.org/publicdomain/zero/1.0/ GBIF occurrence 6451769437.",gbif,yes,
marine-life-african-pompano,988,african pompano,https://inaturalist-open-data.s3.amazonaws.com/photos/697387331/original.jpg,marine-life-african-pompano,Alectis ciliaris,fishes,jacks,Carangidae,Long filaments from behind dorsal and anal fins (shorter with age). Small diffuse dark spot on upper gill cover.,,1.5,60,100,Body shape: short and / or deep,,,,,CC BY 4.0,"""Alectis ciliaris"" by Ashwin Srinivasan (CC BY 4.0). http://creativecommons.org/licenses/by/4.0/ GBIF occurrence 6441405146.",gbif,yes,
marine-life-neptune-squilla,93032,Neptune Squilla,,,Alima neptuni,invertebrates,shrimps,Squillidae,Pale translucent body with white-edged body segments and scattered black spots. Long white lines on head.,,0.05,1,800,,,,,,,,,,
marine-life-mutton-hamlet,8726,Mutton Hamlet,,,Alphestes afer,fishes,basses,Epinephelidae,"Mottled reddish-brown body, sometimes with faint bands. Dark brown and pale spots. Red eye set close to snout.",,0.33,2,30,Body shape: fusiform / normal,,,,,,,,,
marine-life-yellow-snapping-shrimp,161641,yellow snapping shrimp,,marine-life-yellow-snapping-shrimp,Alpheus amarillo,invertebrates,shrimps,Alpheidae,Transparent body with visible internal organs. One oversized major claw with yellow or purple highlights.,,0.015,,,,,,,,© Mickey Charteris — permission required,"Caribbean Reef Life (Mickey Charteris, 4th ed.)",caribbean-reef-life,yes,
marine-life-brown-snapping-shrimp,24661,red snapping shrimp,https://inaturalist-open-data.s3.amazonaws.com/photos/624254531/original.jpg,marine-life-brown-snapping-shrimp,Alpheus armatus,invertebrates,shrimps,Alpheidae,Red body with white spots on abdomen and dark spots above. Green-gold spots on claws and down the back.,,0.05,0,2,,,,,,CC BY 4.0,"""Alpheus armatus"" by Dan Schofield (CC BY 4.0). http://creativecommons.org/licenses/by/4.0/ GBIF occurrence 6179430100.",gbif,yes,
marine-life-banded-snapping-shrimp,24660,Banded snapping shrimp,,,Alpheus armillatus,invertebrates,shrimps,Alpheidae,Translucent body with eight reddish-brown bands. Large smooth major claw. Often found living in pairs.,,0.04,0,14,,,,,,,,,,
marine-life-sand-snapping-shrimp,24656,sand snapping shrimp,https://inaturalist-open-data.s3.amazonaws.com/photos/243022195/original.jpg,marine-life-sand-snapping-shrimp,Alpheus floridanus,invertebrates,shrimps,Alpheidae,Grayish body with irregular bands. Lives in a symbiotic relationship with the Orangespotted Goby (p. 294).,,0.05,0,122,,,,,,CC BY 4.0,"""Alpheus floridanus"" by Pauline Walsh Jacobson (CC BY 4.0). http://creativecommons.org/licenses/by/4.0/ GBIF occurrence 3966394113.",gbif,yes,
marine-life-spotless-snapping-shrimp,161649,spotless snapping shrimp,https://inaturalist-open-data.s3.amazonaws.com/photos/631053087/original.jpg,marine-life-spotless-snapping-shrimp,Alpheus immaculatus,invertebrates,shrimps,Alpheidae,Red body with white spots on abdomen and dark spots above. White patches on claws with no green-gold spots.,,0.04,,,,,,,,CC BY 4.0,"""Alpheus immaculatus"" by Matteo Bellucci (CC BY 4.0). http://creativecommons.org/licenses/by/4.0/ GBIF occurrence 6188155472.",gbif,yes,
marine-life-verrills-snapping-shrimp,24665,Verrill’s snapping shrimp,,marine-life-verrills-snapping-shrimp,Alpheus verrilli,invertebrates,shrimps,Alpheidae,"Brown body with wide dark bands. Variable patterns, claws may have green speckling and pale orange tips.",,0.04,,,,,,,,© Mickey Charteris — permission required,"Caribbean Reef Life (Mickey Charteris, 4th ed.)",caribbean-reef-life,yes,
marine-life-unicorn-leatherjacket-filefish,4274,Unicorn filefish,https://inaturalist-open-data.s3.amazonaws.com/photos/489390293/original.jpeg,marine-life-unicorn-leatherjacket-filefish,Aluterus monoceros,fishes,filefishes,Monacanthidae,"Small mouth on elongated snout, distinctively concave below and convex above. Pale dorsal and anal fins.",,0.76,1,80,Body shape: short and / or deep,,,,,CC0 1.0,"""Aluterus monoceros"" by Lucas Rodrigues (CC0 1.0). http://creativecommons.org/publicdomain/zero/1.0/ GBIF occurrence 5134774245.",gbif,yes,
marine-life-scribbled-leatherjacket-filefish,4275,scrawled filefish,https://inaturalist-open-data.s3.amazonaws.com/photos/610169413/original.jpg,marine-life-scribbled-leatherjacket-filefish,Aluterus scriptus,fishes,filefishes,Monacanthidae,Yellowish to tan body covered with bright blue lines and black spots. Long first dorsal spine. Distinctively long tail.,,1.1,3,120,Body shape: short and / or deep,,,,,CC BY 4.0,"""Aluterus scriptus"" by Jan Ebr & Ivana Ebrová (CC BY 4.0). http://creativecommons.org/licenses/by/4.0/ GBIF occurrence 6131033289.",gbif,yes,
marine-life-redspotted-hawkfish,3655,redspotted hawkfish,https://inaturalist-open-data.s3.amazonaws.com/photos/620844661/original.jpg,marine-life-redspotted-hawkfish,Amblycirrhitus pinos,fishes,lizardfishes,Cirrhitidae,Tall barred body. Bright red spots on face and dorsal fin. Red tassels on dorsal spine tips. Dark bar at tail base.,,0.1,2,46,Body shape: fusiform / normal,,,,,CC BY 4.0,"""Amblycirrhitus pinos"" by Matteo Bellucci (CC BY 4.0). http://creativecommons.org/licenses/by/4.0/ GBIF occurrence 6179565984.",gbif,yes,
marine-life-pipehorse,3279,Pipehorse (Juvenile),https://inaturalist-open-data.s3.amazonaws.com/photos/401229126/original.jpg,marine-life-pipehorse,Amphelikturus dendriticus,fishes,pipefishes,Syngnathidae,"Smaller individuals are usually darker, with fewer fleshy appendages and often hide in lagoons and seagrass.",,0.075,1,16,Body shape: elongated,,,,,CC BY 4.0,"""Amphelikturus dendriticus"" by Pauline Walsh Jacobson (CC BY 4.0). http://creativecommons.org/licenses/by/4.0/ GBIF occurrence 4904013681.",gbif,yes,
marine-life-erect-rope-sponge,131098,Erect rope sponge,https://images.marinespecies.org/41911_amphimedon-compressa-duchassaing-en-amp-michelotti-1864.jpg,marine-life-erect-rope-sponge,Amphimedon compressa,sponges,encrusting-sponges,Niphatidae,"Found in mangroves (Ref. 86836). Commensal with amphipods (Ref. 86735). In Belize, it was found in a submarine cave near Columbus Cay at a depth of 10 m (Ref. 87209).",,,0,100,,,,,,CC BY NC SA 4.0,"Photo via WoRMS Photogallery — Erect rope sponge (Amphimedon compressa); author Lectotype, ZMA Por. 00863, St. Thomas, Virgin Islands; AphiaID 1814728, pic 41911",worms,yes,
marine-life-brazilian-twig-alga,crl-204968,brazilian twig alga,https://minka-sdg.org/attachments/local_photos/files/721830/original.jpeg,marine-life-brazilian-twig-alga,Amphiroa brasiliana,plants,red-algae,,Loose clusters of thin tan to gold branches that divide near the tips. Found in the shallows among Turtle Grass.,,0.15,,,,,,,,CC BY 4.0,"""Amphiroa brasiliana"" by calypsobcn (CC BY 4.0). http://creativecommons.org/licenses/by/4.0/ GBIF occurrence 6131716294.",gbif,,
marine-life-delicate-twig-alga,113309,delicate twig alga,https://inaturalist-open-data.s3.amazonaws.com/photos/231685387/original.jpg,marine-life-delicate-twig-alga,Amphiroa fragilissima,plants,red-algae,Corallinaceae,"Dense clusters of extremely fine calcified branches. Pale pink to yellowish-green, with distinctively white tips.",,0.05,0,60,,,,,,CC BY 4.0,"""Amphiroa fragilissima"" by Thomas Irvine (CC BY 4.0). http://creativecommons.org/licenses/by/4.0/ GBIF occurrence 3912109816.",gbif,yes,
marine-life-y-twig-alga,125173,y-twig alga,https://inaturalist-open-data.s3.amazonaws.com/photos/226092995/original.gif,marine-life-y-twig-alga,Amphiroa rigida,plants,red-algae,Corallinaceae,Widely branching segments are slightly flattened. Pale pink to white in color. Found growing in dense clumps.,,0.05,,,,,,,,CC BY 4.0,"""Amphiroa rigida"" by Golfopolikayak (CC BY 4.0). http://creativecommons.org/licenses/by/4.0/ GBIF occurrence 3903475913.",gbif,yes,
marine-life-flat-twig-alga,112751,flat twig alga,,marine-life-flat-twig-alga,Amphiroa tribulus,plants,red-algae,Corallinaceae,"Distinctively flattened segments, repeatedly branching from a common base. Pink to reddish with white tips.",,0.1,0,10,,,,,,© Mickey Charteris — permission required,"Caribbean Reef Life (Mickey Charteris, 4th ed.)",caribbean-reef-life,yes,
marine-life-papyrus-print-alga,123609,Papyrus print alga,https://inaturalist-open-data.s3.amazonaws.com/photos/686561737/original.jpg,marine-life-papyrus-print-alga,Anadyomene stellata,plants,green-algae,Anadyomenaceae,Thin rounded green blades with lighter veins running towards the edges in a distinctively star-shaped pattern.,,0.1,0,90,,,,,,CC BY 4.0,"""Anadyomene stellata"" by Héctor Ibáñez Cantero (CC BY 4.0). http://creativecommons.org/licenses/by/4.0/ GBIF occurrence 6422798072.",gbif,yes,
marine-life-swimming-crinoid,50203,swimming crinoid,https://inaturalist-open-data.s3.amazonaws.com/photos/248728240/original.jpg,marine-life-swimming-crinoid,Analcidometra armata,invertebrates,crinoids,Colobometridae,Ten long pale arms with thin red banding. Red side branches. Can swim about by undulating the arms.,,0.09,3,148,,,,,,CC BY 4.0,"""Analcidometra armata"" by Pauline Walsh Jacobson (CC BY 4.0). http://creativecommons.org/licenses/by/4.0/ GBIF occurrence 4022081791.",gbif,yes,
marine-life-pederson-cleaner-shrimp,24495,pederson cleaner shrimp,https://inaturalist-open-data.s3.amazonaws.com/photos/684344561/original.jpg,marine-life-pederson-cleaner-shrimp,Ancylomenes pedersoni,invertebrates,shrimps,Palaemonidae,"Dark purple spots on claw arms, back and tail. Long thin antennae. Found on Corkscrew Anemones (p. 121).",,0.025,1,35,,,,,,CC0 1.0,"""Ancylomenes pedersoni"" by Chris Spain (CC0 1.0). http://creativecommons.org/publicdomain/zero/1.0/ GBIF occurrence 6413097978.",gbif,yes,
marine-life-soldierfish-isopod,10337,Soldierfish isopod,https://inaturalist-open-data.s3.amazonaws.com/photos/612004663/original.jpg,marine-life-soldierfish-isopod,Anilocra myripristis,invertebrates,shrimps,Cymothoidae,Rounded body with light brown overlapping plates. Attaches to the head of Blackbar Soldierfish (p. 325).,,0.025,,,,,,,,CC BY 4.0,"""Anilocra myripristis"" by Dan Schofield (CC BY 4.0). http://creativecommons.org/licenses/by/4.0/ GBIF occurrence 6133276144.",gbif,yes,
marine-life-curved-nose-neck-crab,crl-869286,curved-nose neck crab,https://reefguide.org/pix/anisonotuscurvirostris2.jpg,marine-life-curved-nose-neck-crab,Anisonotus curvirostris,invertebrates,crabs,,Distinctive upward curve on sharp rostrum. Pale pink body with small orange spots. Often in tube sponges.,,0.06,,,,,,,,All Rights Reserved,"Photo © Florent Charpin, reefguide.org — curved-nose neck crab (Anisonotus curvirostris) — Belize",reefguide,yes,
marine-life-black-margate,1123,black margate,https://inaturalist-open-data.s3.amazonaws.com/photos/632031884/original.jpg,marine-life-black-margate,Anisotremus surinamensis,fishes,grunts,Haemulidae,Large diffuse black patch behind pectoral fin. All fins are black. Found in or near the entrances to caves.,,0.76,0,70,Body shape: short and / or deep,,,,,CC0 1.0,"""Anisotremus surinamensis"" by Stari Plativky (CC0 1.0). http://creativecommons.org/publicdomain/zero/1.0/ GBIF occurrence 6188166670.",gbif,yes,
marine-life-porkfish,1124,porkfish,https://inaturalist-open-data.s3.amazonaws.com/photos/628184430/original.jpg,marine-life-porkfish,Anisotremus virginicus,fishes,grunts,Haemulidae,"Two wide black bars on head, one through eye and another behind gill cover to below pectoral fin. All fins are yellow.",,0.35,2,70,Body shape: short and / or deep,,,,,CC0 1.0,"""Anisotremus virginicus"" by Kat Sullivan (CC0 1.0). http://creativecommons.org/publicdomain/zero/1.0/ GBIF occurrence 6184928390.",gbif,yes,
marine-life-buttercup-lucine,48285,buttercup lucine,https://inaturalist-open-data.s3.amazonaws.com/photos/682159609/original.jpg,marine-life-buttercup-lucine,Anodontia alba,invertebrates,clams,Lucinidae,Rounded pale brown to yellow valves with faint growth lines. Pale interior with numerous short white tentacles.,,0.075,0,60,,,,,,CC0 1.0,"""Anodontia alba"" by Vince Hale (CC0 1.0). http://creativecommons.org/publicdomain/zero/1.0/ GBIF occurrence 6413316948.",gbif,yes,
marine-life-caribbean-squat-lobster,161672,Caribbean squat lobster,,,Anomoeomunida caribensis,invertebrates,shrimps,Munididae,"Pale brown carapace, sometimes with a darker longitudinal stripe. Dark-banded claw arms. Found in sand and rubble.",,0.012,,,,,,,,,,,,
marine-life-longlure-frogfish,3084,longlure frogfish (Juvenile),https://inaturalist-open-data.s3.amazonaws.com/photos/179009678/original.jpeg,marine-life-longlure-frogfish,Antennarius multiocellatus,fishes,frogfishes,Antennariidae,"Color varies, often red or black. Transparent spots on tail and fins, mimicking sponges. Large blunt first dorsal fin.",,0.2,0,66,Body shape: short and / or deep,,,,,CC BY 4.0,"""Antennarius multiocellatus"" by Dan Schofield (CC BY 4.0). http://creativecommons.org/licenses/by/4.0/ GBIF occurrence 3499475693.",gbif,yes,
marine-life-dwarf-frogfish,3086,dwarf frogfish,https://inaturalist-open-data.s3.amazonaws.com/photos/471828306/original.jpg,marine-life-dwarf-frogfish,Antennarius pauciradiatus,fishes,frogfishes,Antennariidae,The smallest of the frogfishes. Small brown spots on first dorsal soft ray and at mid-base of dorsal fin. Short lure.,,0.06,6,73,Body shape: short and / or deep,,,,,CC BY 4.0,"""Antennarius pauciradiatus"" by Dan Schofield (CC BY 4.0). http://creativecommons.org/licenses/by/4.0/ GBIF occurrence 5077005666.",gbif,yes,
marine-life-striated-frogfish,69561,striated frogfish,https://inaturalist-open-data.s3.amazonaws.com/photos/629515562/original.jpg,marine-life-striated-frogfish,Antennarius scaber,fishes,frogfishes,Antennariidae,"Thin dark lines and spots on head, body and fins. Color varies (may be black). Lure with worm-like appendages.",,0.21,10,219,Body shape: short and / or deep,,,,,CC0 1.0,"""Antennarius scaber"" by Chris Spain (CC0 1.0). http://creativecommons.org/publicdomain/zero/1.0/ GBIF occurrence 6273588145.",gbif,yes,
marine-life-antillean-scallop,crl-964049,Antillean Scallop,https://inaturalist-open-data.s3.amazonaws.com/photos/239713107/original.jpg,marine-life-antillean-scallop,Antillipecten antillarum,invertebrates,clams,,Flattened yellow to light brown valves with wavy streaks. Widely spaced low radial ribs. May attach to gorgonians.,,0.025,,,,,,,,CC BY 4.0,"""Antillipecten antillarum"" by Pauline Walsh Jacobson (CC BY 4.0). http://creativecommons.org/licenses/by/4.0/ GBIF occurrence 3986053909.",gbif,yes,
marine-life-bipinnate-sea-plume-variation,crl-955998,bipinnate sea plume (variation),https://inaturalist-open-data.s3.amazonaws.com/photos/311922798/original.jpg,marine-life-bipinnate-sea-plume-variation,Antillogorgia bipinnata,corals,octocorals,,"Occasionally the branches of the Bipinnate Sea Plume will be pale pink, yellow or even dull whitish in color.",,,,,,,,,,CC BY 4.0,"""Antillogorgia bipinnata"" by Robin White (CC BY 4.0). http://creativecommons.org/licenses/by/4.0/ GBIF occurrence 4606690336.",gbif,yes,
marine-life-grey-sea-fan-black-coral,44074,Grey sea fan black coral,https://inaturalist-open-data.s3.amazonaws.com/photos/344560109/original.jpg,marine-life-grey-sea-fan-black-coral,Antipathes atlantica,corals,black-corals,Antipathidae,,,,30,115,,,,,,CC BY 4.0,"""Antipathes atlantica"" by Robin White (CC BY 4.0). http://creativecommons.org/licenses/by/4.0/ GBIF occurrence 4606594263.",gbif,yes,
marine-life-kings-coral,44077,Kings coral,https://inaturalist-open-data.s3.amazonaws.com/photos/91118763/original.jpg,marine-life-kings-coral,Antipathes caribbeana,corals,black-corals,Antipathidae,Inhabits vertical wall faces on reef edges in areas of strong currents at depths 30 to 100 m (Ref. 415).,,,30,100,,,,,,CC0 1.0,"""Antipathes caribbeana"" by Naturalist Tours (CC0 1.0). http://creativecommons.org/publicdomain/zero/1.0/ GBIF occurrence 3058945557.",gbif,yes,
marine-life-hair-net-black-coral,45065,Hair net black coral,https://inaturalist-open-data.s3.amazonaws.com/photos/344558112/original.jpg,marine-life-hair-net-black-coral,Antipathes lenta,corals,black-corals,Antipathidae,,,,,,,,,,,CC BY 4.0,"""Antipathes lenta"" by Robin White (CC BY 4.0). http://creativecommons.org/licenses/by/4.0/ GBIF occurrence 4606604633.",gbif,yes,
marine-life-gastropod-7724,7724,Antillean doris,,marine-life-gastropod-7724,Aphelodoris antillensis,invertebrates,nudibranchs,Dorididae,"Translucent dorsum with dark brown speckles. Mantle fringed with white and yellow, with larger black spots.",,0.04,1,12,,,,,,© Mickey Charteris — permission required,"Caribbean Reef Life (Mickey Charteris, 4th ed.)",caribbean-reef-life,yes,
marine-life-mottled-seahare,8434,Mottled seahare,https://inaturalist-open-data.s3.amazonaws.com/photos/654925980/original.jpg,marine-life-mottled-seahare,Aplysia brasiliana,invertebrates,nudibranchs,Aplysiidae,Translucent yellowish-brown or green to black. Irregular brown mottling and white patches. An active swimmer.,,0.25,,,,,,,,CC0 1.0,"""Aplysia brasiliana"" by Rebecca Fanning (CC0 1.0). http://creativecommons.org/publicdomain/zero/1.0/ GBIF occurrence 6274136384.",gbif,yes,
marine-life-black-spotted-seahare,8435,spotted seahare,https://inaturalist-open-data.s3.amazonaws.com/photos/619306514/original.jpg,marine-life-black-spotted-seahare,Aplysia dactylomela,invertebrates,nudibranchs,Aplysiidae,Tan to greenish-brown body. Numerous dark circles and pale spots. Parapodial wings usually closed over back.,,0.2,0,20,,,,,,CC0 1.0,"""Aplysia dactylomela"" by Mike Concannon (CC0 1.0). http://creativecommons.org/publicdomain/zero/1.0/ GBIF occurrence 6170840440.",gbif,yes,
marine-life-hessams-seahare,crl-781088,Hessam’s seahare,https://inaturalist-open-data.s3.amazonaws.com/photos/580556509/original.jpg,marine-life-hessams-seahare,Aplysia ghanimi,invertebrates,nudibranchs,,Elongate brownish-red body with white speckles. Dark edges on parapodia and rhinophore and tentacle tips.,,0.025,,,,,,,,CC0 1.0,"""Aplysia ghanimi"" by Lucas Rodrigues (CC0 1.0). http://creativecommons.org/publicdomain/zero/1.0/ GBIF occurrence 6130745230.",gbif,yes,
marine-life-juliana-s-seahare,8438,Walking seahare,https://inaturalist-open-data.s3.amazonaws.com/photos/608566638/original.jpg,marine-life-juliana-s-seahare,Aplysia juliana,invertebrates,nudibranchs,Aplysiidae,"Color varies, often brown with pale spots. While moving, a sucker on rear foot anchors it while the body stretches.",,0.15,0,60,,,,,,CC BY 4.0,"""Aplysia juliana"" by Kelvin Perrie (CC BY 4.0). http://creativecommons.org/licenses/by/4.0/ GBIF occurrence 6131107901.",gbif,yes,
marine-life-sooty-seahare,8432,atlantic black seahare,https://inaturalist-open-data.s3.amazonaws.com/photos/539713094/original.jpg,marine-life-sooty-seahare,Aplysia morio,invertebrates,nudibranchs,Aplysiidae,Dark purple to black body with some faint mottling. Can sometimes spread its parapodial wings to swim away.,,0.4,0,42,,,,,,CC0 1.0,"""Aplysia morio"" by David LeBauer (CC0 1.0). http://creativecommons.org/publicdomain/zero/1.0/ GBIF occurrence 6479260685.",gbif,yes,
marine-life-little-sea-hare,8437,white-spotted seahare,https://inaturalist-open-data.s3.amazonaws.com/photos/623870552/original.jpg,marine-life-little-sea-hare,Aplysia parvula,invertebrates,nudibranchs,Aplysiidae,Robust cream to brown body with white blotches. Dark lines along parapodia and rhinophore and tentacle tips.,,0.035,0,50,,,,,,CC BY 4.0,"""Aplysia parvula"" by Dan Schofield (CC BY 4.0). http://creativecommons.org/licenses/by/4.0/ GBIF occurrence 6179338902.",gbif,yes,
marine-life-stove-pipe-sponge,131205,Stove-pipe sponge,https://inaturalist-open-data.s3.amazonaws.com/photos/470237787/original.jpg,marine-life-stove-pipe-sponge,Aplysina archeri,sponges,vase-sponges,Aplysinidae,Found in mangroves (Ref. 86836).,,,25,35,,,,,,CC0 1.0,"""Aplysina archeri"" by Jean-Paul Boerekamps (CC0 1.0). http://creativecommons.org/publicdomain/zero/1.0/ GBIF occurrence 5069986272.",gbif,yes,
marine-life-row-pore-rope-sponge,51076,Row pore rope sponge,https://inaturalist-open-data.s3.amazonaws.com/photos/468801396/original.jpg,marine-life-row-pore-rope-sponge,Aplysina cauliformis,sponges,encrusting-sponges,Aplysinidae,"Common on reefs, 2 to 20 m deep (Ref. 415).",,0.6,2,20,,,,,,CC0 1.0,"""Aplysina cauliformis"" by Jean-Paul Boerekamps (CC0 1.0). http://creativecommons.org/publicdomain/zero/1.0/ GBIF occurrence 5063906118.",gbif,yes,
marine-life-sulphur-sponge,51075,Sulphur sponge,https://inaturalist-open-data.s3.amazonaws.com/photos/627386173/original.jpg,marine-life-sulphur-sponge,Aplysina fistularis,sponges,vase-sponges,Aplysinidae,Maximum depth based on Ref. 108813. Found in mangroves (Ref. 86836) and reef slope (Ref. 87198).,,0.2,0,60,,,,,,CC0 1.0,"""Aplysina fistularis"" by Bonnie Isaac (CC0 1.0). http://creativecommons.org/publicdomain/zero/1.0/ GBIF occurrence 6185723175.",gbif,yes,
marine-life-scattered-pore-rope-sponge,84447,Scattered pore rope sponge,https://inaturalist-open-data.s3.amazonaws.com/photos/602777176/original.jpg,marine-life-scattered-pore-rope-sponge,Aplysina fulva,sponges,encrusting-sponges,Aplysinidae,"Maximum depth from Ref. 108813. Open reefs, 2 to 15 m deep (Ref. 415). Found in mangroves (Ref. 86836). In Belize, it was found in a submarine cave near Columbus Cay (Ref. 87209).",,0.6,2,25,,,,,,CC0 1.0,"""Aplysina fulva"" by Karen McCabe (CC0 1.0). http://creativecommons.org/publicdomain/zero/1.0/ GBIF occurrence 6188165457.",gbif,yes,
marine-life-yellow-finger-tube-sponge,131212,Yellow finger tube sponge,https://inaturalist-open-data.s3.amazonaws.com/photos/468789677/original.jpg,marine-life-yellow-finger-tube-sponge,Aplysina insularis,sponges,vase-sponges,Aplysinidae,"Minimum depth from Ref. 108813. Occurs in shallow hard grounds, coral reefs (Ref. 85482), and in mangroves (Ref. 86836).",,,1,8,,,,,,CC0 1.0,"""Aplysina insularis"" by Jean-Paul Boerekamps (CC0 1.0). http://creativecommons.org/publicdomain/zero/1.0/ GBIF occurrence 5064007862.",gbif,yes,
marine-life-convoluted-barrel-sponge,51074,Convoluted barrel sponge,https://inaturalist-open-data.s3.amazonaws.com/photos/468803035/original.jpg,marine-life-convoluted-barrel-sponge,Aplysina lacunosa,sponges,tube-sponges,Aplysinidae,Maximum depth from Ref. 108813. Deeper parts of reefs; greater than 5 m deep (Ref. 415).,,1,5,50,,,,,,CC0 1.0,"""Aplysina lacunosa"" by Jean-Paul Boerekamps (CC0 1.0). http://creativecommons.org/publicdomain/zero/1.0/ GBIF occurrence 5063979060.",gbif,yes,
marine-life-bridle-cardinalfish,3521,bridle cardinalfish,,marine-life-bridle-cardinalfish,Apogon aurolineatus,fishes,cardinalfishes,Apogonidae,Red to salmon body with no distinctive markings. Usually a dark line radiating from eye. Found near anemones.,,0.07,1,75,Body shape: fusiform / normal,,,,,© Mickey Charteris — permission required,"Caribbean Reef Life (Mickey Charteris, 4th ed.)",caribbean-reef-life,yes,
marine-life-barred-cardinalfish,3522,barred Cardinalfish,https://inaturalist-open-data.s3.amazonaws.com/photos/594242455/original.jpg,marine-life-barred-cardinalfish,Apogon binotatus,fishes,cardinalfishes,Apogonidae,Pale bronze body. Dark bar from behind second dorsal fin down to anal fin. A second dark bar at tail base.,,0.15,1,60,Body shape: fusiform / normal,,,,,CC0 1.0,"""Apogon binotatus"" by Justin Philbois (CC0 1.0). http://creativecommons.org/publicdomain/zero/1.0/ GBIF occurrence 5904040325.",gbif,yes,
marine-life-whitestar-cardinalfish,3524,whitestar cardinalfish,https://inaturalist-open-data.s3.amazonaws.com/photos/129011430/original.jpg,marine-life-whitestar-cardinalfish,Apogon lachneri,fishes,cardinalfishes,Apogonidae,"Two small spots behind second dorsal fin, first black then smaller white. Darker tips on second dorsal and anal fins.",,0.07,5,70,Body shape: fusiform / normal,,,,,CC0 1.0,"""Apogon lachneri"" by Jean-Paul Boerekamps (CC0 1.0). http://creativecommons.org/publicdomain/zero/1.0/ GBIF occurrence 3117861785.",gbif,yes,
marine-life-flamefish,3526,flamefish,https://inaturalist-open-data.s3.amazonaws.com/photos/668521792/original.jpg,marine-life-flamefish,Apogon maculatus,fishes,cardinalfishes,Apogonidae,Dark spot under second dorsal fin. Stripe from snout to edge of gill cover. White lines on top and bottom of eye.,,0.11,0,128,Body shape: fusiform / normal,,,,,CC0 1.0,"""Apogon maculatus"" by Daniel Estabrooks (CC0 1.0). http://creativecommons.org/publicdomain/zero/1.0/ GBIF occurrence 6352263319.",gbif,yes,
marine-life-mimic-cardinalfish,3527,mimic cardinalfish,https://inaturalist-open-data.s3.amazonaws.com/photos/275724747/original.jpg,marine-life-mimic-cardinalfish,Apogon phenax,fishes,cardinalfishes,Apogonidae,Bar behind dorsal fin narrows to point above abdomen (compare: A. robinsi). Often a darker bar at tail base.,,0.08,3,50,Body shape: short and / or deep,,,,,CC BY 4.0,"""Apogon phenax"" by Robin White (CC BY 4.0). http://creativecommons.org/licenses/by/4.0/ GBIF occurrence 4606560196.",gbif,yes,
marine-life-broadsaddle-cardinalfish,3528,Broadsaddle Cardinalfish,,marine-life-broadsaddle-cardinalfish,Apogon pillionatus,fishes,cardinalfishes,Apogonidae,"Narrow dark bar behind second dorsal fin and wide bar towards tail base, each with a narrow white bar behind it.",,0.07,15,90,Body shape: Elongated,,,,,© Mickey Charteris — permission required,"Caribbean Reef Life (Mickey Charteris, 4th ed.)",caribbean-reef-life,yes,
marine-life-pale-cardinalfish,3529,pale Cardinalfish,https://inaturalist-open-data.s3.amazonaws.com/photos/581733190/original.jpg,marine-life-pale-cardinalfish,Apogon planifrons,fishes,cardinalfishes,Apogonidae,Pale pink head and body with pearly highlights. Thin dark bar behind second dorsal fin and a wider bar at tail base.,,0.11,3,30,Body shape: fusiform / normal,,,,,CC BY 4.0,"""Apogon planifrons"" by Jan Ebr & Ivana Ebrová (CC BY 4.0). http://creativecommons.org/licenses/by/4.0/ GBIF occurrence 5889633311.",gbif,yes,
marine-life-twospot-cardinalfish,3530,twospot cardinalfish,https://inaturalist-open-data.s3.amazonaws.com/photos/485163523/original.jpg,marine-life-twospot-cardinalfish,Apogon pseudomaculatus,fishes,cardinalfishes,Apogonidae,"Dark spots under second dorsal fin, at base of tail and on edge of gill cover. White lines on top and bottom of eye.",,0.11,1,100,Body shape: fusiform / normal,,,,,CC BY 4.0,"""Apogon pseudomaculatus"" by Pauline Walsh Jacobson (CC BY 4.0). http://creativecommons.org/licenses/by/4.0/ GBIF occurrence 5133186568.",gbif,yes,
marine-life-sawcheek-cardinalfish,3531,sawcheek Cardinalfish,https://inaturalist-open-data.s3.amazonaws.com/photos/379394317/original.jpg,marine-life-sawcheek-cardinalfish,Apogon quadrisquamatus,fishes,cardinalfishes,Apogonidae,Reddish-bronze to salmon body with darker speckles. Elongated oval spot at tail base. Fins often pale yellow.,,0.08,1,75,Body shape: fusiform / normal,,,,,CC BY 4.0,"""Apogon quadrisquamatus"" by Pauline Walsh Jacobson (CC BY 4.0). http://creativecommons.org/licenses/by/4.0/ GBIF occurrence 4863676550.",gbif,yes,
marine-life-striped-cardinalfish,50361,striped Cardinalfish,,marine-life-striped-cardinalfish,Apogon robbyi,fishes,cardinalfishes,Apogonidae,"Translucent to reddish-bronze body with thin dark stripes. Dark spot at tail base, sometimes diffuse. Yellowish fins.",,0.05,1,30,Body shape: short and / or deep,,,,,© Mickey Charteris — permission required,"Caribbean Reef Life (Mickey Charteris, 4th ed.)",caribbean-reef-life,yes,
marine-life-roughlip-cardinalfish,16435,roughlip cardinalfish,,marine-life-roughlip-cardinalfish,Apogon robinsi,fishes,cardinalfishes,Apogonidae,Dark bar behind second dorsal fin continues to anal fin. Dark borders on dorsal and anal fins. Wide bar at tail base.,,0.1,,,Body shape: fusiform / normal,,,,,© Mickey Charteris — permission required,"Caribbean Reef Life (Mickey Charteris, 4th ed.)",caribbean-reef-life,yes,
marine-life-belted-cardinalfish,3532,belted Cardinalfish,https://inaturalist-open-data.s3.amazonaws.com/photos/594243420/original.jpg,marine-life-belted-cardinalfish,Apogon townsendi,fishes,cardinalfishes,Apogonidae,"Pink body with orange abdomen. Three dark bars: behind second dorsal fin, near tail and at tail base.",,0.09,3,55,Body shape: fusiform / normal,,,,,CC0 1.0,"""Apogon townsendi"" by Justin Philbois (CC0 1.0). http://creativecommons.org/publicdomain/zero/1.0/ GBIF occurrence 5903966413.",gbif,yes,
marine-life-black-snapper,85,black snapper,,marine-life-black-snapper,Apsilus dentatus,fishes,snappers,Lutjanidae,"Solid dark blue body and fins. High, curving lateral line. Found on deeper reefs and headlands with current.",,0.65,40,300,Body shape: fusiform / normal,,,,,© Mickey Charteris — permission required,"Caribbean Reef Life (Mickey Charteris, 4th ed.)",caribbean-reef-life,yes,
marine-life-sheepshead,441,Sheepshead,https://inaturalist-open-data.s3.amazonaws.com/photos/605075354/original.jpg,marine-life-sheepshead,Archosargus probatocephalus,fishes,porgies,Sparidae,Silvery-gray body with five to seven distinct dark bars. Found on rocky shores in coastal areas (not islands).,,0.9,15,,Body shape: short and / or deep,,,,,CC0 1.0,"""Archosargus probatocephalus"" by Niyan Shehan (CC0 1.0). http://creativecommons.org/publicdomain/zero/1.0/ GBIF occurrence 6131132466.",gbif,yes,
marine-life-western-atlantic-seabream,1219,Sea Bream,https://inaturalist-open-data.s3.amazonaws.com/photos/701224392/original.jpg,marine-life-western-atlantic-seabream,Archosargus rhomboidalis,fishes,porgies,Sparidae,Rounded bluish-silver body with yellow stripes. Dark spot below lateral line (compare: spot on L. rhomboides).,,0.33,1,40,Body shape: short and / or deep,,,,,CC0 1.0,"""Archosargus rhomboidalis"" by Gabriel Cardoso Fialho (CC0 1.0). http://creativecommons.org/publicdomain/zero/1.0/ GBIF occurrence 6452465446.",gbif,yes,
marine-life-southern-lugworm,38949,southern lugworm,https://inaturalist-open-data.s3.amazonaws.com/photos/553811289/original.jpg,marine-life-southern-lugworm,Arenicola cristata,invertebrates,worms,Arenicolidae,Only seen by the waste that this worm blows up onto the sand. A small pit nearby is the burrow’s entrance.,,0.15,0,2,,,,,,CC0 1.0,"""Arenicola cristata"" by Ryan (CC0 1.0). http://creativecommons.org/publicdomain/zero/1.0/ GBIF occurrence 5830934794.",gbif,yes,
marine-life-bandtooth-conger,1744,bandtooth conger,https://inaturalist-open-data.s3.amazonaws.com/photos/608250001/original.jpg,marine-life-bandtooth-conger,Ariosoma balearicum,fishes,eels,Congridae,Brown body with a silvery sheen near abdomen. Bright orange crescent above iris. Small reddish pectoral fins.,,0.34,1,732,Body shape: eel-like,,,,,CC BY 4.0,"""Ariosoma balearicum"" by Nicola Faulks (CC BY 4.0). http://creativecommons.org/licenses/by/4.0/ GBIF occurrence 6130975142.",gbif,yes,
marine-life-yellow-green-sea-squirt,53866,green tube tunicate,,marine-life-yellow-green-sea-squirt,Ascidia sydneiensis,invertebrates,tunicates,Ascidiidae,Single greenish-yellow tube extending from the reef. Large incurrent siphon on a bulbous translucent tip.,,0.13,1,112,,,,,,© Mickey Charteris — permission required,"Caribbean Reef Life (Mickey Charteris, 4th ed.)",caribbean-reef-life,yes,
marine-life-asparagus-alga,116367,Asparagus alga,https://minka-sdg.org/attachments/local_photos/files/905993/original.jpeg,marine-life-asparagus-alga,Asparagopsis taxiformis,plants,red-algae,Bonnemaisoniaceae,Rigid pink to grayish stalks with densely packed short pointed branchlets. Gametophyte stage shown above.,,0.2,0,22,,,,,,CC BY 4.0,"""Asparagopsis taxiformis"" by karl_cajtak (CC BY 4.0). http://creativecommons.org/licenses/by/4.0/ GBIF occurrence 6131734791.",gbif,,
marine-life-blunt-armed-sea-star,crl-849490,blunt-armed sea star,,marine-life-blunt-armed-sea-star,Asterinides folium,invertebrates,sea-stars,,"Five short triangular arms with blunt tips. Color varies from white to yellow, red or blue. Found among rubble.",,0.025,,,,,,,,© Mickey Charteris — permission required,"Caribbean Reef Life (Mickey Charteris, 4th ed.)",caribbean-reef-life,yes,
marine-life-rubbery-leaf-alga,109191,rubbery leaf alga,https://oxalis.br.fgov.be/images/V/BR5/010/104/091/236/BR5010104091236V.jpg,marine-life-rubbery-leaf-alga,Asteromenia peltata,plants,red-algae,Rhodymeniaceae,Low clusters of fleshy red to iridescent pink leaves. Blade margins are often branched and overlapping.,,0.09,,,,,,,,CC BY 4.0,"""Asteromenia peltata (W.R.Taylor) Huisman & A.J.K.Millar"" by Meise Botanic Garden (CC BY 4.0). http://creativecommons.org/licenses/by/4.0/ GBIF occurrence 2595662463.",gbif,yes,
marine-life-furry-sea-cucumber,49467,furry sea cucumber,https://inaturalist-open-data.s3.amazonaws.com/photos/612059596/original.jpg,marine-life-furry-sea-cucumber,Astichopus multifidus,invertebrates,sea-cucumbers,Stichopodidae,"Fleshy white to light brown body, often with blotches. Short podia on the back and in a skirt around the sole.",,0.4,1,37,,,,,,CC BY 4.0,"""Astichopus multifidus"" by Matteo Bellucci (CC BY 4.0). http://creativecommons.org/licenses/by/4.0/ GBIF occurrence 6133096022.",gbif,yes,
marine-life-blackfin-cardinalfish,3534,blackfin Cardinalfish,https://inaturalist-open-data.s3.amazonaws.com/photos/182176325/original.jpg,marine-life-blackfin-cardinalfish,Astrapogon puncticulatus,fishes,cardinalfishes,Apogonidae,"Bronze body and dark speckles on fins. Enlarged pelvic fins, often yellowish and with a darker leading edge.",,0.1,0,8,Body shape: fusiform / normal,,,,,CC0 1.0,"""Astrapogon puncticulatus"" by Jean-Paul Boerekamps (CC0 1.0). http://creativecommons.org/publicdomain/zero/1.0/ GBIF occurrence 3712402048.",gbif,yes,
marine-life-conchfish,3535,conchfish,https://collections.nmnh.si.edu/media/?i=10975367&h=1972,marine-life-conchfish,Astrapogon stellatus,fishes,cardinalfishes,Apogonidae,Black to bronze with black speckles. Row of black dots down mid-side. Dark lines behind eye. Black pelvic fins.,,0.08,1,40,Body shape: fusiform / normal,,,,,CC0 1.0,"""Astrapogon stellatus RAD105408-001"" by Division of Fishes, Hubbs, D. (CC0 1.0). http://creativecommons.org/publicdomain/zero/1.0/ GBIF occurrence 1321733720.",gbif,yes,
marine-life-two-spined-sea-star,49266,Two-spined Sea star,https://inaturalist-open-data.s3.amazonaws.com/photos/260115301/original.jpeg,marine-life-two-spined-sea-star,Astropecten duplicatus,invertebrates,sea-stars,Astropectinidae,"Five elongated arms bordered with a series of knobby plates, each with two sharp white spines. Color variable.",,0.2,0,550,,,,,,CC0 1.0,"""Astropecten duplicatus"" by Carter Dorscht (CC0 1.0). http://creativecommons.org/publicdomain/zero/1.0/ GBIF occurrence 5831016785.",gbif,yes,
marine-life-giant-basket-star,49584,giant basket star,https://inaturalist-open-data.s3.amazonaws.com/photos/594242892/original.jpg,marine-life-giant-basket-star,Astrophyton muricatum,invertebrates,crinoids,Gorgonocephalidae,Long arms branch repeatedly from a tangled mass near the central disc. Light brown to reddish. Nocturnal.,,0.45,2,500,,,,,,CC0 1.0,"""Astrophyton muricatum"" by Justin Philbois (CC0 1.0). http://creativecommons.org/publicdomain/zero/1.0/ GBIF occurrence 5903783070.",gbif,yes,
marine-life-magnificent-urchin,174169,magnificent urchin,https://inaturalist-open-data.s3.amazonaws.com/photos/246385171/original.jpg,marine-life-magnificent-urchin,Astropyga magnifica,invertebrates,sea-urchins,Diadematidae,Dark purple body with radiating red lines. Long spines are clustered in radial bands down the body segments.,,0.15,5,89,,,,,,CC BY 4.0,"""Astropyga magnifica"" by Pauline Walsh Jacobson (CC BY 4.0). http://creativecommons.org/licenses/by/4.0/ GBIF occurrence 3988611143.",gbif,yes,
marine-life-southern-stargazer,3704,southern Stargazer,https://inaturalist-open-data.s3.amazonaws.com/photos/256983451/original.jpg,marine-life-southern-stargazer,Astroscopus ygraecum,fishes,toadfishes,Uranoscopidae,Gray body with white spots on head (may form radiating lines). Black stripes on tail (not continuing onto body).,,0.44,2,100,Body shape: elongated,,,,,CC0 1.0,"""Astroscopus ygraecum"" by Evelyn Lazzaretti 🏳️‍⚧️ (CC0 1.0). http://creativecommons.org/publicdomain/zero/1.0/ GBIF occurrence 4519075601.",gbif,yes,
marine-life-browns-doris,151323,Brown’s Doris,,marine-life-browns-doris,Atagema browni,invertebrates,nudibranchs,Discodorididae,Pale gray dorsum with black blotches. Elevated rows of white tubercles. Gills and rhinophores match body color.,,0.025,,,,,,,,© Mickey Charteris — permission required,"Caribbean Reef Life (Mickey Charteris, 4th ed.)",caribbean-reef-life,yes,
marine-life-stiff-pen-shell,47702,stiff penshell,https://inaturalist-open-data.s3.amazonaws.com/photos/503549497/original.jpeg,marine-life-stiff-pen-shell,Atrina rigida,invertebrates,clams,Pinnidae,"Dark to light brown valves with numerous raised ridges. Sharply pointed end is hidden in reef, sand or sponges.",,0.27,0,27,,,,,,CC0 1.0,"""Atrina rigida"" by Daniel Estabrooks (CC0 1.0). http://creativecommons.org/publicdomain/zero/1.0/ GBIF occurrence 5177234747.",gbif,yes,
marine-life-trumpetfish,964,trumpetfish,https://inaturalist-open-data.s3.amazonaws.com/photos/620957720/original.jpg,marine-life-trumpetfish,Aulostomus maculatus,fishes,trumpetfish,Aulostomidae,Elongated body with pale stripes and scattered spots. Eyes set far back from elongated snout. Color is highly variable.,,1,2,25,Body shape: elongated,,,,,CC0 1.0,"""Aulostomus maculatus"" by Tommy (CC0 1.0). http://creativecommons.org/publicdomain/zero/1.0/ GBIF occurrence 6178773222.",gbif,yes,
marine-life-longhorn-nudibranch,8634,longhorn nudibranch,https://inaturalist-open-data.s3.amazonaws.com/photos/610701893/original.jpg,marine-life-longhorn-nudibranch,Austraeolis catina,invertebrates,nudibranchs,Facelinidae,Elongated orange body. Two distinctive white spots on head. White tips on rhinophores and long oral tentacles.,,0.025,15,18,,,,,,CC BY 4.0,"""Austraeolis catina"" by Dan Schofield (CC BY 4.0). http://creativecommons.org/licenses/by/4.0/ GBIF occurrence 6131363207.",gbif,yes,
marine-life-black-mangrove,140874,Black mangrove,https://inaturalist-open-data.s3.amazonaws.com/photos/605119596/original.jpg,marine-life-black-mangrove,Avicennia germinans,plants,mangroves,Acanthaceae,"Intertidal, on muddy bottoms (Ref. 83910).",,,,,,,,,,CC0 1.0,"""Avicennia germinans"" by Niyan Shehan (CC0 1.0). http://creativecommons.org/publicdomain/zero/1.0/ GBIF occurrence 5938206592.",gbif,yes,
marine-life-saucer-blade-alga,120739,saucer blade alga,,,Avrainvillea asarifolia,plants,green-algae,Udoteaceae,Broad fan-shaped dark green blades with a spongy tex-ture. Lower edge turns upward to attach to the stalk.,,0.15,,,,,,,,,,,,
marine-life-paddle-blade-alga,114774,paddle blade alga,,marine-life-paddle-blade-alga,Avrainvillea longicaulis,plants,green-algae,Udoteaceae,Spongy paddle-shaped dark green blade with a distinctively thickened stalk. Prefers clear shallow water.,,0.1,0,30,,,,,,© Mickey Charteris — permission required,"Caribbean Reef Life (Mickey Charteris, 4th ed.)",caribbean-reef-life,yes,
marine-life-gaudy-aeolid,140549,Gaudy Aeolid,https://inaturalist-open-data.s3.amazonaws.com/photos/467836860/original.jpeg,marine-life-gaudy-aeolid,Babakina anadoni,invertebrates,nudibranchs,Babakinidae,"Pinkish-gray body. White, blue, yellow and red on cerata. White patch on front of head. Rhinophores fused at base.",,0.01,,,,,,,,CC BY 4.0,"""Babakina anadoni"" by D. Rafael S. Fernandes (CC BY 4.0). http://creativecommons.org/licenses/by/4.0/ GBIF occurrence 5063805407.",gbif,yes,
marine-life-grey-triggerfish,7327,gray triggerfish (juvenile),https://inaturalist-open-data.s3.amazonaws.com/photos/605370822/original.jpg,marine-life-grey-triggerfish,Balistes capriscus,fishes,triggerfishes,Balistidae,"Dark gray body with bright blue spots and lines. Rarely on reefs, often found taking shelter under floating debris.",,0.66,0,100,Body shape: short and / or deep,,,,,CC0 1.0,"""Balistes capriscus"" by Ben Holt (CC0 1.0). http://creativecommons.org/publicdomain/zero/1.0/ GBIF occurrence 5938442909.",gbif,yes,
marine-life-queen-triggerfish-juvenile,19,queen triggerfish (juvenile),https://inaturalist-open-data.s3.amazonaws.com/photos/623599186/original.jpg,marine-life-queen-triggerfish-juvenile,Balistes vetula,fishes,triggerfishes,Balistidae,Yellowish-gray body with thin dark diagonal stripes and small spots. Usually found close to shelter on the reef.,,0.6,2,275,Body shape: short and / or deep,,,,,CC0 1.0,"""Balistes vetula"" by Justin Philbois (CC0 1.0). http://creativecommons.org/publicdomain/zero/1.0/ GBIF occurrence 6178343279.",gbif,yes,
marine-life-hoary-rubble-crab,26830,hoary rubble crab,,marine-life-hoary-rubble-crab,Banareia palmeri,invertebrates,crabs,Xanthidae,"Pale yellow carapace, legs and claws covered in round orange nodules. Fine yellow bristles on legs and claws.",,0.025,,145,,,,,,© Mickey Charteris — permission required,"Caribbean Reef Life (Mickey Charteris, 4th ed.)",caribbean-reef-life,yes,
marine-life-corkscrew-anemone,41894,Corkscrew anemone,https://inaturalist-open-data.s3.amazonaws.com/photos/665104417/original.jpg,marine-life-corkscrew-anemone,Bartholomea annulata,invertebrates,anemones,Aiptasiidae,Numerous transparent tentacles have a spiraling white pattern. Oral disc usually hidden. Found in sandy areas.,,0.2,,,,,,,,CC0 1.0,"""Bartholomea annulata"" by Daniel Estabrooks (CC0 1.0). http://creativecommons.org/publicdomain/zero/1.0/ GBIF occurrence 6334367878.",gbif,yes,
marine-life-sooty-eel,2637,sooty eel,https://inaturalist-open-data.s3.amazonaws.com/photos/613206586/original.jpg,marine-life-sooty-eel,Bascanichthys bascanium,fishes,eels,Ophichthidae,Dark head with bulbous snout that extends out in front of the mouth. Golden iris. Found buried in shallow sand.,,0.8,0,27,Body shape: eel-like,,,,,CC BY 4.0,"""Bascanichthys bascanium"" by Sara Lovotti (CC BY 4.0). http://creativecommons.org/licenses/by/4.0/ GBIF occurrence 6147467259.",gbif,yes,
marine-life-antilles-frillfin-goby,65821,Antilles Frillfin goby,https://inaturalist-open-data.s3.amazonaws.com/photos/696599459/original.jpg,marine-life-antilles-frillfin-goby,Bathygobius antilliensis,fishes,gobies,Gobiidae,Mottled brown with three dark saddles. Row of three blotches on lower flank. Dash-like spots along body.,,0.075,,,Body shape: elongated,,,,,CC BY 4.0,"""Bathygobius antilliensis"" by Kai Murphy (CC BY 4.0). http://creativecommons.org/licenses/by/4.0/ GBIF occurrence 6441460649.",gbif,yes,
marine-life-checkerboard-frillfin-goby,67263,Checkerboard Frillfin goby,https://inaturalist-open-data.s3.amazonaws.com/photos/619920207/original.jpg,marine-life-checkerboard-frillfin-goby,Bathygobius lacertus,fishes,gobies,Gobiidae,Mottled brown with three dark saddles. Two rows of dark blotches form a checkerboard pattern on lower flank.,,0.09,,,Body shape: elongated,,,,,CC BY 4.0,"""Bathygobius lacertus"" by Kai Murphy (CC BY 4.0). http://creativecommons.org/licenses/by/4.0/ GBIF occurrence 6170917809.",gbif,yes,
marine-life-island-frillfin-goby,3836,Island Frillfin goby,https://inaturalist-open-data.s3.amazonaws.com/photos/482529374/original.jpg,marine-life-island-frillfin-goby,Bathygobius mystacium,fishes,gobies,Gobiidae,Mottled brown with three dark saddles. One row of dark blotches on lower flank. Dark blotch on lower tail base.,,0.07,,,Body shape: elongated,,,,,CC BY 4.0,"""Bathygobius mystacium"" by James-LaFontaine (CC BY 4.0). http://creativecommons.org/licenses/by/4.0/ GBIF occurrence 5134009502.",gbif,yes,
marine-life-berghia-creutzbergi,150434,Creutzberg’s Berghia,https://inaturalist-open-data.s3.amazonaws.com/photos/380554528/original.jpeg,marine-life-berghia-creutzbergi,Berghia creutzbergi,invertebrates,nudibranchs,Aeolidiidae,Brown dorsum with white spots. Banded pointy cerata. Rhinophores with knobby tubercles. Short oral tentacles.,,0.03,0,7,,,,,,CC BY 4.0,"""Berghia creutzbergi"" by Ben Jobson (CC BY 4.0). http://creativecommons.org/licenses/by/4.0/ GBIF occurrence 4863730181.",gbif,yes,
marine-life-brown-sponge-zoanthid,crl-488809,brown sponge zoanthid,https://inaturalist-open-data.s3.amazonaws.com/photos/248071441/original.jpg,marine-life-brown-sponge-zoanthid,Bergia catenularis,invertebrates,zoanthids,,Pale brown tentacles around a darker brown oral disc. The body is white. Found on deeper sponge species.,,,,,,,,,,CC BY 4.0,"""Bergia catenularis"" by Jay Brasher (CC BY 4.0). http://creativecommons.org/licenses/by/4.0/ GBIF occurrence 4006503951.",gbif,yes,
marine-life-yellow-sponge-zoanthid,173382,yellow sponge zoanthid,,marine-life-yellow-sponge-zoanthid,Bergia cutressi,invertebrates,zoanthids,Parazoanthidae,Bright yellow tentacles around a darker yellow oral disc. The body is yellow. Found on deeper sponge species.,,,26,,,,,,,© Mickey Charteris — permission required,"Caribbean Reef Life (Mickey Charteris, 4th ed.)",caribbean-reef-life,yes,
marine-life-maroon-sponge-zoanthid,crl-315567,Maroon sponge zoanthid,https://inaturalist-open-data.s3.amazonaws.com/photos/617451560/original.jpg,marine-life-maroon-sponge-zoanthid,Bergia puertoricense,invertebrates,zoanthids,,Tentacles and body are deep purple to maroon. Often found encrusting on Dark Volcano Sponges (p. 51).,,,,,,,,,,CC BY 4.0,"""Bergia puertoricense"" by Dan Schofield (CC BY 4.0). http://creativecommons.org/licenses/by/4.0/ GBIF occurrence 6162846235.",gbif,yes,
marine-life-nebula-sidegill-slug,crl-574745,Nebula Sidegill Slug,,marine-life-nebula-sidegill-slug,Berthella nebula,invertebrates,nudibranchs,,Translucent white dorsum with small white papillae and pale blotches. Rolled rhinophores and a wide oral veil.,,0.02,,,,,,,,© Mickey Charteris — permission required,"Caribbean Reef Life (Mickey Charteris, 4th ed.)",caribbean-reef-life,yes,
marine-life-berthellina-quadridens,8478,Apricot sidegill slug,,,Berthellina quadridens,invertebrates,nudibranchs,Pleurobranchidae,Smooth uniformly dark orange to reddish body. Broad flattened oral veil. Found in areas of sand and rubble.,,0.08,1,50,,,,,,,,,,
marine-life-social-feather-duster,139483,social feather duster,https://inaturalist-open-data.s3.amazonaws.com/photos/469376262/original.jpg,marine-life-social-feather-duster,Bispira brunnea,invertebrates,feather-dusters,Sabellidae,Circular crown of radioles. Brown with white bands or solid white. Found in clusters. Visible elongated tubes.,,0.03,,,,,,,,CC0 1.0,"""Bispira brunnea"" by Jean-Paul Boerekamps (CC0 1.0). http://creativecommons.org/publicdomain/zero/1.0/ GBIF occurrence 5064069754.",gbif,yes,
marine-life-bispira-melanostigma,39695,variegated feather duster,https://inaturalist-open-data.s3.amazonaws.com/photos/206025955/original.jpg,marine-life-bispira-melanostigma,Bispira melanostigma,invertebrates,feather-dusters,Sabellidae,"Circular crown of radioles, sometimes banded. Tiny eyespots usually visible. Tubes are sometimes hidden.",,0.03,24,88,,,,,,CC BY 4.0,"""Bispira melanostigma"" by Donald Davesne (CC BY 4.0). http://creativecommons.org/licenses/by/4.0/ GBIF occurrence 3859217656.",gbif,yes,
marine-life-spotfin-hogfish,1066,spotfin Hogfish (terminal),https://inaturalist-open-data.s3.amazonaws.com/photos/642673776/original.jpg,marine-life-spotfin-hogfish,Bodianus pulchellus,fishes,hogfishes,Labridae,Red body with diffuse white stripe from mouth onto side. Large yellow patch from end of dorsal fin onto upper tail.,,0.29,15,120,Body shape: fusiform / normal,,,,,CC0 1.0,"""Bodianus pulchellus"" by Paulo Mascaretti (CC0 1.0). http://creativecommons.org/publicdomain/zero/1.0/ GBIF occurrence 6234707528.",gbif,yes,
marine-life-spanish-hogfish,1067,Spanish Hogfish (juvenile),https://inaturalist-open-data.s3.amazonaws.com/photos/620957712/original.jpg,marine-life-spanish-hogfish,Bodianus rufus,fishes,hogfishes,Labridae,"Blue or purple upper body. Yellow abdomen, fins and tail. Acts as a cleaner species, removing larger parasites.",,0.4,1,70,Body shape: fusiform / normal,,,,,CC0 1.0,"""Bodianus rufus"" by Tommy (CC0 1.0). http://creativecommons.org/publicdomain/zero/1.0/ GBIF occurrence 6178432788.",gbif,yes,
marine-life-bolinopsis-comb-jelly,60732,bolinopsis comb jelly,https://inaturalist-open-data.s3.amazonaws.com/photos/628142485/original.jpg,marine-life-bolinopsis-comb-jelly,Bolinopsis vitrea,invertebrates,jellies,Bolinopsidae,Transparent body with four wing-like flaps. Internal organs visible at night. Distinct lobes gather in towards the mouth.,,0.1,,,,,,,,CC BY 4.0,"""Bolinopsis vitrea"" by Matteo Bellucci (CC BY 4.0). http://creativecommons.org/licenses/by/4.0/ GBIF occurrence 6186033539.",gbif,yes,
marine-life-orange-dragon-slug,8360,tasseled nudibranch,https://inaturalist-open-data.s3.amazonaws.com/photos/614776995/original.jpg,marine-life-orange-dragon-slug,Bornella calcarata,invertebrates,nudibranchs,Bornellidae,Orange to reddish body with small white tubercles and lines. Stocky rhinophores. Feeds on hydroids (p. 136).,,0.07,4,103,,,,,,CC0 1.0,"""Bornella calcarata"" by Lucas Rodrigues (CC0 1.0). http://creativecommons.org/publicdomain/zero/1.0/ GBIF occurrence 6159349418.",gbif,yes,
marine-life-nudibranch,8420,Mimic Bosellia (Variation),https://images.marinespecies.org/151476_bosellia-mimetica.jpg,marine-life-nudibranch,Bosellia mimetica,invertebrates,sea-slugs,Plakobranchidae,Sometimes dark with scattered white spots concentrated around rhinophores. Green color varies as they feed.,,0.015,2,2,,,,,,CC BY NC SA 4.0,"Photo via WoRMS Photogallery — Mimic Bosellia (Variation) (Bosellia mimetica); author S. Maria di Leuca (Lecce, Italy), 10m depth, Jonious Sea; AphiaID 138851, pic 151476",worms,yes,
marine-life-plate-fish,978,peacock flounder,https://inaturalist-open-data.s3.amazonaws.com/photos/617072016/original.jpg,marine-life-plate-fish,Bothus lunatus,fishes,flounders,Bothidae,Blue rosettes on body and blue spots on head and fins. Dark bars on pectoral fin in larger fish. Notched forehead.,,0.45,0,100,Body shape: short and / or deep,,,,,CC BY 4.0,"""Bothus lunatus"" by datadan (CC BY 4.0). http://creativecommons.org/licenses/by/4.0/ GBIF occurrence 6163095054.",gbif,yes,
marine-life-maculated-flounder,7529,maculated flounder,https://inaturalist-open-data.s3.amazonaws.com/photos/581510457/original.jpg,marine-life-maculated-flounder,Bothus maculiferus,fishes,flounders,Bothidae,Blue to gold rings and spots. Midbody blotch. Convex (not notched) forehead. Males have long pectoral spines.,,0.25,,,Body shape: short and / or deep,,,,,CC0 1.0,"""Bothus maculiferus"" by Justin Philbois (CC0 1.0). http://creativecommons.org/publicdomain/zero/1.0/ GBIF occurrence 5868365753.",gbif,yes,
marine-life-eyed-flounder,4207,eyed flounder,https://inaturalist-open-data.s3.amazonaws.com/photos/607013013/original.jpg,marine-life-eyed-flounder,Bothus ocellatus,fishes,flounders,Bothidae,Covered in brown to tan rosettes. Dark midbody blotch. Males with orange spots between widely spaced eyes.,,0.16,1,110,Body shape: short and / or deep,,,,,CC BY 4.0,"""Bothus ocellatus"" by Steven Wang (CC BY 4.0). http://creativecommons.org/licenses/by/4.0/ GBIF occurrence 6130055207.",gbif,yes,
marine-life-flat-tunicate,crl-852898,flat tunicate,https://inaturalist-open-data.s3.amazonaws.com/photos/594228519/original.jpg,marine-life-flat-tunicate,Botrylloides niger,invertebrates,tunicates,,"Long colonies of rust-colored or yellow to orange-red individuals, each sharing a larger excurrent siphon.",,,,,,,,,,CC0 1.0,"""Botrylloides niger"" by mikoikoi (CC0 1.0). http://creativecommons.org/publicdomain/zero/1.0/ GBIF occurrence 5903889449.",gbif,yes,
marine-life-spinous-red-grape-alga,120239,Spinous red Grape alga,,marine-life-spinous-red-grape-alga,Botryocladia spinulifera,plants,red-algae,Rhodymeniaceae,Rose-red tangle of bulbous leaves on long cylindrical stems. Mixed with other algae inside the reef crest.,,0.05,,,,,,,,© Mickey Charteris — permission required,"Caribbean Reef Life (Mickey Charteris, 4th ed.)",caribbean-reef-life,yes,
marine-life-twoclaw-shrimp,25602,two claw shrimp,https://inaturalist-open-data.s3.amazonaws.com/photos/610636268/original.jpg,marine-life-twoclaw-shrimp,Brachycarpus biunguiculatus,invertebrates,shrimps,Palaemonidae,"Translucent reddish-brown body. Banded claws on long claw arms. Nocturnal, often found inside tube sponges.",,0.07,0,105,,,,,,CC BY 4.0,"""Brachycarpus biunguiculatus"" by Ben Jobson (CC BY 4.0). http://creativecommons.org/licenses/by/4.0/ GBIF occurrence 6133440319.",gbif,yes,
marine-life-black-spotted-feather-duster,crl-989104,black-spotted feather duster,https://inaturalist-open-data.s3.amazonaws.com/photos/599021459/original.jpg,marine-life-black-spotted-feather-duster,Branchiomma nigromaculatum,invertebrates,feather-dusters,,Brown with white banding and dark spots. Radioles form a distinctive horseshoe shape. Tube is hidden in the reef.,,0.025,,,,,,,,CC0 1.0,"""Branchiomma nigromaculatum"" by Lucas Rodrigues (CC0 1.0). http://creativecommons.org/publicdomain/zero/1.0/ GBIF occurrence 5932293449.",gbif,yes,
marine-life-spiny-brittle-star,140709,spiny brittle star,,,Breviturma paucigranulata,invertebrates,brittle-stars,Ophiocomidae,Dark to light brown arms with numerous long thin spines. Wide pale central lines on arms extend onto the disc.,,0.15,1,24,,,,,,,,,,
marine-life-corky-seafinger,42931,Corky seafinger,https://inaturalist-open-data.s3.amazonaws.com/photos/481900411/original.jpg,marine-life-corky-seafinger,Briareum asbestinum,corals,octocorals,Briareidae,"Maximum depth from Ref. 109199. This species is found at depths of 0.5 to 12 m, in coral reefs and rocky bottoms (Ref. 83916). Intertidal up to a depth of 55 m (Ref. 91956). In Belize, it was found in a submarine cave near Columbus Cay at a depth of 10 m (Ref. 87209).",,,1,55,,,,,,CC0 1.0,"""Briareum asbestinum"" by Daniel Estabrooks (CC0 1.0). http://creativecommons.org/publicdomain/zero/1.0/ GBIF occurrence 5108486758.",gbif,yes,
marine-life-spotcheek-blenny,3734,Spotcheek blenny,,marine-life-spotcheek-blenny,Brockius nigricinctus,fishes,blennies,Labrisomidae,Black ocellus on gill cover. Dark bars extend onto dorsal fin. White stripe on snout. Males develop a bright red rear body.,,0.07,0,10,Body shape: elongated,,,,,© Mickey Charteris — permission required,"Caribbean Reef Life (Mickey Charteris, 4th ed.)",caribbean-reef-life,yes,
marine-life-fragile-feather-alga,117045,Fragile feather alga,https://inaturalist-open-data.s3.amazonaws.com/photos/55821950/original.jpg,marine-life-fragile-feather-alga,Bryopsis pennata,plants,green-algae,Bryopsidaceae,Small dense clusters of light green feather-shaped leaves with pointed tips. Thin pale green central stalk.,,0.05,,,,,,,,CC BY 4.0,"""Bryopsis pennata"" by Shaunak Modi (CC BY 4.0). http://creativecommons.org/licenses/by/4.0/ GBIF occurrence 2451748732.",gbif,yes,
marine-life-elongated-feather-alga,122829,elongated feather alga,https://inaturalist-open-data.s3.amazonaws.com/photos/671728646/original.jpg,marine-life-elongated-feather-alga,Bryopsis plumosa,plants,green-algae,Bryopsidaceae,"Tall cylindrical stalks of light green, tipped with darker green feather-like branchlets. Grows in dense clumps.",,0.25,0,68,,,,,,CC0 1.0,"""Bryopsis plumosa"" by Phil (CC0 1.0). http://creativecommons.org/publicdomain/zero/1.0/ GBIF occurrence 6399023679.",gbif,yes,
marine-life-purple-reef-fan,152108,purple reef fan,,marine-life-purple-reef-fan,Bugula minima,invertebrates,bryozoans,Bugulidae,"Purple fan of widely spaced stalks, rarely branching and without red tips. Shallows to deeper sheltered reefs.",,0.05,18,,,,,,,© Mickey Charteris — permission required,"Caribbean Reef Life (Mickey Charteris, 4th ed.)",caribbean-reef-life,yes,
marine-life-brown-fan-bryozoan,52878,brown fan bryozoan,https://images.marinespecies.org/12798_bugula-simplex.jpg,marine-life-brown-fan-bryozoan,Bugulina simplex,invertebrates,bryozoans,Bugulidae,Brown fan-shaped colony of flattened branching stalks with distinctively red tips. Often under darker ledges.,,0.03,,,,,,,,CC BY NC SA 4.0,"Photo via WoRMS Photogallery — brown fan bryozoan (Bugulina simplex); author Kolonie, Yerseke, 2006.; AphiaID 834016, pic 12798",worms,yes,
marine-life-oasis-aeolid,crl-211714,Oasis Aeolid,,,Bulbaeolidia oasis,invertebrates,nudibranchs,,Chalk-white with red spots on cerata tips. Rhinophores have distinctive swellings and small reddish striations.,,0.012,,,,,,,,,,,,
marine-life-western-striate-bubble,crl-329319,western striate bubble,https://inaturalist-open-data.s3.amazonaws.com/photos/604859250/original.jpg,marine-life-western-striate-bubble,Bulla occidentalis,invertebrates,nudibranchs,,"Pale tan to whitish shell with brown reticulated markings. White spots on the mantle, often completely retracted.",,0.05,,,,,,,,CC BY 4.0,"""Bulla occidentalis"" by Josiah Londerée (CC BY 4.0). http://creativecommons.org/licenses/by/4.0/ GBIF occurrence 5938070460.",gbif,yes,
marine-life-blistered-grass-anemone,crl-776021,Blistered grass anemone,,,Bunodeopsis antilliensis,invertebrates,anemones,,"Irregular flattened body column, covered in large pale bulbous projections (vesicles) when tentacles retracted.",,0.035,,,,,,,,,,,,
marine-life-hidden-anemone,crl-800976,Hidden anemone,https://inaturalist-open-data.s3.amazonaws.com/photos/610683250/original.jpg,marine-life-hidden-anemone,Bunodeopsis globulifera,invertebrates,anemones,,Rows of tiny brown tentacles poking out from crevices in the reef. Pale rounded tips are sometimes striped. Flattened body column with noticeably smaller vesicles than B. antilliensis. Tentacles rarely extended in daytime.,,0.02,,,,,,,,CC BY 4.0,"""Bunodeopsis globulifera"" by Dan Schofield (CC BY 4.0). http://creativecommons.org/licenses/by/4.0/ GBIF occurrence 6131017194.",gbif,yes,
marine-life-red-warty-anemone,crl-527850,Red warty anemone,https://inaturalist-open-data.s3.amazonaws.com/photos/211143846/original.jpeg,marine-life-red-warty-anemone,Bunodosoma granuliferum,invertebrates,anemones,,Reddish pedal disc covered with pale warty knobs. Short pointed olive-green tentacles with red and yellow bands.,,0.13,,,,,,,,CC0 1.0,"""Bunodosoma granuliferum"" by Stari Plativky (CC0 1.0). http://creativecommons.org/publicdomain/zero/1.0/ GBIF occurrence 5133215756.",gbif,yes,
marine-life-cadlina-rumia,7677,Pale Cadlina,https://inaturalist-open-data.s3.amazonaws.com/photos/427153044/original.jpeg,marine-life-cadlina-rumia,Cadlina rumia,invertebrates,nudibranchs,Chromodorididae,White to creamy-yellow oval dorsum with distinctive rows of yellow glands. Rhinophores pale to golden brown.,,0.04,0,37,,,,,,CC BY 4.0,"""Cadlina rumia"" by João D'Andretta (CC BY 4.0). http://creativecommons.org/licenses/by/4.0/ GBIF occurrence 4946094857.",gbif,yes,
marine-life-jolthead-porgy,1221,jolthead porgy,https://inaturalist-open-data.s3.amazonaws.com/photos/623599729/original.jpg,marine-life-jolthead-porgy,Calamus bajonado,fishes,porgies,Sparidae,Silvery with bluish scales and brassy cheeks. Blue line under eye. Distinctive orange blotch at corner of mouth.,,0.68,3,200,Body shape: short and / or deep,,,,,CC0 1.0,"""Calamus bajonado"" by Justin Philbois (CC0 1.0). http://creativecommons.org/publicdomain/zero/1.0/ GBIF occurrence 6178499213.",gbif,yes,
marine-life-saucereye-porgy,1222,saucereye porgy,https://inaturalist-open-data.s3.amazonaws.com/photos/468792746/original.jpg,marine-life-saucereye-porgy,Calamus calamus,fishes,porgies,Sparidae,Bluish cheek with small yellow spots. Curved blue line under eye. Blue spots on pectoral base and top of gill cover.,,0.56,1,75,Body shape: short and / or deep,,,,,CC0 1.0,"""Calamus calamus"" by Jean-Paul Boerekamps (CC0 1.0). http://creativecommons.org/publicdomain/zero/1.0/ GBIF occurrence 5063984848.",gbif,yes,
marine-life-knobbed-porgy,1226,knobbed porgy,https://inaturalist-open-data.s3.amazonaws.com/photos/570599200/original.jpg,marine-life-knobbed-porgy,Calamus nodosus,fishes,porgies,Sparidae,Yellow spots on snout. Dark spot on upper pectoral base. Distinctively humped forehead. Florida/Gulf of Mexico.,,0.54,7,90,Body shape: short and / or deep,,,,,CC BY 4.0,"""Calamus nodosus"" by James-LaFontaine (CC BY 4.0). http://creativecommons.org/licenses/by/4.0/ GBIF occurrence 5830638140.",gbif,yes,
marine-life-sheepshead-porgy,1227,sheepshead porgy,https://inaturalist-open-data.s3.amazonaws.com/photos/463443720/original.jpg,marine-life-sheepshead-porgy,Calamus penna,fishes,porgies,Sparidae,Silver with a bluish to lavender sheen. Dark spot on upper pectoral base. No blue or yellow markings on face.,,0.46,3,87,Body shape: short and / or deep,,,,,CC BY 4.0,"""Calamus penna"" by James-LaFontaine (CC BY 4.0). http://creativecommons.org/licenses/by/4.0/ GBIF occurrence 5036995622.",gbif,yes,
marine-life-flame-box-crab,26885,flame box crab,https://inaturalist-open-data.s3.amazonaws.com/photos/365844014/original.jpeg,marine-life-flame-box-crab,Calappa flammea,invertebrates,crabs,Calappidae,Irregular wavy red lines on carapace form a pattern that dissolves towards the rear. Large claws cover the face.,,0.1,0,262,,,,,,CC0 1.0,"""Calappa flammea"" by mikoikoi (CC0 1.0). http://creativecommons.org/publicdomain/zero/1.0/ GBIF occurrence 4867682800.",gbif,yes,
marine-life-rough-box-crab,21136,rough box crab,https://inaturalist-open-data.s3.amazonaws.com/photos/636005202/original.jpg,marine-life-rough-box-crab,Calappa galloides,invertebrates,crabs,Calappidae,"Lumpy yellowish to brown carapace, shorter than it is wide. Ridge above claws with distinctively sharp teeth.",,0.06,0,220,,,,,,CC BY 4.0,"""Calappa galloides"" by tunicatedreamz (CC BY 4.0). http://creativecommons.org/licenses/by/4.0/ GBIF occurrence 6195805046.",gbif,yes,
marine-life-ocellate-box-crab,26887,ocellate box crab,https://inaturalist-open-data.s3.amazonaws.com/photos/30996057/original.jpeg,marine-life-ocellate-box-crab,Calappa ocellata,invertebrates,crabs,Calappidae,"Pale blotches with yellow speckles, formed by a network of dark lines on top of carapace. Large claws cover the face.",,0.1,,80,,,,,,CC0 1.0,"""Calappa ocellata"" by Zygy (CC0 1.0). http://creativecommons.org/publicdomain/zero/1.0/ GBIF occurrence 1993744363.",gbif,yes,
marine-life-orangeclaw-hermit,26121,orangeclaw hermit,https://inaturalist-open-data.s3.amazonaws.com/photos/632598897/original.jpg,marine-life-orangeclaw-hermit,Calcinus tibicen,invertebrates,crabs,Diogenidae,"The left claw is larger, with pale yellow tips. Orange antennae and eyestalks. Claws are sometimes pale blue.",,0.025,0,33,,,,,,CC0 1.0,"""Calcinus tibicen"" by Lucas Rodrigues (CC0 1.0). http://creativecommons.org/publicdomain/zero/1.0/ GBIF occurrence 6188001450.",gbif,yes,
marine-life-gelatinous-tuft-alga,crl-266827,gelatinous tuft alga,,,Caldora penicillata,plants,red-algae,,Clumps of light brown elongated undulating masses. Attaches to substrate or dead corals and spreads easily.,,0.2,,,,,,,,,,,,
marine-life-shorttail-snake-eel,2640,Shorttail Snake eel,,,Callechelys guineensis,fishes,eels,Ophichthidae,Pale body with sharply pointed snout. Brown spots on top of head. Brassy iris. Dorsal fin starts close to head.,,1.07,4,35,Body shape: eel-like,,,,,,,,,
marine-life-hitchhiking-anemone,42340,hitchhiking anemone,https://inaturalist-open-data.s3.amazonaws.com/photos/649726760/original.jpg,marine-life-hitchhiking-anemone,Calliactis tricolor,invertebrates,anemones,Hormathiidae,"Found attached to hermit crab shells. Large pedal disc, variable in color from brown to reddish. Pale tentacles.",,0.075,,,,,,,,CC0 1.0,"""Calliactis tricolor"" by smokeybear33 (CC0 1.0). http://creativecommons.org/publicdomain/zero/1.0/ GBIF occurrence 6470589805.",gbif,yes,
marine-life-blue-crab,crl-459017,blue crab,https://inaturalist-open-data.s3.amazonaws.com/photos/605037661/original.jpg,marine-life-blue-crab,Callinectes sapidus,invertebrates,crabs,,The largest of the swimming crabs. Olive carapace with blue on all legs and claws. Females have orange claws.,,0.2,,,,,,,,CC0 1.0,"""Callinectes sapidus"" by Giorgio Zavattoni (CC0 1.0). http://creativecommons.org/publicdomain/zero/1.0/ GBIF occurrence 5938076077.",gbif,yes,
marine-life-lancer-dragonet,3824,lancer dragonet (female),https://inaturalist-open-data.s3.amazonaws.com/photos/466517810/original.jpg,marine-life-lancer-dragonet,Callionymus bairdi,fishes,lizardfishes,Callionymidae,"Females with less conspicuous dorsal fin, yellow at front and black behind. Yellow to brown bars on lower cheek.",,0.114,1,91,Body shape: elongated,,,,,CC BY 4.0,"""Callionymus bairdi"" by James-LaFontaine (CC BY 4.0). http://creativecommons.org/licenses/by/4.0/ GBIF occurrence 5063558886.",gbif,yes,
marine-life-chocolate-line-topsnail,3018,chocolate-lined topsnail,,marine-life-chocolate-line-topsnail,Calliostoma javanicum,invertebrates,snails,Calliostomatidae,Pointed conical shell with thin chocolate-brown lines. Similar brown lines on beige mantle. Dark brown tentacles.,,0.04,1,97,,,,,,© Mickey Charteris — permission required,"Caribbean Reef Life (Mickey Charteris, 4th ed.)",caribbean-reef-life,yes,
marine-life-mottled-topsnail,3019,Mottled topsnail,https://inaturalist-open-data.s3.amazonaws.com/photos/420964889/original.jpeg,marine-life-mottled-topsnail,Calliostoma jujubinum,invertebrates,snails,Calliostomatidae,Conical red to purplish shell with a pointed spire. Finely beaded spiral ribs. Dark mantle with small white spots.,,0.03,1,192,,,,,,CC BY 4.0,"""Calliostoma jujubinum"" by Parsa Fard (CC BY 4.0). http://creativecommons.org/licenses/by/4.0/ GBIF occurrence 4936671002.",gbif,yes,
marine-life-white-spotted-octopus,58195,white-spotted octopus,https://collections.nmnh.si.edu/media/?i=14243948&h=2000,marine-life-white-spotted-octopus,Callistoctopus macropus,invertebrates,octopuses,Octopodidae,Robust brown to reddish body. Numerous irregular white spots and small bumps cover the body and arms.,,0.5,1,100,,,,,,CC0 1.0,"""USNM 1450171 - Specimen Image 1"" by Karen Osborn (CC0 1.0). http://creativecommons.org/publicdomain/zero/1.0/ GBIF occurrence 1676052046.",gbif,yes,
marine-life-smooth-tube-sponge,51433,Smooth tube sponge,https://inaturalist-open-data.s3.amazonaws.com/photos/685455021/original.jpg,marine-life-smooth-tube-sponge,Callyspongia fallax,sponges,vase-sponges,Callyspongiidae,Common in reefs with depths between 6 to 24 m (Ref. 85482). Also found in mangroves (Ref. 86836).,,,2,18,,,,,,CC0 1.0,"""Callyspongia fallax"" by Chris Spain (CC0 1.0). http://creativecommons.org/publicdomain/zero/1.0/ GBIF occurrence 6422833937.",gbif,yes,
marine-life-tube-sponge,130974,Tube sponge,,,Callyspongia longissima,sponges,rope-sponges,Callyspongiidae,,,,,,,,,,,,,,,
marine-life-azure-vase-sponge,130976,Azure vase sponge,https://inaturalist-open-data.s3.amazonaws.com/photos/470044321/original.jpg,marine-life-azure-vase-sponge,Callyspongia plicifera,sponges,rope-sponges,Callyspongiidae,"Occurs chiefly on coral reefs starting at a depth of 18 m, often with bluish-pink iridescence (Ref. 85482).",,,5,18,,,,,,CC0 1.0,"""Callyspongia plicifera"" by Jean-Paul Boerekamps (CC0 1.0). http://creativecommons.org/publicdomain/zero/1.0/ GBIF occurrence 5069904730.",gbif,yes,
marine-life-branching-vase-sponge,51432,Branching vase sponge,https://inaturalist-open-data.s3.amazonaws.com/photos/600310569/original.jpg,marine-life-branching-vase-sponge,Callyspongia vaginalis,sponges,rope-sponges,Callyspongiidae,"Common on reefs (Ref. 415) and hard bottoms where coral is not dense in depths between 2 to 70 m (Ref. 85482). Also found in mangroves (Ref. 86836). In Belize, it was found in a submarine cave near Columbus Cay (Ref. 87209).",,0.3,2,70,,,,,,CC0 1.0,"""Callyspongia vaginalis"" by krystynanedza (CC0 1.0). http://creativecommons.org/publicdomain/zero/1.0/ GBIF occurrence 5935377332.",gbif,yes,
marine-life-berolina-aglaja,crl-202993,berolina aglaja,https://inaturalist-open-data.s3.amazonaws.com/photos/564303914/original.jpg,marine-life-berolina-aglaja,Camachoaglaja berolina,invertebrates,nudibranchs,,Black body with white blotches. One short round tail and one longer thin tail. Orange lines on head and parapodia.,,0.012,,,,,,,,CC BY 4.0,"""Camachoaglaja berolina"" by Dan Schofield (CC BY 4.0). http://creativecommons.org/licenses/by/4.0/ GBIF occurrence 5827591193.",gbif,yes,
marine-life-american-whitespotted-filefish,4277,whitespotted filefish,https://inaturalist-open-data.s3.amazonaws.com/photos/502059094/original.jpeg,marine-life-american-whitespotted-filefish,Cantherhines macrocerus,fishes,filefishes,Monacanthidae,"Orange body, often with white spots. Pairs of hooked orange spines at tail base, larger in males. Black tail.",,0.4,2,40,Body shape: short and / or deep,,,,,CC0 1.0,"""Cantherhines macrocerus"" by Paulo Mascaretti (CC0 1.0). http://creativecommons.org/publicdomain/zero/1.0/ GBIF occurrence 5281946551.",gbif,yes,
marine-life-orangespotted-filefish,1082,orangespotted filefish,https://inaturalist-open-data.s3.amazonaws.com/photos/632041982/original.jpg,marine-life-orangespotted-filefish,Cantherhines pullus,fishes,filefishes,Monacanthidae,"Dark brown with pale stripes and small orange spots on body. Orange lines on head. Shy, found close to the reef.",,0.2,3,50,Body shape: short and / or deep,,,,,CC0 1.0,"""Cantherhines pullus"" by Stari Plativky (CC0 1.0). http://creativecommons.org/publicdomain/zero/1.0/ GBIF occurrence 6188513698.",gbif,yes,
marine-life-ocean-triggerfish,4279,ocean triggerfish,https://inaturalist-open-data.s3.amazonaws.com/photos/470826978/original.jpg,marine-life-ocean-triggerfish,Canthidermis sufflamen,fishes,triggerfishes,Balistidae,"Uniformly gray body. Black spot at pectoral base. Small black eyes. Short spike under abdomen, before anal fin.",,0.65,5,60,Body shape: short and / or deep,,,,,CC0 1.0,"""Canthidermis sufflamen"" by Jean-Paul Boerekamps (CC0 1.0). http://creativecommons.org/publicdomain/zero/1.0/ GBIF occurrence 5070024092.",gbif,yes,
marine-life-caribbean-sharpnose-puffer,4291,sharpnose puffer,https://inaturalist-open-data.s3.amazonaws.com/photos/609461870/original.jpg,marine-life-caribbean-sharpnose-puffer,Canthigaster rostrata,fishes,puffers,Tetraodontidae,"Dark upper body, paler below. Blue lines on snout and radiating from eye. Black borders on a yellowish tail.",,0.12,1,40,Body shape: short and / or deep,,,,,CC BY 4.0,"""Canthigaster rostrata"" by Dan Schofield (CC BY 4.0). http://creativecommons.org/licenses/by/4.0/ GBIF occurrence 6130265753.",gbif,yes,
marine-life-yellow-jack,crl-293523,yellow jack,https://inaturalist-open-data.s3.amazonaws.com/photos/470331434/original.jpg,marine-life-yellow-jack,Carangoides bartholomaei,fishes,jacks,,Silvery body with a yellowish tint. All fins and tail are pale yellow. Often yellow marks around mouth and eye.,,,,,,,,,,CC0 1.0,"""Carangoides bartholomaei"" by joy4birds (CC0 1.0). http://creativecommons.org/publicdomain/zero/1.0/ GBIF occurrence 5167896830.",gbif,yes,
marine-life-blue-runner,1933,blue runner,https://inaturalist-open-data.s3.amazonaws.com/photos/632320867/original.jpg,marine-life-blue-runner,Caranx crysos,fishes,jacks,Carangidae,Silvery-blue with olive upper body. Small dark spot on upper gill cover. Tail lobes with distinctively black tips.,,0.76,0,100,Body shape: fusiform / normal,,,,,CC0 1.0,"""Caranx crysos"" by Stari Plativky (CC0 1.0). http://creativecommons.org/publicdomain/zero/1.0/ GBIF occurrence 6320337950.",gbif,yes,
marine-life-crevalle-jack,71,crevalle jack,https://inaturalist-open-data.s3.amazonaws.com/photos/657926784/original.jpg,marine-life-crevalle-jack,Caranx hippos,fishes,jacks,Carangidae,Large blunt head. Silvery body with yellowish anal fin and tail. High lateral line. Black spot on upper gill cover.,,1.24,1,350,Body shape: fusiform / normal,,,,,CC0 1.0,"""Caranx hippos"" by Gabriel Cardoso Fialho (CC0 1.0). http://creativecommons.org/publicdomain/zero/1.0/ GBIF occurrence 6273710629.",gbif,yes,
marine-life-horse-eye-jack,crl-154784,horse-eye jack,https://inaturalist-open-data.s3.amazonaws.com/photos/692906613/original.jpg,marine-life-horse-eye-jack,Caranx latus,fishes,jacks,,Silvery body with large eyes and yellow tail. Line of dark scutes to tail base. Usually a dark patch on lower pectoral.,,,,,,,,,,CC0 1.0,"""Caranx latus"" by Lucas Rodrigues (CC0 1.0). http://creativecommons.org/publicdomain/zero/1.0/ GBIF occurrence 6430862502.",gbif,yes,
marine-life-black-jack,1936,black Jack,https://inaturalist-open-data.s3.amazonaws.com/photos/611513831/original.jpg,marine-life-black-jack,Caranx lugubris,fishes,jacks,Carangidae,Silvery to olive body with steep forehead. Spot on upper gill cover. Dark scutes to tail base. Found on deep reefs.,,1,12,354,Body shape: fusiform / normal,,,,,CC BY 4.0,"""Caranx lugubris"" by Dan Schofield (CC BY 4.0). http://creativecommons.org/licenses/by/4.0/ GBIF occurrence 6133358894.",gbif,yes,
marine-life-bar-jack,1918,Bar jack,https://inaturalist-open-data.s3.amazonaws.com/photos/608467797/original.jpg,marine-life-bar-jack,Caranx ruber,fishes,jacks,Carangidae,"Silvery with bluish upper body. Dark blue to black stripe from snout, over upper body and onto lower tail lobe.",,0.69,0,35,Body shape: fusiform / normal,,,,,CC BY 4.0,"""Caranx ruber"" by Derek Duplessis (CC BY 4.0). http://creativecommons.org/licenses/by/4.0/ GBIF occurrence 6129843981.",gbif,yes,
marine-life-pearlfish,3128,pearlfish,https://collections.nmnh.si.edu/media/?i=13901221&h=2000,marine-life-pearlfish,Carapus bermudensis,fishes,brotulas,Carapidae,"Long thin translucent body, tapering to a point. Lives inside the anal cavity of some sea cucumber species.",,0.2,1,235,Body shape: eel-like,,,,,CC0 1.0,"""Disparichthys herrei RAD125334-003"" by Smithsonian Institution NMNH Division of Fishes (CC0 1.0). http://creativecommons.org/publicdomain/zero/1.0/ GBIF occurrence 2397745785.",gbif,yes,
marine-life-silky-shark,868,silky shark,https://specify.saiab.ac.za/fileget?coll=Biodiversity+Occurrences&type=O&filename=sp6-9114404802674600869.att.JPG,marine-life-silky-shark,Carcharhinus falciformis,fishes,sharks,Carcharhinidae,Slender body. Rounded dorsal fin starts well behind the pectoral fin. Second dorsal fin has a long trailing edge.,,3.5,0,4000,Body shape: fusiform / normal,,,,,CC BY 4.0,"""BWP16-A016-01"" by Gavin Gouws (CC BY 4.0). http://creativecommons.org/licenses/by/4.0/ GBIF occurrence 1265266510.",gbif,,
marine-life-bull-shark,crl-634578,bull shark,https://inaturalist-open-data.s3.amazonaws.com/photos/468478331/original.jpg,marine-life-bull-shark,Carcharhinus leucas,fishes,sharks,,Tall heavy body. Dorsal fin begins above the middle of pectoral fin. Small eye. Upper lobe of tail is the largest.,,,,,,,,,,CC0 1.0,"""Carcharhinus leucas"" by Jean-Paul Boerekamps (CC0 1.0). http://creativecommons.org/publicdomain/zero/1.0/ GBIF occurrence 5063891240.",gbif,yes,
marine-life-blacktip-shark,874,Blacktip shark,https://inaturalist-open-data.s3.amazonaws.com/photos/467044759/original.jpeg,marine-life-blacktip-shark,Carcharhinus limbatus,fishes,sharks,Carcharhinidae,Dark markings on all fins except for the white anal fin. Distinctive white streak on side and a white abdomen.,,2.86,0,140,Body shape: fusiform / normal,,,,,CC0 1.0,"""Carcharhinus limbatus"" by Theo Summer (CC0 1.0). http://creativecommons.org/publicdomain/zero/1.0/ GBIF occurrence 5063606010.",gbif,yes,
marine-life-caribbean-reef-shark,883,Caribbean reef shark,https://inaturalist-open-data.s3.amazonaws.com/photos/607183298/original.jpg,marine-life-caribbean-reef-shark,Carcharhinus perezii,fishes,sharks,Carcharhinidae,Gray requiem shark with a white abdomen; first dorsal starts well behind the pectorals. Dusky undersides on pectoral and pelvic tips help separate it from bull shark.,,3.0,1,100,Dorsal behind pectorals; dusky fin tips; white belly,"Common on Caribbean reefs and drop-offs (Bahamas, Belize, Bay Islands, Florida Keys).",Patrols mid-water and reef edges; often encountered on walls and shark dives.,Stay calm and horizontal; give space at cleaning stations — do not chase or block escape routes.,,CC BY 4.0,"""Carcharhinus perezii"" by Dan Schofield (CC BY 4.0). http://creativecommons.org/licenses/by/4.0/ GBIF occurrence 6130629229.",gbif,yes,
marine-life-oceanic-whitetip-shark,875,oceanic whitetip shark,https://inaturalist-open-data.s3.amazonaws.com/photos/701750984/original.jpg,marine-life-oceanic-whitetip-shark,Carcharhinus longimanus,fishes,sharks,Carcharhinidae,Rounded dorsal fin with a diffuse white tip. Pectoral fins are very long and also rounded with white tips. Pelagic.,,4,0,1082,Body shape: fusiform / normal,,,,,CC BY 4.0,"""Carcharhinus longimanus"" by Selim Türeli (CC BY 4.0). http://creativecommons.org/licenses/by/4.0/ GBIF occurrence 6451684500.",gbif,yes,
marine-life-loggerhead-turtle,67017,loggerhead turtle,https://inaturalist-open-data.s3.amazonaws.com/photos/606461268/original.jpg,marine-life-loggerhead-turtle,Caretta caretta,reptiles,,Cheloniidae,Distinctively short thick neck and a bulbous head. The tall rounded shell is often encrusted with barnacles.,,1.25,0,200,,,,,yes,CC0 1.0,"""Caretta caretta"" by Celina Emilia Iratchet (CC0 1.0). http://creativecommons.org/publicdomain/zero/1.0/ GBIF occurrence 6129914828.",gbif,yes,
marine-life-ornate-scallop,47338,ornate scallop,https://inaturalist-open-data.s3.amazonaws.com/photos/602610267/original.jpg,marine-life-ornate-scallop,Caribachlamys ornata,invertebrates,clams,Pectinidae,White valves with dense radial ribs and broken pattern of reddish-brown bands. Found among shallow rubble.,,0.05,0,180,,,,,,CC0 1.0,"""Caribachlamys ornata"" by Karen McCabe (CC0 1.0). http://creativecommons.org/publicdomain/zero/1.0/ GBIF occurrence 5938416688.",gbif,yes,
marine-life-knobby-scallop,141210,knobby scallop,https://inaturalist-open-data.s3.amazonaws.com/photos/369432402/original.jpg,marine-life-knobby-scallop,Caribachlamys pellucens,invertebrates,clams,Pectinidae,Radial ribs of both valves covered with short knobby projections with white tips. Short translucent tentacles.,,0.04,,,,,,,,CC BY 4.0,"""Caribachlamys pellucens"" by Reanne (""Bean"") Dunn (CC BY 4.0). http://creativecommons.org/licenses/by/4.0/ GBIF occurrence 4936418863.",gbif,yes,
marine-life-white-telesto,84522,White telesto,https://inaturalist-open-data.s3.amazonaws.com/photos/594228886/original.jpg,marine-life-white-telesto,Carijoa riisei,corals,octocorals,Clavulariidae,"Shallow water octocoral (Ref. 808), usually in turbid coastal areas (Ref. 1010998). On bay and nearshore (Ref. 109199). At depths of 1.5 to 8 m on coral reefs and rocky bottoms (Ref. 83916). Occurs on shaded clear waters where currents are strong (Ref. 101098). Common in the fouling community of harbors, on piers or wrecks (Ref. 415, 101098) which are not exposed to sunlight (Ref. 415)",,,0,55,,,,,,CC0 1.0,"""Carijoa riisei"" by mikoikoi (CC0 1.0). http://creativecommons.org/publicdomain/zero/1.0/ GBIF occurrence 5920290963.",gbif,yes,
marine-life-batwing-coral-crab,26845,batwing coral crab,https://inaturalist-open-data.s3.amazonaws.com/photos/128842882/original.jpg,marine-life-batwing-coral-crab,Carpilius corallinus,invertebrates,crabs,Carpiliidae,Smooth bright red carapace with white spots. Legs have hints of purple and yellow at the joints. Dark claw tips.,,0.15,1,50,,,,,,CC0 1.0,"""Carpilius corallinus"" by Jean-Paul Boerekamps (CC0 1.0). http://creativecommons.org/publicdomain/zero/1.0/ GBIF occurrence 3455529448.",gbif,yes,
marine-life-upsidedown-jellyfish,44744,upsidedown jelly,https://inaturalist-open-data.s3.amazonaws.com/photos/689909852/original.jpg,marine-life-upsidedown-jellyfish,Cassiopea frondosa,invertebrates,jellies,Cassiopeidae,"Flattened bell with short clustered tentacles, pale brown with blunt white tips. Found upside down in the shallows.",,0.25,0,10,,,,,,CC BY 4.0,"""Cassiopea frondosa"" by Jay Brasher (CC BY 4.0). http://creativecommons.org/licenses/by/4.0/ GBIF occurrence 6431937463.",gbif,yes,
marine-life-upsidedown-jelly,44748,Mangrove upsidedown jelly,https://inaturalist-open-data.s3.amazonaws.com/photos/286368721/original.jpeg,marine-life-upsidedown-jelly,Cassiopea xamachana,invertebrates,jellies,Cassiopeidae,Long flattened green to bluish appendages scattered within the tentacles. Mostly in lagoons and mangroves.,,0.3,0,10,,,,,,CC BY 4.0,"""Cassiopea xamachana"" by Yoannis Domínguez (CC BY 4.0). http://creativecommons.org/licenses/by/4.0/ GBIF occurrence 4130099781.",gbif,yes,
marine-life-flame-helmet,4883,flame helmet,https://inaturalist-open-data.s3.amazonaws.com/photos/249268515/original.jpeg,marine-life-flame-helmet,Cassis flammea,invertebrates,snails,Cassidae,Creamy white shell with two rows of knobs. Short spire. Wavy brown markings. Smaller than the King Helmet.,,0.15,1,12,,,,,,CC0 1.0,"""Cassis flammea"" by Zoltán Stekkelpak (CC0 1.0). http://creativecommons.org/publicdomain/zero/1.0/ GBIF occurrence 4405053424.",gbif,yes,
marine-life-emperor-helmet,4882,emperor helmet,https://inaturalist-open-data.s3.amazonaws.com/photos/47661368/original.jpeg,marine-life-emperor-helmet,Cassis madagascariensis,invertebrates,snails,Cassidae,Robust domed shell with short knobs. Cream to tan. Vertical opening in the front. Lip is a solid cream color.,,0.35,3,183,,,,,,CC0 1.0,"""Cassis madagascariensis"" by Matt Schultz (CC0 1.0). http://creativecommons.org/publicdomain/zero/1.0/ GBIF occurrence 3061606354.",gbif,yes,
marine-life-king-helmet,4884,king helmet,https://inaturalist-open-data.s3.amazonaws.com/photos/471312554/original.jpg,marine-life-king-helmet,Cassis tuberosa,invertebrates,snails,Cassidae,Three spiral rows of triangular knobs. Bands on aperture lip. Juveniles may have wavy lines similar to C. flammea.,,0.3,0,27,,,,,,CC0 1.0,"""Cassis tuberosa"" by Kathy Daniel (CC0 1.0). http://creativecommons.org/publicdomain/zero/1.0/ GBIF occurrence 5076873214.",gbif,yes,
marine-life-catriona-maua,8579,Maua Aeolid,https://inaturalist-open-data.s3.amazonaws.com/photos/455574460/original.jpeg,marine-life-catriona-maua,Catriona maua,invertebrates,nudibranchs,Tergipedidae,"Gray with white on dorsum. Pink cerata with white bands, widest past mid-point. Red stripe on lower rhinophores.",,0.012,1,8,,,,,,CC BY 4.0,"""Catriona maua"" by Ben Jobson (CC BY 4.0). http://creativecommons.org/licenses/by/4.0/ GBIF occurrence 4994027991.",gbif,yes,
marine-life-cactus-tree-alga,123240,cactus tree alga,https://inaturalist-open-data.s3.amazonaws.com/photos/692830097/original.jpg,marine-life-cactus-tree-alga,Caulerpa cupressoides,plants,green-algae,Caulerpaceae,Short bushy tufts of upright branches from low runners. Small irregular branchlets give a rough appearance.,,0.25,0,70,,,,,,CC0 1.0,"""Caulerpa cupressoides"" by Lucas Rodrigues (CC0 1.0). http://creativecommons.org/publicdomain/zero/1.0/ GBIF occurrence 6441195088.",gbif,yes,
marine-life-flat-green-feather-alga,127461,flat green feather alga,https://inaturalist-open-data.s3.amazonaws.com/photos/403605748/original.jpeg,marine-life-flat-green-feather-alga,Caulerpa mexicana,plants,green-algae,Caulerpaceae,Dark green leaves with wide densely packed branchlets. Grows upwards from thick green runners on the sand.,,0.2,0,15,,,,,,CC0 1.0,"""Caulerpa mexicana"" by Lucas Rodrigues (CC0 1.0). http://creativecommons.org/publicdomain/zero/1.0/ GBIF occurrence 4987538418.",gbif,yes,
marine-life-green-helmet-alga,117454,green helmet alga,https://inaturalist-open-data.s3.amazonaws.com/photos/509767638/original.jpg,marine-life-green-helmet-alga,Caulerpa nummularia,plants,green-algae,Caulerpaceae,"Small clusters of green stalks, growing upward from the reef, with swollen rounded tips. Forms loose bunches.",,0.02,0,47,,,,,,CC BY 4.0,"""Caulerpa nummularia"" by Thomas Irvine (CC BY 4.0). http://creativecommons.org/licenses/by/4.0/ GBIF occurrence 6320399502.",gbif,yes,
marine-life-green-blade-alga,121210,Green blade alga,https://inaturalist-open-data.s3.amazonaws.com/photos/446480996/original.jpeg,marine-life-green-blade-alga,Caulerpa prolifera,plants,green-algae,Caulerpaceae,Elongated dark green oval blades growing on runners. Short slender stalks. Commonly found on seagrass beds.,,0.15,,,,,,,,CC0 1.0,"""Caulerpa prolifera"" by Héctor Ibáñez Cantero (CC0 1.0). http://creativecommons.org/publicdomain/zero/1.0/ GBIF occurrence 4978436851.",gbif,yes,
marine-life-green-grape-alga,115607,green grape alga,https://inaturalist-open-data.s3.amazonaws.com/photos/702250705/original.jpg,marine-life-green-grape-alga,Caulerpa racemosa,plants,green-algae,Caulerpaceae,"Dense clumps of small green balls growing from pointed runners, giving the appearance of clusters of grapes.",,0.1,0,50,,,,,,CC0 1.0,"""Caulerpa racemosa"" by hitchco (CC0 1.0). http://creativecommons.org/publicdomain/zero/1.0/ GBIF occurrence 6470315411.",gbif,yes,
marine-life-sawblade-alga,119484,sawblade alga,https://inaturalist-open-data.s3.amazonaws.com/photos/257971411/original.jpeg,marine-life-sawblade-alga,Caulerpa serrulata,plants,green-algae,Caulerpaceae,Short narrow bluish-green leaves with serrated edges. Grows in dense tangled clumps from green runners.,,0.05,0,5,,,,,,CC0 1.0,"""Caulerpa serrulata"" by Светлана Царахова (CC0 1.0). http://creativecommons.org/publicdomain/zero/1.0/ GBIF occurrence 6480000759.",gbif,yes,
marine-life-green-feather-alga,119655,green feather alga,https://inaturalist-open-data.s3.amazonaws.com/photos/664493759/original.jpg,marine-life-green-feather-alga,Caulerpa sertularioides,plants,green-algae,Caulerpaceae,"Tall erect feather-shaped leaves of light green, with fine branchlets. Grows from thin pale runners on the sand.",,0.2,3,110,,,,,,CC0 1.0,"""Caulerpa sertularioides"" by Daniel Estabrooks (CC0 1.0). http://creativecommons.org/publicdomain/zero/1.0/ GBIF occurrence 6399556113.",gbif,yes,
marine-life-fuzzy-caulerpa,114729,Fuzzy Caulerpa,https://inaturalist-open-data.s3.amazonaws.com/photos/546982430/original.jpg,marine-life-fuzzy-caulerpa,Caulerpa verticillata,plants,green-algae,Caulerpaceae,Tiny leaves in a delicate spiral pattern of light green with pale centers. Grows on long runners to form flat bushes.,,0.25,0,30,,,,,,CC BY 4.0,"""Caulerpa verticillata"" by Thomas Irvine (CC BY 4.0). http://creativecommons.org/licenses/by/4.0/ GBIF occurrence 5292520918.",gbif,yes,
marine-life-serrated-alga,126584,serrated alga,https://inaturalist-open-data.s3.amazonaws.com/photos/641512845/original.jpg,marine-life-serrated-alga,Caulerpa webbiana,plants,green-algae,Caulerpaceae,"Dense bright green clumps of short stalks, with lateral branchlets forming serrated edges. Grows on runners.",,0.025,,,,,,,,CC BY 4.0,"""Caulerpa webbiana"" by Borja Fierro (CC BY 4.0). http://creativecommons.org/licenses/by/4.0/ GBIF occurrence 6235090785.",gbif,yes,
marine-life-seaweed-bryozoan,51206,seaweed bryozoan,,marine-life-seaweed-bryozoan,Caulibugula dendrograpta,invertebrates,bryozoans,Bugulidae,Delicate fan-shaped white colonies growing from a common stalk. Found in lagoons and on shallow reefs.,,0.4,,,,,,,,© Mickey Charteris — permission required,"Caribbean Reef Life (Mickey Charteris, 4th ed.)",caribbean-reef-life,yes,
marine-life-common-snook,crl-222627,common snook,https://inaturalist-open-data.s3.amazonaws.com/photos/617796831/original.jpg,marine-life-common-snook,Centropomus undecimalis,fishes,silvery-fishes,,Long sloping forehead and a distinctively darkened lateral line. Found in shallow lagoons and mangroves.,,,,,,,,,,CC0 1.0,"""Centropomus undecimalis"" by natalie (CC0 1.0). http://creativecommons.org/publicdomain/zero/1.0/ GBIF occurrence 6162765392.",gbif,yes,
marine-life-black-seabass,361,Black Seabass,https://inaturalist-open-data.s3.amazonaws.com/photos/684208424/original.jpg,marine-life-black-seabass,Centropristis striata,fishes,basses,Serranidae,Gray to bluish-black. White spots on scales form stripes. Thin blue lines on cheek in juveniles. Found in Florida.,,0.66,1,,Body shape: fusiform / normal,,,,,CC0 1.0,"""Centropristis striata"" by Brian Dickerson (CC0 1.0). http://creativecommons.org/publicdomain/zero/1.0/ GBIF occurrence 6413222047.",gbif,yes,
marine-life-cherubfish,3607,cherubfish,https://inaturalist-open-data.s3.amazonaws.com/photos/587623396/original.jpg,marine-life-cherubfish,Centropyge argi,fishes,angelfishes,Pomacanthidae,Dark blue body. Yellow to orange face. Blue ring around eye. Bright blue margins on fins. Often on deeper reefs.,,0.05,5,80,Body shape: short and / or deep,,,,,CC0 1.0,"""Centropyge argi"" by Justin Philbois (CC0 1.0). http://creativecommons.org/publicdomain/zero/1.0/ GBIF occurrence 5889545973.",gbif,yes,
marine-life-flameback-angelfish,10958,Flameback angelfish,,marine-life-flameback-angelfish,Centropyge aurantonotus,fishes,angelfishes,Pomacanthidae,"Dark blue body. Yellow to orange head, continuing onto nape and dorsal fin. Blue ring around eye. SE Caribbean.",,0.05,12,200,Body shape: short and / or deep,,,,,© Mickey Charteris — permission required,"Caribbean Reef Life (Mickey Charteris, 4th ed.)",caribbean-reef-life,yes,
marine-life-graysby,12,Graysby,https://inaturalist-open-data.s3.amazonaws.com/photos/684344206/original.jpg,marine-life-graysby,Cephalopholis cruentata,fishes,groupers,Epinephelidae,Red spots on body and all fins. Four black or white spots below dorsal fin. Juveniles have white stripe on snout.,,0.33,0,170,Body shape: fusiform / normal,,,,,CC0 1.0,"""Cephalopholis cruentata"" by Chris Spain (CC0 1.0). http://creativecommons.org/publicdomain/zero/1.0/ GBIF occurrence 6413546572.",gbif,yes,
marine-life-coney-juvenile,8816,Coney (juvenile),https://inaturalist-open-data.s3.amazonaws.com/photos/609522741/original.jpg,marine-life-coney-juvenile,Cephalopholis fulva,fishes,groupers,Epinephelidae,Light brown with dark upper body. White spots above tail base and often below dorsal fin. Black spots on lower lip.,,0.44,1,150,Body shape: fusiform / normal,,,,,CC BY 4.0,"""Cephalopholis fulva"" by Matteo Bellucci (CC BY 4.0). http://creativecommons.org/licenses/by/4.0/ GBIF occurrence 6130520512.",gbif,yes,
marine-life-striving-red-alga,128873,striving red alga,,marine-life-striving-red-alga,Ceramium nitens,plants,red-algae,Ceramiaceae,"Dense tangles of fine hair-like filaments, repeatedly branching outwards. Uniform reddish-orange in color.",,0.3,0,15,,,,,,© Mickey Charteris — permission required,"Caribbean Reef Life (Mickey Charteris, 4th ed.)",caribbean-reef-life,yes,
marine-life-black-spotted-nudibranch,1167,black-spotted nudibranch,https://inaturalist-open-data.s3.amazonaws.com/photos/472037495/original.jpg,marine-life-black-spotted-nudibranch,Ceratophyllidia papilligera,invertebrates,nudibranchs,Phyllidiidae,"Solid white dorsum with pointed gray tubercles, each circled in black. Black-tipped rhinophores.",,0.03,2,185,,,,,,CC BY 4.0,"""Ceratophyllidia papilligera"" by Dan Schofield (CC BY 4.0). http://creativecommons.org/licenses/by/4.0/ GBIF occurrence 5077126266.",gbif,yes,
marine-life-gold-fringed-cerberilla,crl-125820,Gold-fringed Cerberilla,,,Cerberilla potiguara,invertebrates,nudibranchs,,Blue body with rows of grayish-blue cerata with orange spots. Long blue oral tentacles and short rhinophores.,,0.025,,,,,,,,,,,,
marine-life-pugjaw-wormfish,3902,pugjaw wormfish,https://collections.nmnh.si.edu/media/?i=11004496&h=2000,marine-life-pugjaw-wormfish,Cerdale floridana,fishes,gobies,Microdesmidae,"Pale white to tan eel-like body, the upper part peppered with dark dots. Dorsal and anal fins not connected to tail.",,0.09,0,30,Body shape: elongated,,,,,CC0 1.0,"""Cerdale floridana RAD103850-001"" by Division of Fishes (CC0 1.0). http://creativecommons.org/publicdomain/zero/1.0/ GBIF occurrence 1322840935.",gbif,yes,
marine-life-stocky-cerith,4396,stocky cerith,https://inaturalist-open-data.s3.amazonaws.com/photos/670549749/original.jpg,marine-life-stocky-cerith,Cerithium litteratum,invertebrates,snails,Cerithiidae,"Pointed shell with numerous small ridges. Usually white to pale yellow or brown, circled with dark brown spots.",,0.03,0,88,,,,,,CC0 1.0,"""Cerithium litteratum"" by Kaden Stebbins (CC0 1.0). http://creativecommons.org/publicdomain/zero/1.0/ GBIF occurrence 6352329541.",gbif,yes,
marine-life-venuss-girdle,60757,venus’s girdle,https://inaturalist-open-data.s3.amazonaws.com/photos/484900819/original.jpeg,marine-life-venuss-girdle,Cestum veneris,invertebrates,jellies,Cestidae,Transparent ribbon-like body with a thin central band. Lower edge of cilia may show bluish-green fluorescence.,,1.5,,,,,,,,CC0 1.0,"""Cestum veneris"" by Andra Waagmeester (CC0 1.0). http://creativecommons.org/publicdomain/zero/1.0/ GBIF occurrence 5134726189.",gbif,yes,
marine-life-yellowface-pikeblenny,3712,yellowface pikeblenny (female),https://inaturalist-open-data.s3.amazonaws.com/photos/640311543/original.jpg,marine-life-yellowface-pikeblenny,Chaenopsis limbaughi,fishes,blennies,Chaenopsidae,"Tan, becoming yellowish in grass, with midbody stripe and bars. Small black spot on front of dorsal fin. Pink iris.",,0.085,5,20,Body shape: elongated,,,,,CC BY 4.0,"""Chaenopsis limbaughi"" by Dan Schofield (CC BY 4.0). http://creativecommons.org/licenses/by/4.0/ GBIF occurrence 6235001648.",gbif,yes,
marine-life-atlantic-spadefish,1024,atlantic spadefish,https://inaturalist-open-data.s3.amazonaws.com/photos/669795283/original.gif,marine-life-atlantic-spadefish,Chaetodipterus faber,fishes,porgies,Ephippidae,Rounded silvery body with dark bars. Dark edges on long dorsal and anal fins. Often found in small dense schools.,,0.91,3,35,Body shape: short and / or deep,,,,,CC0 1.0,"""Chaetodipterus faber"" by schneepschnorp (CC0 1.0). http://creativecommons.org/publicdomain/zero/1.0/ GBIF occurrence 6352592463.",gbif,yes,
marine-life-foureye-butterflyfish,3602,foureye butterflyfish,https://inaturalist-open-data.s3.amazonaws.com/photos/621332711/original.jpg,marine-life-foureye-butterflyfish,Chaetodon capistratus,fishes,butterflyfishes,Chaetodontidae,"Large black spot near tail base, circled in white. Thin chevron stripes. Yellow-edged black bar through eye.",,0.15,2,20,Body shape: short and / or deep,,,,,CC0 1.0,"""Chaetodon capistratus"" by Tommy (CC0 1.0). http://creativecommons.org/publicdomain/zero/1.0/ GBIF occurrence 6179046452.",gbif,yes,
marine-life-spotfin-butterflyfish,3604,spotfin butterflyfish,https://inaturalist-open-data.s3.amazonaws.com/photos/628184510/original.jpg,marine-life-spotfin-butterflyfish,Chaetodon ocellatus,fishes,butterflyfishes,Chaetodontidae,White body with yellow fins. Single black bar through eye to dorsal fin. Small black spot on rear dorsal fin edge.,,0.2,0,30,Body shape: short and / or deep,,,,,CC0 1.0,"""Chaetodon ocellatus"" by Kat Sullivan (CC0 1.0). http://creativecommons.org/publicdomain/zero/1.0/ GBIF occurrence 6185097956.",gbif,yes,
marine-life-reef-butterflyfish,3605,reef butterflyfish,https://inaturalist-open-data.s3.amazonaws.com/photos/417392143/original.png,marine-life-reef-butterflyfish,Chaetodon sedentarius,fishes,butterflyfishes,Chaetodontidae,"Dark yellow body above and almost white below. Wide dark bar at tail base, running onto dorsal and anal fins.",,0.18,5,92,Body shape: short and / or deep,,,,,CC0 1.0,"""Chaetodon sedentarius"" by Edwin Wilke (CC0 1.0). http://creativecommons.org/publicdomain/zero/1.0/ GBIF occurrence 4924152888.",gbif,yes,
marine-life-banded-butterflyfish,3606,Banded Butterflyfish,https://inaturalist-open-data.s3.amazonaws.com/photos/628555889/original.jpg,marine-life-banded-butterflyfish,Chaetodon striatus,fishes,butterflyfishes,Chaetodontidae,"Silvery white with thin black chevron lines. Four black bars: through eye, behind pectoral, above anal and at tail base.",,0.2,3,70,Body shape: short and / or deep,,,,,CC0 1.0,"""Chaetodon striatus"" by nickjeff13 (CC0 1.0). http://creativecommons.org/publicdomain/zero/1.0/ GBIF occurrence 6185025525.",gbif,yes,
marine-life-atlantic-tritons-trumpet,4973,atlantic triton’s trumpet,https://inaturalist-open-data.s3.amazonaws.com/photos/612498546/original.jpg,marine-life-atlantic-tritons-trumpet,Charonia variegata,invertebrates,snails,Ranellidae,Large pointed spiral shell with patterns of wavy cream and reddish-brown bands. Mottled brown mantle.,,0.37,1,384,,,,,,CC0 1.0,"""Charonia variegata"" by steve b (CC0 1.0). http://creativecommons.org/publicdomain/zero/1.0/ GBIF occurrence 6133071606.",gbif,yes,
marine-life-hoof-snail,4785,Hoof snail,https://inaturalist-open-data.s3.amazonaws.com/photos/342801140/original.jpg,marine-life-hoof-snail,Cheilea equestris,invertebrates,snails,Hipponicidae,"A sedentary limpet-like gastropod found on coral rubble. Calcified plates with radial ridges, often overlapping.",,0.04,0,780,,,,,,CC0 1.0,"""Cheilea equestris"" by Stari Plativky (CC0 1.0). http://creativecommons.org/publicdomain/zero/1.0/ GBIF occurrence 5133342176.",gbif,yes,
marine-life-bandwing-flyingfish,1027,Bandwing flyingfish,,,Cheilopogon exsiliens,fishes,porgies,Exocoetidae,Gray dorsal fin with large black spot. Dark lower lobe on tail. Bluish-black pectoral fin with a pale diagonal bar.,,0.3,0,,Body shape: elongated,,,,,,,,,
marine-life-cuban-aglaja,150628,cuban Aglaja,https://inaturalist-open-data.s3.amazonaws.com/photos/129013478/original.jpg,marine-life-cuban-aglaja,Chelidonura cubana,invertebrates,nudibranchs,Aglajidae,Red to black body with blue spots and faint orange lines. Distinctive white patch on front of head and at midbody.,,0.015,,,,,,,,CC0 1.0,"""Chelidonura cubana"" by Jean-Paul Boerekamps (CC0 1.0). http://creativecommons.org/publicdomain/zero/1.0/ GBIF occurrence 3118392813.",gbif,yes,
marine-life-swallowtail-aglaja,7055,leech aglaja,https://inaturalist-open-data.s3.amazonaws.com/photos/620834726/original.jpg,marine-life-swallowtail-aglaja,Chelidonura hirundinina,invertebrates,nudibranchs,Aglajidae,Dark reddish body with two tapering tails of equal length. Orange and blue stripes. A solid white bar at midbody.,,0.025,1,12,,,,,,CC BY 4.0,"""Chelidonura hirundinina"" by Jay Paroline (CC BY 4.0). http://creativecommons.org/licenses/by/4.0/ GBIF occurrence 6178690679.",gbif,yes,
marine-life-normans-aglaja,crl-925776,Norman’s Aglaja,https://inaturalist-open-data.s3.amazonaws.com/photos/561520023/original.jpg,marine-life-normans-aglaja,Chelidonura normani,invertebrates,nudibranchs,,"Variable black and white markings, often with pale blue near the head and tail. No orange lines on parapodia.",,0.01,,,,,,,,CC BY 4.0,"""Chelidonura normani"" by Dan Schofield (CC BY 4.0). http://creativecommons.org/licenses/by/4.0/ GBIF occurrence 5760973052.",gbif,yes,
marine-life-green-sea-turtle,67018,green sea turtle,https://inaturalist-open-data.s3.amazonaws.com/photos/605742502/original.jpg,marine-life-green-sea-turtle,Chelonia mydas,reptiles,,Cheloniidae,Distinctively smooth rounded shell. One pair of plates between the eyes (compare: Hawksbill’s two pairs).,,1.05,0,200,,,,,yes,CC0 1.0,"""Chelonia mydas"" by Dan Horowitz (CC0 1.0). http://creativecommons.org/publicdomain/zero/1.0/ GBIF occurrence 5938064069.",gbif,yes,
marine-life-west-indian-murex,83560,West Indian murex,https://inaturalist-open-data.s3.amazonaws.com/photos/247592032/original.jpg,marine-life-west-indian-murex,Chicoreus brevifrons,invertebrates,snails,Muricidae,Thickened shell with many short irregular protruding knobs. Thickened shell lip. Often covered in red algae.,,0.15,0,83,,,,,,CC0 1.0,"""Chicoreus brevifrons"" by Stari Plativky (CC0 1.0). http://creativecommons.org/publicdomain/zero/1.0/ GBIF occurrence 5133224989.",gbif,yes,
marine-life-bridled-burrfish,4299,Bridled Burrfish,https://inaturalist-open-data.s3.amazonaws.com/photos/602833592/original.jpg,marine-life-bridled-burrfish,Chilomycterus antennatus,fishes,puffers,Diodontidae,Elongated dark patch above pectoral fin and another at base of dorsal fin. Spots on body and tail (not on fins).,,0.3,2,13,Body shape: short and / or deep,,,,,CC BY 4.0,"""Chilomycterus antennatus"" by Josh Noseworthy (CC BY 4.0). http://creativecommons.org/licenses/by/4.0/ GBIF occurrence 6133256353.",gbif,yes,
marine-life-web-burrfish,4300,web burrfish,https://inaturalist-open-data.s3.amazonaws.com/photos/684967247/original.jpg,marine-life-web-burrfish,Chilomycterus antillarum,fishes,puffers,Diodontidae,Yellowish body with honeycomb pattern of dark lines. Large dark patches on back and sides. Fleshy spines held erect.,,0.3,1,44,Body shape: short and / or deep,,,,,CC0 1.0,"""Chilomycterus antillarum"" by Chris Spain (CC0 1.0). http://creativecommons.org/publicdomain/zero/1.0/ GBIF occurrence 6422657473.",gbif,yes,
marine-life-spotfin-burrfish,10206,spotfin burrfish,https://inaturalist-open-data.s3.amazonaws.com/photos/624079827/original.jpg,marine-life-spotfin-burrfish,Chilomycterus reticulatus,fishes,puffers,Diodontidae,Large black spots on body and all fins. Wide dark bars on head and body. Fewer spines than the Porcupinefish.,,0.75,20,100,Body shape: short and / or deep,,,,,CC0 1.0,"""Chilomycterus reticulatus"" by Justin Philbois (CC0 1.0). http://creativecommons.org/publicdomain/zero/1.0/ GBIF occurrence 6178789846.",gbif,yes,
marine-life-spenglers-green-chiton,58400,spengler’s green chiton,https://inaturalist-open-data.s3.amazonaws.com/photos/29636419/original.jpg,marine-life-spenglers-green-chiton,Chiton viridis,invertebrates,chitons,Chitonidae,Oval body with greenish-brown plates. Ribbed triangles on plates. Scaled girdle with brown and cream banding.,,0.05,0,4,,,,,,CC0 1.0,"""Chiton viridis"" by Al Kordesch (CC0 1.0). http://creativecommons.org/publicdomain/zero/1.0/ GBIF occurrence 2814182359.",gbif,yes,
marine-life-blackline-fireworm,37487,blackline fireworm,https://inaturalist-open-data.s3.amazonaws.com/photos/232899658/original.jpeg,marine-life-blackline-fireworm,Chloeia viridis,invertebrates,worms,Amphinomidae,"Each segment has a black line surrounded by white, forming a line down the back. Found in sandy areas.",,0.15,16,189,,,,,,CC BY 4.0,"""Chloeia viridis"" by Dan Schofield (CC BY 4.0). http://creativecommons.org/licenses/by/4.0/ GBIF occurrence 4046293558.",gbif,yes,
marine-life-chicken-liver-sponge,130674,Chicken Liver sponge,https://inaturalist-open-data.s3.amazonaws.com/photos/470833408/original.jpg,marine-life-chicken-liver-sponge,Chondrilla caribensis,sponges,encrusting-sponges,Chondrillidae,"Shiny mustard-yellow to greenish-yellow sponge, often with dark blotches. Pale radiating veins around openings.",,0.3,1,2,,,,,,CC0 1.0,"""Chondrilla caribensis"" by Jean-Paul Boerekamps (CC0 1.0). http://creativecommons.org/publicdomain/zero/1.0/ GBIF occurrence 5076862455.",gbif,yes,
marine-life-shorthorn-decorator-crab,27087,shorthorn decorator crab,,marine-life-shorthorn-decorator-crab,Chorinus heros,invertebrates,crabs,Epialtidae,"Two long horns on rostrum, connected at base. Oval carapace. Claw arms and the first pair of legs are long.",,0.05,0,50,,,,,,© Mickey Charteris — permission required,"Caribbean Reef Life (Mickey Charteris, 4th ed.)",caribbean-reef-life,yes,
marine-life-blue-chromis,crl-515556,blue chromis,https://inaturalist-open-data.s3.amazonaws.com/photos/628184582/original.jpg,marine-life-blue-chromis,Chromis cyanea,fishes,damselfishes,,Bright blue to purplish body. Darker upper body from snout to tail base. Deeply forked tail with black borders.,,0.15,,,,,,,,CC0 1.0,"""Chromis cyanea"" by Kat Sullivan (CC0 1.0). http://creativecommons.org/publicdomain/zero/1.0/ GBIF occurrence 6184804221.",gbif,yes,
marine-life-yellowtail-reeffish,crl-195912,yellowtail reeffish,,marine-life-yellowtail-reeffish,Chromis enchrysura,fishes,damselfishes,,"Blue V on snout. Tail, rear dorsal, anal and pelvic fins yellow. White abdomen and tail base. Florida/N Mexico.",,0.1,,,,,,,,© Mickey Charteris — permission required,"Caribbean Reef Life (Mickey Charteris, 4th ed.)",caribbean-reef-life,yes,
marine-life-sunshinefish,3644,sunshinefish (juvenile),https://inaturalist-open-data.s3.amazonaws.com/photos/470601861/original.jpg,marine-life-sunshinefish,Chromis insolata,fishes,damselfishes,Pomacentridae,Yellow upper body and bright blue or purple abdomen. Bright blue line runs from snout and over top of eye.,,0.16,20,100,Body shape: fusiform / normal,,,,,CC BY 4.0,"""Chromis insolata"" by Dan Schofield (CC BY 4.0). http://creativecommons.org/licenses/by/4.0/ GBIF occurrence 5069995359.",gbif,yes,
marine-life-brown-chromis,crl-965880,brown chromis,https://inaturalist-open-data.s3.amazonaws.com/photos/609033014/original.jpg,marine-life-brown-chromis,Chromis multilineata,fishes,damselfishes,,Yellow on tips on dorsal fin and tail lobes. Small white spot behind dorsal fin. Large dark spot at pectoral base.,,0.2,,,,,,,,CC BY 4.0,"""Chromis multilineata"" by Jan Ebr & Ivana Ebrová (CC BY 4.0). http://creativecommons.org/licenses/by/4.0/ GBIF occurrence 6130572815.",gbif,yes,
marine-life-purple-reeffish,3647,purple reeffish,,,Chromis scotti,fishes,damselfishes,Pomacentridae,Dark blue to bluish-gray body. Bright blue spots on head and blue crescent above eye. Found on deeper reefs.,,0.1,15,116,Body shape: short and / or deep,,,,,,,,,
marine-life-red-tipped-sea-goddess,crl-738002,red-tipped sea goddess,https://inaturalist-open-data.s3.amazonaws.com/photos/622573992/original.jpg,marine-life-red-tipped-sea-goddess,Chromolaichma sedna,invertebrates,nudibranchs,,"White dorsum with ruffled mantle, outlined in red and bright yellow. Red tips on white gills and rhinophores.",,0.05,,,,,,,,CC0 1.0,"""Chromolaichma sedna"" by Justin Philbois (CC0 1.0). http://creativecommons.org/publicdomain/zero/1.0/ GBIF occurrence 6178497701.",gbif,yes,
marine-life-sponge-84508,84508,Sponge,,,Cinachyrella apion,sponges,rope-sponges,Tetillidae,Actual minimum depth (0.4 m) from Ref. 87163. On mangrove roots and peat greater than 0.3 m deep (Ref. 415).,,0.1,0,2,,,,,,,,,,
marine-life-orange-ball-sponge,51739,Orange ball sponge,https://inaturalist-open-data.s3.amazonaws.com/photos/469741810/original.jpg,marine-life-orange-ball-sponge,Cinachyrella kuekenthali,sponges,rope-sponges,Tetillidae,Occurs in medium-energy reef environments and deep hard bottoms (Ref. 85482).,,,4,100,,,,,,CC0 1.0,"""Cinachyrella kuekenthali"" by Jean-Paul Boerekamps (CC0 1.0). http://creativecommons.org/publicdomain/zero/1.0/ GBIF occurrence 5069804843.",gbif,yes,
marine-life-manning-hingebeak,19112,Manning hingebeak,https://inaturalist-open-data.s3.amazonaws.com/photos/615456810/original.jpg,marine-life-manning-hingebeak,Cinetorhynchus manningi,invertebrates,shrimps,Rhynchocinetidae,,,,4,55,,,,,,CC BY 4.0,"""Cinetorhynchus manningi"" by Dan Schofield (CC BY 4.0). http://creativecommons.org/licenses/by/4.0/ GBIF occurrence 6159206280.",gbif,yes,
marine-life-west-indian-top-shell,2879,Magpie Whelk,https://inaturalist-open-data.s3.amazonaws.com/photos/612249201/original.jpg,marine-life-west-indian-top-shell,Cittarium pica,invertebrates,snails,Trochidae,Robust thick-lipped black and white shell. Found near rocky inshores. A commercially harvested species.,,0.14,0,7,,,,,,CC0 1.0,"""Cittarium pica"" by monkeyjodey (CC0 1.0). http://creativecommons.org/publicdomain/zero/1.0/ GBIF occurrence 6159357223.",gbif,yes,
marine-life-western-tubular-alga,141711,western tubular alga,https://oxalis.br.fgov.be/images/V/BR5/010/174/103/440/BR5010174103440V.jpg,marine-life-western-tubular-alga,Cladosiphon occidentalis,plants,brown-algae,Chordariaceae,Undulating gelatinous mass of soft tubular dull brown stalks covered with fine filaments. Can cover large areas.,,0.3,,,,,,,,CC BY 4.0,"""Cladosiphon occidentalis Kylin"" by Meise Botanic Garden (CC BY 4.0). http://creativecommons.org/licenses/by/4.0/ GBIF occurrence 4072425172.",gbif,yes,
marine-life-low-veined-encrusting-sponge,166120,low-veined encrusting sponge,https://inaturalist-open-data.s3.amazonaws.com/photos/469740275/original.jpg,marine-life-low-veined-encrusting-sponge,Clathria curacaoensis,sponges,encrusting-sponges,Microcionidae,Thin-walled encrusting sponge with low star-shaped veins around excurrent openings. Color highly variable.,,0.3,,,,,,,,CC0 1.0,"""Clathria curacaoensis"" by Jean-Paul Boerekamps (CC0 1.0). http://creativecommons.org/publicdomain/zero/1.0/ GBIF occurrence 6441909570.",gbif,yes,
marine-life-rusty-encrusting-sponge,crl-518883,rusty encrusting sponge,,marine-life-rusty-encrusting-sponge,Clathria minuta,sponges,encrusting-sponges,,Reddish-orange encrusting sponge with dark veins and a distinctively transparent outer sheath. Found in shallows.,,0.1,,,,,,,,© Mickey Charteris — permission required,"Caribbean Reef Life (Mickey Charteris, 4th ed.)",caribbean-reef-life,yes,
marine-life-clavelina-oblonga,53607,oblong tunicate,https://inaturalist-open-data.s3.amazonaws.com/photos/524808270/original.jpg,marine-life-clavelina-oblonga,Clavelina oblonga,invertebrates,tunicates,Clavelinidae,Translucent to whitish body with white internal structures visible. White lines around siphons. Found in clusters.,,0.02,0,38,,,,,,CC0 1.0,"""Clavelina oblonga"" by mikoikoi (CC0 1.0). http://creativecommons.org/publicdomain/zero/1.0/ GBIF occurrence 5892983675.",gbif,yes,
marine-life-busy-sea-squirt,53611,painted tunicate,https://inaturalist-open-data.s3.amazonaws.com/photos/349684285/original.jpg,marine-life-busy-sea-squirt,Clavelina picta,invertebrates,tunicates,Clavelinidae,Transparent body with purple circles “painted” around the siphons. Often found in dense clusters of individuals.,,0.02,0,17,,,,,,CC BY 4.0,"""Clavelina picta"" by Daniel Z (CC BY 4.0). http://creativecommons.org/licenses/by/4.0/ GBIF occurrence 4519216244.",gbif,yes,
marine-life-bluebell-tunicate,53614,bluebell tunicate,https://inaturalist-open-data.s3.amazonaws.com/photos/475446941/original.jpeg,marine-life-bluebell-tunicate,Clavelina puertosecensis,invertebrates,tunicates,Clavelinidae,"Opaque, blue to purple body. Siphon rims are paler than the rest of the body. Commonly found in large clusters.",,0.015,60,60,,,,,,CC BY 4.0,"""Clavelina puertosecensis"" by Josiah Londerée (CC BY 4.0). http://creativecommons.org/licenses/by/4.0/ GBIF occurrence 5087611103.",gbif,yes,
marine-life-creole-wrasse,3656,Creole wrasse (terminal),,,Clepticus parrae,fishes,wrasses,Labridae,"Dark purple head and upper body. Rear abdomen, tail base and anal fin yellowish-orange. Light purple tail.",,0.3,8,100,Body shape: fusiform / normal,,,,,,,,,
marine-life-tricolor-hermit,26711,tricolor hermit,https://inaturalist-open-data.s3.amazonaws.com/photos/620957506/original.jpg,marine-life-tricolor-hermit,Clibanarius tricolor,invertebrates,crabs,Diogenidae,"Pale blue legs, banded with red and yellow at the joints. Large black claws with white spots. Blue eyestalks.",,0.015,0,3,,,,,,CC0 1.0,"""Clibanarius tricolor"" by Tommy (CC0 1.0). http://creativecommons.org/publicdomain/zero/1.0/ GBIF occurrence 6179367639.",gbif,yes,
marine-life-sponge-51696,51696,Sponge,https://inaturalist-open-data.s3.amazonaws.com/photos/612498637/original.jpg,marine-life-sponge-51696,Cliona caribbaea,sponges,encrusting-sponges,Clionaidae,"Maximum thickness: 0.2 cm (Ref. 415). Mostly deeper than 6 m, sometimes in shallow rubble (Ref. 415). Also occurs in mangrove ponds (Ref. 86789).",,0.002,1,70,,,,,,CC0 1.0,"""Cliona caribbaea"" by steve b (CC0 1.0). http://creativecommons.org/publicdomain/zero/1.0/ GBIF occurrence 6441545496.",gbif,yes,
marine-life-brown-variable-sponge,51656,Brown variable sponge,https://inaturalist-open-data.s3.amazonaws.com/photos/71813555/original.jpg,marine-life-brown-variable-sponge,Cliona varians,sponges,encrusting-sponges,Clionaidae,"Common on coral reefs, reef flats, seagrass beds and lagoons. Burrows in dead corals. Sporadic shallow excavations on live corals (Ref. 85482). Also in mangrove ponds (Ref. 86789).",,,,,,,,,,CC0 1.0,"""Cliona varians"" by Marissa Balfour (CC0 1.0). http://creativecommons.org/publicdomain/zero/1.0/ GBIF occurrence 6352825070.",gbif,yes,
marine-life-inflated-sea-biscuit,49338,inflated sea biscuit,https://inaturalist-open-data.s3.amazonaws.com/photos/276709275/original.jpg,marine-life-inflated-sea-biscuit,Clypeaster rosaceus,invertebrates,sea-urchins,Clypeasteridae,Flattened brown to reddish hemispherical body with a raised pentagonal design on the back. Short spines.,,0.2,0,285,,,,,,CC0 1.0,"""Clypeaster rosaceus"" by Isaac Collibee (CC0 1.0). http://creativecommons.org/publicdomain/zero/1.0/ GBIF occurrence 5076748822.",gbif,yes,
marine-life-sand-dollar,49330,sand dollar,https://inaturalist-open-data.s3.amazonaws.com/photos/653943592/original.jpg,marine-life-sand-dollar,Clypeaster subdepressus,invertebrates,sea-urchins,Clypeasteridae,Flat brown disc-shaped body with a dark pentagonal design on the back. Very short spines. Buries in sand.,,0.3,5,210,,,,,,CC BY 4.0,"""Clypeaster subdepressus"" by Matteo Bellucci (CC BY 4.0). http://creativecommons.org/licenses/by/4.0/ GBIF occurrence 6273888304.",gbif,yes,
marine-life-wrinkled-pea-crab,21475,Wrinkled pea crab,,marine-life-wrinkled-pea-crab,Clypeasterophilus rugatus,invertebrates,crabs,Pinnotheridae,Flattened carapace with wavy ridges. Brown bands on legs. Commensal with Inflated Sea Biscuits (p. 151).,,0.01,,16,,,,,,© Mickey Charteris — permission required,"Caribbean Reef Life (Mickey Charteris, 4th ed.)",caribbean-reef-life,yes,
marine-life-creeping-fuzz-alga,112953,Creeping fuzz alga,https://inaturalist-open-data.s3.amazonaws.com/photos/361013214/original.jpg,marine-life-creeping-fuzz-alga,Codium intertextum,plants,green-algae,Codiaceae,Smooth fleshy mats of round creeping and overlapping lobes. Dark green and covered in short fine pale hairs.,,0.05,0,20,,,,,,CC0 1.0,"""Codium intertextum"" by Andrew Bleiman (CC0 1.0). http://creativecommons.org/publicdomain/zero/1.0/ GBIF occurrence 4852081398.",gbif,yes,
marine-life-dead-mans-fingers,119027,dead man’s fingers,https://inaturalist-open-data.s3.amazonaws.com/photos/5892983/original.jpeg,marine-life-dead-mans-fingers,Codium isthmocladum,plants,green-algae,Codiaceae,"A bushy growth of rounded dark green branchlets, often covered in very fine hairs. Usually found in the shallows.",,0.2,0,15,,,,,,CC BY 4.0,"""Codium isthmocladum"" by Isaac Chacón (CC BY 4.0). http://creativecommons.org/licenses/by/4.0/ GBIF occurrence 4440724304.",gbif,yes,
marine-life-fleshy-twig-alga,111660,fleshy twig alga,,marine-life-fleshy-twig-alga,Codium repens,plants,green-algae,Codiaceae,"Fleshy dark green leaves with rounded edges, often overlapping to form a thick tangle. Two-lobed branchlets.",,0.025,54,54,,,,,,© Mickey Charteris — permission required,"Caribbean Reef Life (Mickey Charteris, 4th ed.)",caribbean-reef-life,yes,
marine-life-lesser-speckled-cup-coral,46259,Lesser speckled cup coral,https://images.marinespecies.org/159451_colangia-immersa-pourtal-s-1871-corallites-having-both-p2-and-p3.png,marine-life-lesser-speckled-cup-coral,Colangia immersa,corals,cup-corals,Caryophylliidae,,,,0,347,,,,,,CC BY NC SA 4.0,"Photo via WoRMS Photogallery — Lesser speckled cup coral (Colangia immersa); author Name of object: Colangia immersa Pourtalès, 1871; AphiaID 289691, pic 159451",worms,yes,
marine-life-boulder-brain-coral,46678,Boulder brain coral,https://inaturalist-open-data.s3.amazonaws.com/photos/612201942/original.jpg,marine-life-boulder-brain-coral,Colpophyllia natans,corals,brain-corals,Faviidae,Zooxanthellate (Ref. 116012). Common throughout the Caribbean on reef tops (Ref. 415).,,,0,55,,,,,,CC BY 4.0,"""Colpophyllia natans"" by Ian Adams (CC BY 4.0). http://creativecommons.org/licenses/by/4.0/ GBIF occurrence 6321250038.",gbif,yes,
marine-life-west-indian-dovesnail,5324,west Indian Dove snail,https://inaturalist-open-data.s3.amazonaws.com/photos/711573254/original.jpg,marine-life-west-indian-dovesnail,Columbella mercatoria,invertebrates,snails,Columbellidae,Pale orange shell with white highlights. Long thick-walled lip and curved aperture. Pale tan mantle and proboscis.,,0.025,0,81,,,,,,CC0 1.0,"""Columbella mercatoria"" by Lucas Rodrigues (CC0 1.0). http://creativecommons.org/publicdomain/zero/1.0/ GBIF occurrence 6480581334.",gbif,yes,
marine-life-giant-anemone,42615,giant anemone,https://inaturalist-open-data.s3.amazonaws.com/photos/668450563/original.jpg,marine-life-giant-anemone,Condylactis gigantea,invertebrates,anemones,Actiniidae,"The largest of the anemones. Dozens of long tentacles with blue, red or green bulbous tips. Orange or red pedal disc.",,0.3,,,,,,,,CC0 1.0,"""Condylactis gigantea"" by Daniel Estabrooks (CC0 1.0). http://creativecommons.org/publicdomain/zero/1.0/ GBIF occurrence 6352487923.",gbif,yes,
marine-life-gastropod-141169,141169,ovate dove snail,,,Conella ovulata,invertebrates,snails,Columbellidae,Orange to brown shell with a white spire tip and aperture. Creamy white markings form into bands. Purplish mantle.,,0.02,0,10,,,,,,,,,,
marine-life-manytooth-conger,1017,manytooth conger,,marine-life-manytooth-conger,Conger triporiceps,fishes,eels,Congridae,Light blue to pale purple body. Dark borders on blue dorsal and anal fins. Small dark pectorals. Nocturnal.,,1,3,55,Body shape: eel-like,,,,,© Mickey Charteris — permission required,"Caribbean Reef Life (Mickey Charteris, 4th ed.)",caribbean-reef-life,yes,
marine-life-buttonwood,152677,Buttonwood,https://inaturalist-open-data.s3.amazonaws.com/photos/605097979/original.jpg,marine-life-buttonwood,Conocarpus erectus,plants,mangroves,Combretaceae,Intertidal; on muddy bottoms (Ref. 83910).,,,,,,,,,,CC0 1.0,"""Conocarpus erectus"" by Jill DeVito, PhD (CC0 1.0). http://creativecommons.org/publicdomain/zero/1.0/ GBIF occurrence 5938705231.",gbif,yes,
marine-life-carrot-cone,6173,Carrot cone,https://inaturalist-open-data.s3.amazonaws.com/photos/497152828/original.jpeg,marine-life-carrot-cone,Conus daucus,invertebrates,snails,Conidae,Almost flattened spire with a short pointed spire. Fine shallow grooves cover final body whorl. Red mantle.,,0.07,0,240,,,,,,CC BY 4.0,"""Conus daucus"" by Luis Carlos12 (CC BY 4.0). http://creativecommons.org/licenses/by/4.0/ GBIF occurrence 5217184620.",gbif,yes,
marine-life-glory-of-the-atlantic-cone,6341,Glory of Atlantic cone,,,Conus granulatus,invertebrates,snails,Conidae,"Elongated pale orange cone, commonly with central broken band of brown spots on final whorl. Red mantle.",,0.06,0,50,,,,,,,,,,
marine-life-kulkulcan-cone,141195,Kulkulcan cone,,,Conus kulkulcan,invertebrates,snails,Conidae,"Cone-shaped shell with a short pointed spire. Deep red, often a lighter band towards the middle. Dark red mantle.",,0.035,2,15,,,,,,,,,,
marine-life-mouse-cone,6344,Mouse cone,https://inaturalist-open-data.s3.amazonaws.com/photos/377473710/original.jpg,marine-life-mouse-cone,Conus mus,invertebrates,snails,Conidae,Conical spire. Bluish-gray with brown axial streaks. Top of final whorl has low white knobs. Dark red proboscis.,,0.04,0,18,,,,,,CC0 1.0,"""Conus mus"" by Jesse Rorabaugh (CC0 1.0). http://creativecommons.org/publicdomain/zero/1.0/ GBIF occurrence 4855471612.",gbif,yes,
marine-life-alphabet-cone,6359,Alphabet cone,https://inaturalist-open-data.s3.amazonaws.com/photos/605249557/original.jpg,marine-life-alphabet-cone,Conus spurius,invertebrates,snails,Conidae,Pale cone with short pointed spire. Pattern of small red to brownish spots or dashes covering the final whorl.,,0.08,0,64,,,,,,CC BY 4.0,"""Conus spurius"" by Reanne (""Bean"") Dunn (CC BY 4.0). http://creativecommons.org/licenses/by/4.0/ GBIF occurrence 5938076490.",gbif,yes,
marine-life-mottled-sea-star,140837,mottled sea star,https://inaturalist-open-data.s3.amazonaws.com/photos/556127736/original.jpg,marine-life-mottled-sea-star,Copidaster lymani,invertebrates,sea-stars,Ophidiasteridae,Five tubular arms with rounded tips. Red with irregular dark red mottling. Rows of small pits run down the arms.,,0.3,0,34,,,,,,CC0 1.0,"""Copidaster lymani"" by Francesco Cecere (CC0 1.0). http://creativecommons.org/publicdomain/zero/1.0/ GBIF occurrence 5760471229.",gbif,yes,
marine-life-ghost-shrimp,26158,red-orange ghost shrimp,https://inaturalist-open-data.s3.amazonaws.com/photos/210848654/original.jpeg,marine-life-ghost-shrimp,Corallianassa longiventris,invertebrates,shrimps,Callianassidae,"Orange body with red markings at the joints. Large claws of different sizes. Shy, found hiding in holes in the sand.",,0.1,0,4,,,,,,CC BY 4.0,"""Corallianassa longiventris"" by Alison Copeland (CC BY 4.0). http://creativecommons.org/licenses/by/4.0/ GBIF occurrence 4908063121.",gbif,yes,
marine-life-florida-cornirostra,149442,Florida Cornirostra,,marine-life-florida-cornirostra,Cornirostra floridana,invertebrates,snails,Cornirostridae,Black markings visible through translucent rounded shell. Long tentacles with black stripes and a long clear foot.,,0.01,0,1,,,,,,© Mickey Charteris — permission required,"Caribbean Reef Life (Mickey Charteris, 4th ed.)",caribbean-reef-life,yes,
marine-life-spectacular-corolla,6640,Spectacular Corolla,https://inaturalist-open-data.s3.amazonaws.com/photos/476804577/original.jpg,marine-life-spectacular-corolla,Corolla spectabilis,invertebrates,nudibranchs,Cymbuliidae,A sea butterfly with distinctive white speckles and broad disc-shaped wings. Can produce a feeding web up to 2 m wide.,,0.07,,,,,,,,CC0 1.0,"""Corolla spectabilis"" by Isaac Collibee (CC0 1.0). http://creativecommons.org/publicdomain/zero/1.0/ GBIF occurrence 5104335511.",gbif,yes,
marine-life-orange-ball-corallimorph,174173,orange ball corallimorph,,,Corynactis caribbeorum,invertebrates,corallimorphs,Corallimorphidae,Orange body and pale brown to yellow oral disc. Long transparent tentacles tipped with bright orange balls.,,0.05,15,97,,,,,,,,,,
marine-life-common-dolphinfish,6,dolphinfish (mahi-mahi),https://inaturalist-open-data.s3.amazonaws.com/photos/637804794/original.jpg,marine-life-common-dolphinfish,Coryphaena hippurus,fishes,barracudas,Coryphaenidae,Metallic bluish-green with golden abdomen. Males have distinctively pronounced forehead. Found in open ocean.,,2.1,0,85,Body shape: elongated,,,,,CC BY 4.0,"""Coryphaena hippurus"" by Jackie T (CC BY 4.0). http://creativecommons.org/licenses/by/4.0/ GBIF occurrence 6196040044.",gbif,yes,
marine-life-purplering-flabellina,crl-903347,purplering flabellina,https://inaturalist-open-data.s3.amazonaws.com/photos/613060672/original.jpg,marine-life-purplering-flabellina,Coryphellina marcusorum,invertebrates,nudibranchs,,"Translucent to orange body. Long distinctively pointed cerata and rhinophores, with purple rings and pale tips.",,0.025,,,,,,,,CC BY 4.0,"""Coryphellina marcusorum"" by Uma Mezzanotte (CC BY 4.0). http://creativecommons.org/licenses/by/4.0/ GBIF occurrence 6147283088.",gbif,yes,
marine-life-barfin-goby,3841,barfin goby,,,Coryphopterus alloides,fishes,gobies,Gobiidae,Translucent yellow body and orange head. Internal dark bar behind pectoral. Dark blotch near front of dorsal fin.,,0.04,,,Body shape: elongated,,,,,,,,,
marine-life-colon-goby,3842,colon goby,https://inaturalist-open-data.s3.amazonaws.com/photos/625311250/original.jpg,marine-life-colon-goby,Coryphopterus dicrus,fishes,gobies,Gobiidae,"As in C. tortugae but with small brown flecks, spots on top of head, pair of colon-like spots on pectoral base.",,0.05,3,20,Body shape: elongated,,,,,CC BY 4.0,"""Coryphopterus dicrus"" by Matteo Bellucci (CC BY 4.0). http://creativecommons.org/licenses/by/4.0/ GBIF occurrence 6178642767.",gbif,yes,
marine-life-pallid-goby,3843,pallid goby,https://inaturalist-open-data.s3.amazonaws.com/photos/615394253/original.jpg,marine-life-pallid-goby,Coryphopterus eidolon,fishes,gobies,Gobiidae,Pale body with yellow to orange markings. Band from eye to jaw. Black blotches on iris. Dark bar at tail base.,,0.06,6,30,Body shape: fusiform / normal,,,,,CC BY 4.0,"""Coryphopterus eidolon"" by Dan Schofield (CC BY 4.0). http://creativecommons.org/licenses/by/4.0/ GBIF occurrence 6159450755.",gbif,yes,
marine-life-bridled-goby,3844,bridled goby,https://inaturalist-open-data.s3.amazonaws.com/photos/690959138/original.jpg,marine-life-bridled-goby,Coryphopterus glaucofraenum,fishes,gobies,Gobiidae,"As in C. tortugae but with dark X markings along flank, two dark spots at tail base. Prefers shallow silty areas.",,0.08,2,45,Body shape: elongated,,,,,CC BY 4.0,"""Coryphopterus glaucofraenum"" by Josiah Londerée (CC BY 4.0). http://creativecommons.org/licenses/by/4.0/ GBIF occurrence 6469860389.",gbif,yes,
marine-life-glass-goby,3845,glass goby,https://inaturalist-open-data.s3.amazonaws.com/photos/615012790/original.jpg,marine-life-glass-goby,Coryphopterus hyalinus,fishes,gobies,Gobiidae,Translucent orange with white segments along spinal column. Dark scale edges. Pepper spots on lower body.,,0.025,8,52,Body shape: elongated,,,,,CC BY 4.0,"""Coryphopterus hyalinus"" by Dan Schofield (CC BY 4.0). http://creativecommons.org/licenses/by/4.0/ GBIF occurrence 6159213741.",gbif,yes,
marine-life-kuna-goby,63493,Kuna goby,https://inaturalist-open-data.s3.amazonaws.com/photos/156191204/original.jpg,marine-life-kuna-goby,Coryphopterus kuna,fishes,gobies,Gobiidae,Translucent with irregular small brown spots. Distinctive straight line of several tiny black spots along upper iris.,,0.025,10,30,Body shape: fusiform / normal,,,,,CC BY 4.0,"""Coryphopterus kuna"" by Kerry Lewis (CC BY 4.0). http://creativecommons.org/licenses/by/4.0/ GBIF occurrence 3383924276.",gbif,yes,
marine-life-peppermint-goby,3846,Peppermint goby,https://inaturalist-open-data.s3.amazonaws.com/photos/516521877/original.jpg,marine-life-peppermint-goby,Coryphopterus lipernes,fishes,gobies,Gobiidae,"Translucent yellow body. Blue on top of snout and upper edge of eye. Three blue lines from eye, upper one short.",,0.03,0,13,Body shape: fusiform / normal,,,,,CC BY 4.0,"""Coryphopterus lipernes"" by Josh Noseworthy (CC BY 4.0). http://creativecommons.org/licenses/by/4.0/ GBIF occurrence 6133173650.",gbif,yes,
marine-life-masked-goby,3848,masked goby,https://inaturalist-open-data.s3.amazonaws.com/photos/667818669/original.jpg,marine-life-masked-goby,Coryphopterus personatus,fishes,gobies,Gobiidae,The most common goby. Similar to Glass Goby but no dark scale edges or spots. White dash on pectoral fin.,,0.04,3,46,Body shape: fusiform / normal,,,,,CC BY 4.0,"""Coryphopterus personatus"" by Pauline Walsh Jacobson (CC BY 4.0). http://creativecommons.org/licenses/by/4.0/ GBIF occurrence 6352430089.",gbif,yes,
marine-life-bartail-goby,3850,Bartail goby,,marine-life-bartail-goby,Coryphopterus thrix,fishes,gobies,Gobiidae,Pale body with orange to dusky markings. Dark bar at tail base. Black blotches on iris broken into irregular spots.,,0.05,10,20,Body shape: elongated,,,,,© Mickey Charteris — permission required,"Caribbean Reef Life (Mickey Charteris, 4th ed.)",caribbean-reef-life,yes,
marine-life-patch-reef-goby,63732,patch-reef goby,https://inaturalist-open-data.s3.amazonaws.com/photos/335624085/original.jpg,marine-life-patch-reef-goby,Coryphopterus tortugae,fishes,gobies,Gobiidae,Pale with brown and white spots. White bridle under eye. Bar (not spots) at tail base. No spot on lower pectoral fin.,,0.06,,,Body shape: elongated,,,,,CC BY 4.0,"""Coryphopterus tortugae"" by Jay Brasher (CC BY 4.0). http://creativecommons.org/licenses/by/4.0/ GBIF occurrence 4465577296.",gbif,yes,
marine-life-sand-canyon-goby,28076,sand-canyon goby,https://inaturalist-open-data.s3.amazonaws.com/photos/469371755/original.jpg,marine-life-sand-canyon-goby,Coryphopterus venezuelae,fishes,gobies,Gobiidae,"As in C. tortugae but with darker blotch on lower pectoral base, dark bar at tail base. Prefers clean, deeper water.",,0.08,0,,Body shape: elongated,,,,,CC0 1.0,"""Coryphopterus venezuelae"" by Jean-Paul Boerekamps (CC0 1.0). http://creativecommons.org/publicdomain/zero/1.0/ GBIF occurrence 5064086803.",gbif,yes,
marine-life-halimeda-neck-crab,161782,Halimeda neck crab,,,Coryrhynchus algicola,invertebrates,crabs,Inachidae,"Short broadly rounded rostrum. Tubercles between eyes. Decorates with algae, commonly Halimeda. Reef areas.",,0.075,,,,,,,,,,,,
marine-life-longfinger-neck-crab,27021,Longfinger neck crab,,marine-life-longfinger-neck-crab,Coryrhynchus riisei,invertebrates,crabs,Inachidae,Hollow hood-shaped rostrum. Hooked dactyls. Last legs 1.5x longer than carapace. Rubble and seagrass areas.,,0.05,0,140,,,,,,© Mickey Charteris — permission required,"Caribbean Reef Life (Mickey Charteris, 4th ed.)",caribbean-reef-life,yes,
marine-life-shortfinger-neck-crab,27020,shortfinger neck crab,https://inaturalist-open-data.s3.amazonaws.com/photos/455354185/original.jpg,marine-life-shortfinger-neck-crab,Coryrhynchus sidneyi,invertebrates,crabs,Inachidae,"Short rounded rostrum. Last section (dactyl) of rear legs short, half previous section. Reef areas and gorgonians.",,0.05,0,187,,,,,,CC BY 4.0,"""Coryrhynchus sidneyi"" by Andrew McKinlay (CC BY 4.0). http://creativecommons.org/licenses/by/4.0/ GBIF occurrence 6171091762.",gbif,yes,
marine-life-whitenose-pipefish,3280,whitenose pipefish,https://inaturalist-open-data.s3.amazonaws.com/photos/418222757/original.jpg,marine-life-whitenose-pipefish,Cosmocampus albirostris,fishes,pipefishes,Syngnathidae,Distinctively white snout. Brown body with regularly spaced white and dark bars. Found on sandy bottoms.,,0.2,0,50,Body shape: eel-like,,,,,CC0 1.0,"""Cosmocampus albirostris"" by Jim (CC0 1.0). http://creativecommons.org/publicdomain/zero/1.0/ GBIF occurrence 4923592021.",gbif,yes,
marine-life-crested-pipefish,3281,crested pipefish,https://inaturalist-open-data.s3.amazonaws.com/photos/340480901/original.jpg,marine-life-crested-pipefish,Cosmocampus brachycephalus,fishes,pipefishes,Syngnathidae,Short upturned snout. Brown body with darker broken stripes. Transparent tail. Usually found in areas of algae.,,0.12,,,Body shape: eel-like,,,,,CC BY 4.0,"""Cosmocampus brachycephalus"" by Pauline Walsh Jacobson (CC BY 4.0). http://creativecommons.org/licenses/by/4.0/ GBIF occurrence 4465488274.",gbif,yes,
marine-life-shortfin-pipefish-variation,3297,shortfin pipefish (variation),https://inaturalist-open-data.s3.amazonaws.com/photos/582260673/original.jpg,marine-life-shortfin-pipefish-variation,Cosmocampus elucens,fishes,pipefishes,Syngnathidae,"A rare lavender variation of Shortfin Pipefish, often in shallower water. Darker varieties are found up to 300m.",,0.15,1,345,Body shape: eel-like,,,,,CC0 1.0,"""Cosmocampus elucens"" by Justin Philbois (CC0 1.0). http://creativecommons.org/publicdomain/zero/1.0/ GBIF occurrence 5909278958.",gbif,yes,
marine-life-sand-costasiella,crl-651673,Sand costasiella,https://inaturalist-open-data.s3.amazonaws.com/photos/167960570/original.jpg,marine-life-sand-costasiella,Costasiella arenaria,invertebrates,sea-slugs,,Pale green to dark brown with bright speckles on dense cerata. Brown line on rhinophores. Found on fine sand.,,,,,,,,,,CC BY 4.0,"""Costasiella arenaria"" by Pauline Walsh Jacobson (CC BY 4.0). http://creativecommons.org/licenses/by/4.0/ GBIF occurrence 3416143755.",gbif,yes,
marine-life-costasiella-nonatoi,8422,Black costasiella,,marine-life-costasiella-nonatoi,Costasiella nonatoi,invertebrates,sea-slugs,Costasiellidae,Black with white patches around eye and outer edge of rhinophores. Black cerata with white spots. White foot.,,0.005,2,3,,,,,,© Mickey Charteris — permission required,"Caribbean Reef Life (Mickey Charteris, 4th ed.)",caribbean-reef-life,yes,
marine-life-eyespot-costasiella,8421,eyespot costasiella,https://inaturalist-open-data.s3.amazonaws.com/photos/495649232/original.jpg,marine-life-eyespot-costasiella,Costasiella ocellifera,invertebrates,sea-slugs,Costasiellidae,Bulbous pointed green cerata with orange bands and black spots. Often a small blue spot above close-set black eyes.,,0.01,2,10,,,,,,CC BY 4.0,"""Costasiella ocellifera"" by Dan Schofield (CC BY 4.0). http://creativecommons.org/licenses/by/4.0/ GBIF occurrence 5153007166.",gbif,yes,
marine-life-brown-bowl-sponge,51346,Brown bowl sponge,https://inaturalist-open-data.s3.amazonaws.com/photos/470239231/original.jpg,marine-life-brown-bowl-sponge,Cribrochalina vasculum,sponges,barrel-sponges,Niphatidae,,,,,,,,,,,CC0 1.0,"""Cribrochalina vasculum"" by Jean-Paul Boerekamps (CC0 1.0). http://creativecommons.org/publicdomain/zero/1.0/ GBIF occurrence 5069983211.",gbif,yes,
marine-life-red-swimcrab,26805,blackpoint sculling crab,https://inaturalist-open-data.s3.amazonaws.com/photos/304907035/original.jpeg,marine-life-red-swimcrab,Cronius ruber,invertebrates,crabs,Portunidae,Brown to brick-red carapace with darker mottling. Red stripes on walking legs. Claws banded with red to black.,,0.075,0,110,,,,,,CC0 1.0,"""Cronius ruber"" by Justin Philbois (CC0 1.0). http://creativecommons.org/publicdomain/zero/1.0/ GBIF occurrence 4172043548.",gbif,yes,
marine-life-white-barred-chiton,58278,White-barred chiton,https://inaturalist-open-data.s3.amazonaws.com/photos/617547661/original.jpg,marine-life-white-barred-chiton,Cryptoconchus floridanus,invertebrates,chitons,Acanthochitonidae,"Dark, almost black mantle covers most of the plates’ surface, leaving a thin white line visible down the center.",,0.025,0,3,,,,,,CC BY 4.0,"""Cryptoconchus floridanus"" by Dan Schofield (CC BY 4.0). http://creativecommons.org/licenses/by/4.0/ GBIF occurrence 6162912166.",gbif,yes,
marine-life-cryptic-blade-alga,crl-224734,cryptic blade alga,,marine-life-cryptic-blade-alga,Cryptonemia crenulata,plants,red-algae,,Elongated thick-walled dark red leaves. Blade edges are rough and crenelated. Found growing in small clusters.,,0.1,,,,,,,,© Mickey Charteris — permission required,"Caribbean Reef Life (Mickey Charteris, 4th ed.)",caribbean-reef-life,yes,
marine-life-bluelip-parrotfish,3674,bluelip parrotfish (terminal),https://inaturalist-open-data.s3.amazonaws.com/photos/287359684/original.jpg,marine-life-bluelip-parrotfish,Cryptotomus roseus,fishes,parrotfishes,Scaridae,Thin pink stripes from eye to snout. Pink spots behind gill cover continue into a wide pink stripe to tail base.,,0.13,,60,Body shape: fusiform / normal,,,,,CC BY 4.0,"""Cryptotomus roseus"" by Pauline Walsh Jacobson (CC BY 4.0). http://creativecommons.org/licenses/by/4.0/ GBIF occurrence 4130093195.",gbif,yes,
marine-life-dash-goby,3864,dash goby,https://inaturalist-open-data.s3.amazonaws.com/photos/478146390/original.jpg,marine-life-dash-goby,Ctenogobius saepepallens,fishes,gobies,Gobiidae,Dark bar through eye onto cheek. Row of dark midlateral dashes. Males have a dark patch on the lower gill cover.,,0.05,0,40,Body shape: elongated,,,,,CC BY 4.0,"""Ctenogobius saepepallens"" by James-LaFontaine (CC BY 4.0). http://creativecommons.org/licenses/by/4.0/ GBIF occurrence 5104421366.",gbif,yes,
marine-life-rough-fileclam,102264,rough fileclam,https://inaturalist-open-data.s3.amazonaws.com/photos/581853657/original.jpg,marine-life-rough-fileclam,Ctenoides scaber,invertebrates,clams,Limidae,"Rounded valves and deep red mantle folds. Long white, red or pink tentacles. Found hiding in narrow crevices.",,0.09,0,141,,,,,,CC0 1.0,"""Ctenoides scaber"" by Justin Philbois (CC0 1.0). http://creativecommons.org/publicdomain/zero/1.0/ GBIF occurrence 5868171382.",gbif,yes,
marine-life-american-grass-shrimp,24953,American Grass shrimp,,,Cuapetes americanus,invertebrates,shrimps,Palaemonidae,"Pale translucent body. Straight rostrum, slightly curved at the tip. Stalked eyes. Distinctively elongated claw arms.",,0.025,1,73,,,,,,,,,,
marine-life-black-coral,45182,Black coral,,,Cupressopathes gracilis,corals,black-corals,Myriopathidae,,,,,,,,,,,,,,,
marine-life-spotfin-flounder,4219,spotfin flounder,https://inaturalist-open-data.s3.amazonaws.com/photos/48267113/original.jpeg,marine-life-spotfin-flounder,Cyclopsetta fimbriata,fishes,flounders,Cyclopsettidae,Pale brown body. Two large dark spots on both dorsal and anal fins. Spot behind pectoral base and on tail.,,0.33,20,230,Body shape: short and / or deep,,,,,CC BY 4.0,"""Cyclopsetta fimbriata"" by Jaime Eduardo García Zúñiga (CC BY 4.0). http://creativecommons.org/licenses/by/4.0/ GBIF occurrence 2350443609.",gbif,yes,
marine-life-planktonic-tunicate,55870,Planktonic tunicate,https://inaturalist-open-data.s3.amazonaws.com/photos/205954545/original.jpg,marine-life-planktonic-tunicate,Cyclosalpa affinis,invertebrates,tunicates,Salpidae,"Transparent body, often with blue markings. Faint muscles and reddish digestive tracts can usually be seen. Pelagic.",,0.05,,,,,,,,CC BY 4.0,"""Cyclosalpa affinis"" by steamedfish (CC BY 4.0). http://creativecommons.org/licenses/by/4.0/ GBIF occurrence 3860725574.",gbif,yes,
marine-life-antilles-glass-slug,8343,Antilles Glass Slug,https://inaturalist-open-data.s3.amazonaws.com/photos/695151712/original.jpg,marine-life-antilles-glass-slug,Cyerce antillensis,invertebrates,sea-slugs,Hermaeidae,Transparent cerata with irregular white-tipped edges. Long oral tentacles. Feeds on Watercress Alga (p. 23).,,0.06,1,5,,,,,,CC BY 4.0,"""Cyerce antillensis"" by Gregor Bailar (CC BY 4.0). http://creativecommons.org/licenses/by/4.0/ GBIF occurrence 6441338087.",gbif,yes,
marine-life-harlequin-glass-slug,8344,harlequin glass slug,,,Cyerce cristallina,invertebrates,sea-slugs,Hermaeidae,Pale body and purple rhinphores. Large translucent cerata have brownish to bright purple tips and thin white lines.,,0.05,1,5,,,,,,,,,,
marine-life-wavy-cymatioa,crl-350849,Wavy Cymatioa,,marine-life-wavy-cymatioa,Cymatioa undulata,invertebrates,clams,,Rounded glossy white valves with thin faint ribs. Found in rubble. Long foot used to move quickly into shelter.,,0.06,,,,,,,,© Mickey Charteris — permission required,"Caribbean Reef Life (Mickey Charteris, 4th ed.)",caribbean-reef-life,yes,
marine-life-bahama-simnia,3900,bahama simnia,,marine-life-bahama-simnia,Cymbovula acicularis,invertebrates,snails,Ovulidae,Elongated glossy shell and pale mantle. Thin orange line runs along mantle edge. (Previously C. bahamensis.),,0.02,0,60,,,,,,© Mickey Charteris — permission required,"Caribbean Reef Life (Mickey Charteris, 4th ed.)",caribbean-reef-life,yes,
marine-life-triangular-cyphoma,crl-322881,Triangular Cyphoma,https://inaturalist-open-data.s3.amazonaws.com/photos/640777487/original.jpg,marine-life-triangular-cyphoma,Cyphoma cassidyae,invertebrates,snails,,Elongated shell with white triangles on edges of black or mottled mantle. (Previously Cyphoma “black morph.”),,0.025,,,,,,,,CC BY 4.0,"""Cyphoma cassidyae"" by Dan Schofield (CC BY 4.0). http://creativecommons.org/licenses/by/4.0/ GBIF occurrence 6234977525.",gbif,yes,
marine-life-flamingo-tounge-snail,4839,flamingo tongue,https://inaturalist-open-data.s3.amazonaws.com/photos/604652575/original.jpg,marine-life-flamingo-tounge-snail,Cyphoma gibbosum,invertebrates,snails,Ovulidae,"Pale bulbous shell is wider in the middle. Creamy mantle has orange spots circled in black, often covering the shell.",,0.025,0,29,,,,,,CC BY 4.0,"""Cyphoma gibbosum"" by Jan Ebr & Ivana Ebrová (CC BY 4.0). http://creativecommons.org/licenses/by/4.0/ GBIF occurrence 5938644839.",gbif,yes,
marine-life-fingerprint-cyphoma,4843,fingerprint cyphoma,https://inaturalist-open-data.s3.amazonaws.com/photos/466613900/original.jpg,marine-life-fingerprint-cyphoma,Cyphoma signatum,invertebrates,snails,Ovulidae,"Mantle has thin orange lines bordered in black, arranged in a fingerprint pattern. (Previously Cyphoma gibbosum.)",,0.025,0,90,,,,,,CC BY 4.0,"""Cyphoma signatum"" by Pauline Walsh Jacobson (CC BY 4.0). http://creativecommons.org/licenses/by/4.0/ GBIF occurrence 5063528940.",gbif,yes,
marine-life-reticulate-cowrie-helmet,4887,reticulate cowrie-helmet,https://inaturalist-open-data.s3.amazonaws.com/photos/602609932/original.jpg,marine-life-reticulate-cowrie-helmet,Cypraecassis testiculus,invertebrates,snails,Cassidae,Rounded shell with longitudinal ridges. Broad broken lines of brown or black and white surround the shell.,,0.09,0,60,,,,,,CC0 1.0,"""Cypraecassis testiculus"" by Karen McCabe (CC0 1.0). http://creativecommons.org/publicdomain/zero/1.0/ GBIF occurrence 6171171855.",gbif,yes,
marine-life-flying-gurnard,1021,Flying gurnard,https://inaturalist-open-data.s3.amazonaws.com/photos/628184403/original.jpg,marine-life-flying-gurnard,Dactylopterus volitans,fishes,searobins,Dactylopteridae,"Blunt snout and tapering body. Large wing-like pectoral fins extend to tail base, with bright blue spots and lines.",,0.45,1,100,Body shape: fusiform / normal,,,,,CC0 1.0,"""Dactylopterus volitans"" by Kat Sullivan (CC0 1.0). http://creativecommons.org/publicdomain/zero/1.0/ GBIF occurrence 6185318680.",gbif,yes,
marine-life-bareye-hermit,26115,Bareye hermit,https://inaturalist-open-data.s3.amazonaws.com/photos/559556258/original.jpg,marine-life-bareye-hermit,Dardanus fucosus,invertebrates,crabs,Diogenidae,Purple body and claws with red highlights. Blue eyes with distinctive horizontal black bars and tufts of bristles.,,0.13,0,365,,,,,,CC BY 4.0,"""Dardanus fucosus"" by Pauline Walsh Jacobson (CC BY 4.0). http://creativecommons.org/licenses/by/4.0/ GBIF occurrence 5761189575.",gbif,yes,
marine-life-stareye-hermit,26713,stareye hermit,https://inaturalist-open-data.s3.amazonaws.com/photos/610888156/original.jpg,marine-life-stareye-hermit,Dardanus venosus,invertebrates,crabs,Diogenidae,Red to purple with short brown bristles. Banded legs. Blue eyes with a distinctive star-shaped pattern.,,0.13,18,225,,,,,,CC BY 4.0,"""Dardanus venosus"" by Matteo Bellucci (CC BY 4.0). http://creativecommons.org/licenses/by/4.0/ GBIF occurrence 6159134911.",gbif,yes,
marine-life-antilles-shaggy-alga,122760,Antilles Shaggy alga,,marine-life-antilles-shaggy-alga,Dasya antillarum,plants,red-algae,Dasyaceae,Brown to purplish stalks with fine filamentous hair-like branchlets. Grows in clusters on shallower reefs.,,0.12,,,,,,,,© Mickey Charteris — permission required,"Caribbean Reef Life (Mickey Charteris, 4th ed.)",caribbean-reef-life,yes,
marine-life-branching-bush-alga,crl-715651,Branching Bush alga,,marine-life-branching-bush-alga,Dasya ramosissima,plants,red-algae,,Tall reddish-brown stalks with short fluffy alternating tufts of branchlets. Found in protected areas on deeper reefs.,,0.3,,,,,,,,© Mickey Charteris — permission required,"Caribbean Reef Life (Mickey Charteris, 4th ed.)",caribbean-reef-life,yes,
marine-life-shaggy-branch-alga,125387,Shaggy branch alga,https://inaturalist-open-data.s3.amazonaws.com/photos/649618456/original.jpg,marine-life-shaggy-branch-alga,Dasycladus vermicularis,plants,green-algae,Dasycladaceae,"Fuzzy cylindrical branches in dense clusters. Found growing on hard substrates in shallow, sheltered areas.",,0.06,,,,,,,,CC BY 4.0,"""Dasycladus vermicularis"" by Xavier Mas (CC BY 4.0). http://creativecommons.org/licenses/by/4.0/ GBIF occurrence 6252615198.",gbif,yes,
marine-life-beaded-crinoid,140841,beaded crinoid,https://inaturalist-open-data.s3.amazonaws.com/photos/610667036/original.jpg,marine-life-beaded-crinoid,Davidaster discoideus,invertebrates,crinoids,Comatulidae,"Twenty arms, usually golden. Side branches are tinged with silver and often have black tips. Hides in crevices.",,0.15,1,100,,,,,,CC BY 4.0,"""Davidaster discoideus"" by Dan Schofield (CC BY 4.0). http://creativecommons.org/licenses/by/4.0/ GBIF occurrence 6130757993.",gbif,yes,
marine-life-golden-crinoid,140840,golden crinoid,https://inaturalist-open-data.s3.amazonaws.com/photos/594234854/original.jpg,marine-life-golden-crinoid,Davidaster rubiginosus,invertebrates,crinoids,Comatulidae,"Twenty to forty arms of either yellow, brown or black. Side branches are golden or black with golden tips.",,0.37,0,50,,,,,,CC0 1.0,"""Davidaster rubiginosus"" by Justin Philbois (CC0 1.0). http://creativecommons.org/publicdomain/zero/1.0/ GBIF occurrence 5903774118.",gbif,yes,
marine-life-mackerel-scad,993,mackerel scad,https://inaturalist-open-data.s3.amazonaws.com/photos/621167518/original.jpg,marine-life-mackerel-scad,Decapterus macarellus,fishes,jacks,Carangidae,Bluish-green upper body. Often a yellow midbody stripe. No spots on lateral line. Dark spot on upper gill cover.,,0.44,0,400,Body shape: fusiform / normal,,,,,CC0 1.0,"""Decapterus macarellus"" by Justin Philbois (CC0 1.0). http://creativecommons.org/publicdomain/zero/1.0/ GBIF occurrence 6179154619.",gbif,yes,
marine-life-round-scad,994,round scad,https://inaturalist-open-data.s3.amazonaws.com/photos/582648757/original.jpg,marine-life-round-scad,Decapterus punctatus,fishes,jacks,Carangidae,Elongated silvery body. A line of small black dots along curved part of lateral line. Large scutes near dusky tail.,,0.36,0,100,Body shape: fusiform / normal,,,,,CC0 1.0,"""Decapterus punctatus"" by nickjeff13 (CC0 1.0). http://creativecommons.org/publicdomain/zero/1.0/ GBIF occurrence 5897132933.",gbif,yes,
marine-life-redtail-scad,995,redtail scad,https://collections.nmnh.si.edu/media/?i=11429792&h=2000,marine-life-redtail-scad,Decapterus tabl,fishes,jacks,Carangidae,"Slender silvery body with a bluish stripe. Red dorsal and pectoral fins and tail. Pelagic, may school on deep reefs.",,0.51,7,550,Body shape: fusiform / normal,,,,,CC0 1.0,"""Decapterus tabl RAD117231-001"" by Division of Fishes (CC0 1.0). http://creativecommons.org/publicdomain/zero/1.0/ GBIF occurrence 1456278133.",gbif,yes,
marine-life-frond-oyster,48113,frond oyster,https://inaturalist-open-data.s3.amazonaws.com/photos/614326727/original.jpg,marine-life-frond-oyster,Dendostrea frons,invertebrates,oysters,Ostreidae,Valve edges have a distinctive zigzag pattern. Often attached to gorgonians and encrusted with sponge.,,0.07,0,104,,,,,,CC0 1.0,"""Dendostrea frons"" by monkeyjodey (CC0 1.0). http://creativecommons.org/publicdomain/zero/1.0/ GBIF occurrence 6147388025.",gbif,yes,
marine-life-pillar-coral,45895,Pillar coral,https://inaturalist-open-data.s3.amazonaws.com/photos/629708622/original.jpg,marine-life-pillar-coral,Dendrogyra cylindrus,corals,branching-corals,Meandrinidae,Zooxanthellate (Ref. 116012).,,,0,2000,,,,,,CC0 1.0,"""Dendrogyra cylindrus"" by Bonnie Isaac (CC0 1.0). http://creativecommons.org/publicdomain/zero/1.0/ GBIF occurrence 6185029689.",gbif,yes,
marine-life-feather-bush-hydroid,89246,feather bush hydroid,https://inaturalist-open-data.s3.amazonaws.com/photos/216614021/original.jpg,marine-life-feather-bush-hydroid,Dentitheca dendritica,invertebrates,hydroids,Plumulariidae,Thick central stalks branch repeatedly to form a loose bush. Often covered in Hydroid Zoanthids (p. 127).,,0.35,,,,,,,,CC BY 4.0,"""Dentitheca dendritica"" by Donald Davesne (CC BY 4.0). http://creativecommons.org/licenses/by/4.0/ GBIF occurrence 3873843608.",gbif,yes,
marine-life-lumpy-overgrowing-sponge,84491,Lumpy overgrowing sponge,https://inaturalist-open-data.s3.amazonaws.com/photos/469739569/original.jpg,marine-life-lumpy-overgrowing-sponge,Desmapsamma anchorata,sponges,encrusting-sponges,Desmacididae,"Known from rocky bottoms (Ref. 83912). Widely distributed in shallow reef habitats, lagoons (Ref. 415), mangrove and seagrass. Early colonizer of shallow artificial reefs (Ref. 85482). Commensal with amphipods (Ref. 82302).",,0.005,0,75,,,,,,CC0 1.0,"""Desmapsamma anchorata"" by Jean-Paul Boerekamps (CC0 1.0). http://creativecommons.org/publicdomain/zero/1.0/ GBIF occurrence 5909081933.",gbif,yes,
marine-life-long-spined-urchin-variation,49970,long-spined urchin (variation),https://inaturalist-open-data.s3.amazonaws.com/photos/612498589/original.jpg,marine-life-long-spined-urchin-variation,Diadema antillarum,invertebrates,sea-urchins,Diadematidae,A less common variation with white spines. Individuals may be found with both black and white spines together.,,,0,400,,,,,,CC0 1.0,"""Diadema antillarum"" by steve b (CC0 1.0). http://creativecommons.org/publicdomain/zero/1.0/ GBIF occurrence 6133268419.",gbif,yes,
marine-life-farmers-diaulula,151367,Farmer’s Diaulula,,,Diaulula farmersi,invertebrates,nudibranchs,Discodorididae,Dirty yellow dorsum with brown patches. Low sheaths on dark rhinophores. Rows of white glands around mantle.,,0.04,,,,,,,,,,,,
marine-life-brown-diaulula,crl-760928,Brown Diaulula,,,Diaulula phoca,invertebrates,nudibranchs,,"Purplish-brown dorsum with tiny tubercles, rhinophores and gills of same color. Rigid mantle. Feeds on sponges.",,0.05,,,,,,,,,,,,
marine-life-blunt-thicket-alga,141830,Blunt thicket alga,,,Dichotomaria obtusata,plants,red-algae,Galaxauraceae,Clusters of pink to creamy-red cylindrical branches. Branches are smooth and elongated with sparse hairs.,,0.25,,,,,,,,,,,,
marine-life-dichotomous-medusa,42937,Dichotomous Medusa,https://images.marinespecies.org/169133_dichotomia-cannoides-from-gulfstream-off-florida-bell-height-6-mm.jpg,marine-life-dichotomous-medusa,Dichotomia cannoides,invertebrates,jellies,Dipleurosomatidae,Elongated bell with visible golden brown branching canals. Long thin tentacles retracted when swimming.,,0.015,,,,,,,,WoRMS Photogallery,"Photo via WoRMS Photogallery — Dichotomous Medusa (Dichotomia cannoides); author Whitaker, Andrea; AphiaID 289810, pic 169133",worms,yes,
marine-life-green-bubble-weed,126191,green bubble weed,https://inaturalist-open-data.s3.amazonaws.com/photos/526784949/original.jpg,marine-life-green-bubble-weed,Dictyosphaeria cavernosa,plants,green-algae,Valoniaceae,Light green bulbous shapes with small rounded knobs giving them a cobbled texture. Often found in clusters.,,0.05,0,40,,,,,,CC0 1.0,"""Dictyosphaeria cavernosa"" by Damien Wallace (CC0 1.0). http://creativecommons.org/publicdomain/zero/1.0/ GBIF occurrence 5216931132.",gbif,yes,
marine-life-yellow-blade-alga,114778,yellow blade alga,https://oxalis.br.fgov.be/images/V/BR5/010/121/797/654/BR5010121797654V.jpg,marine-life-yellow-blade-alga,Dictyota bartayresiana,plants,brown-algae,Dictyotaceae,Small twin-lobed yellow blades with thin olive-brown bands. Often found with n sheen of green or bluish iridescence.,,0.025,0,108,,,,,,CC BY 4.0,"""Dictyota bartayresiana J.V.Lamour."" by Meise Botanic Garden (CC BY 4.0). http://creativecommons.org/licenses/by/4.0/ GBIF occurrence 4072377939.",gbif,yes,
marine-life-serrated-strap-alga,126634,serrated strap alga,https://inaturalist-open-data.s3.amazonaws.com/photos/597985204/original.jpg,marine-life-serrated-strap-alga,Dictyota ciliolata,plants,brown-algae,Dictyotaceae,Bushy structures with flat blades. Distinctively small marginal teeth. Yellow to brownish with light banding.,,0.2,,,,,,,,CC0 1.0,"""Dictyota ciliolata"" by Lucas Rodrigues (CC0 1.0). http://creativecommons.org/publicdomain/zero/1.0/ GBIF occurrence 5932782602.",gbif,yes,
marine-life-notched-blade-alga,116798,notched blade alga,,marine-life-notched-blade-alga,Dictyota crenulata,plants,brown-algae,Dictyotaceae,Twin-lobed pale brown blades growing in small clusters. The tips of each blade are edged in a lighter brown.,,0.04,0,15,,,,,,© Mickey Charteris — permission required,"Caribbean Reef Life (Mickey Charteris, 4th ed.)",caribbean-reef-life,yes,
marine-life-y-branched-alga,119430,Y-branched alga,https://inaturalist-open-data.s3.amazonaws.com/photos/557237361/original.jpg,marine-life-y-branched-alga,Dictyota humifusa,plants,brown-algae,Dictyotaceae,"Flat interwoven mat of stubby notched blades. Light brown to green, often with a brilliant blue iridescence.",,0.05,,,,,,,,CC BY 4.0,"""Dictyota humifusa"" by Ben Jobson (CC BY 4.0). http://creativecommons.org/licenses/by/4.0/ GBIF occurrence 5760831537.",gbif,yes,
marine-life-flower-blade-alga,124414,flower blade alga,https://inaturalist-open-data.s3.amazonaws.com/photos/231688013/original.jpg,marine-life-flower-blade-alga,Dictyota menstrualis,plants,brown-algae,Dictyotaceae,"Dense clusters of twin-lobed dark brown blades edged in yellow, with yellow speckles. Can cover large areas.",,0.025,,,,,,,,CC BY 4.0,"""Dictyota menstrualis"" by Thomas Irvine (CC BY 4.0). http://creativecommons.org/licenses/by/4.0/ GBIF occurrence 3915269695.",gbif,yes,
marine-life-narrow-blade-alga,122880,narrow blade alga,,marine-life-narrow-blade-alga,Dictyota pulchella,plants,brown-algae,Dictyotaceae,Clusters of thin flat leaves becoming narrower with each branching. Olive-brown with a bright green iridescence.,,0.1,0,70,,,,,,© Mickey Charteris — permission required,"Caribbean Reef Life (Mickey Charteris, 4th ed.)",caribbean-reef-life,yes,
marine-life-white-speck-tunicate,89097,white speck tunicate,https://inaturalist-open-data.s3.amazonaws.com/photos/263863338/original.jpg,marine-life-white-speck-tunicate,Didemnum conchyliatum,invertebrates,tunicates,Didemnidae,"Usually orange with white specks, in a tunic with shared excurrent siphons. Found growing in small clusters.",,0.05,0,3,,,,,,CC BY 4.0,"""Didemnum conchyliatum"" by Robin White (CC BY 4.0). http://creativecommons.org/licenses/by/4.0/ GBIF occurrence 4606528206.",gbif,yes,
marine-life-didemnum-vanderhorsti,53997,black overgrowing tunicate,,marine-life-didemnum-vanderhorsti,Didemnum vanderhorsti,invertebrates,tunicates,Didemnidae,Colony made up of many tiny individuals in a common swollen black tunic. Scattered pale incurrent siphons.,,0.1,0,60,,,,,,© Mickey Charteris — permission required,"Caribbean Reef Life (Mickey Charteris, 4th ed.)",caribbean-reef-life,yes,
marine-life-colorful-sea-rod,44741,Colorful sea rod,,,Diodogorgia nodulifera,corals,octocorals,Anthothelidae,"Found on bay and nearshore, and outer continental shelf (Ref.109199).",,,30,183,,,,,,,,,,
marine-life-balloonfish,4659,Balloonfish,https://inaturalist-open-data.s3.amazonaws.com/photos/618110067/original.jpg,marine-life-balloonfish,Diodon holocanthus,fishes,puffers,Diodontidae,Olive to brown with small black spots. Brown bar through eye. Dark patches above pectoral and at dorsal base.,,0.6,2,200,Body shape: short and / or deep,,,,,CC0 1.0,"""Diodon holocanthus"" by Carlos Ceballos (CC0 1.0). http://creativecommons.org/publicdomain/zero/1.0/ GBIF occurrence 6163328517.",gbif,yes,
marine-life-spot-fin-porcupinefish,1022,Porcupinefish,https://inaturalist-open-data.s3.amazonaws.com/photos/605409008/original.jpg,marine-life-spot-fin-porcupinefish,Diodon hystrix,fishes,puffers,Diodontidae,Light gray with a paler abdomen. Small black spots on body and fins. No dark bars (compare: C. reticulatus).,,0.9,2,50,Body shape: short and / or deep,,,,,CC BY 4.0,"""Diodon hystrix"" by Raúl A. Ruiz M. (CC BY 4.0). http://creativecommons.org/licenses/by/4.0/ GBIF occurrence 6129986635.",gbif,yes,
marine-life-listers-keyhole-limpet,2619,Lister’s Keyhole Limpet,https://inaturalist-open-data.s3.amazonaws.com/photos/602610429/original.jpg,marine-life-listers-keyhole-limpet,Diodora listeri,invertebrates,limpets,Fissurellidae,Thick rough-sculptured shell. Tall major ribs with a wavy pattern. Knobby white mantle with distinct dark bands.,,0.04,0,500,,,,,,CC0 1.0,"""Diodora listeri"" by Karen McCabe (CC0 1.0). http://creativecommons.org/publicdomain/zero/1.0/ GBIF occurrence 5935367207.",gbif,yes,
marine-life-dwarf-keyhole-limpet,2620,Dwarf Keyhole Limpet,https://inaturalist-open-data.s3.amazonaws.com/photos/672164831/original.jpg,marine-life-dwarf-keyhole-limpet,Diodora minuta,invertebrates,limpets,Fissurellidae,Pale oval shell with distinctive beaded black ribs. Convex in front and concave behind the dark-rimmed aperture.,,0.016,0,132,,,,,,CC0 1.0,"""Diodora minuta"" by Kaden Stebbins (CC0 1.0). http://creativecommons.org/publicdomain/zero/1.0/ GBIF occurrence 6399321757.",gbif,yes,
marine-life-dwarf-sand-perch,3318,dwarf sand perch,https://inaturalist-open-data.s3.amazonaws.com/photos/348049758/original.jpg,marine-life-dwarf-sand-perch,Diplectrum bivittatum,fishes,basses,Serranidae,"Pale, with dark stripes on upper body. Dark bar from snout, through eye to tail base. Blue markings on cheek.",,0.25,,100,Body shape: fusiform / normal,,,,,CC BY 4.0,"""Diplectrum bivittatum"" by James-LaFontaine (CC BY 4.0). http://creativecommons.org/licenses/by/4.0/ GBIF occurrence 4987478861.",gbif,yes,
marine-life-sand-perch,1203,sand perch,https://inaturalist-open-data.s3.amazonaws.com/photos/489392455/original.jpeg,marine-life-sand-perch,Diplectrum formosum,fishes,basses,Serranidae,Orange-brown with pale blue stripes. Darker bars while resting. Blue markings on snout (compare: D. bivittatum).,,0.3,1,80,Body shape: fusiform / normal,,,,,CC0 1.0,"""Diplectrum formosum"" by Lucas Rodrigues (CC0 1.0). http://creativecommons.org/publicdomain/zero/1.0/ GBIF occurrence 5134547197.",gbif,yes,
marine-life-silver-porgy,3574,Silver porgy,https://inaturalist-open-data.s3.amazonaws.com/photos/613293820/original.jpg,marine-life-silver-porgy,Diplodus argenteus,fishes,porgies,Sparidae,"Silvery body with large black spot at upper tail base, which may form a saddle. White spine on pelvic fin.",,0.3,0,,Body shape: fusiform / normal,,,,,CC BY 4.0,"""Diplodus argenteus"" by Benjamin Bender (CC BY 4.0). http://creativecommons.org/licenses/by/4.0/ GBIF occurrence 6147460236.",gbif,yes,
marine-life-spotted-dragonet,3825,spotted dragonet,https://inaturalist-open-data.s3.amazonaws.com/photos/197253651/original.jpg,marine-life-spotted-dragonet,Diplogrammus pauciradiatus,fishes,lizardfishes,Callionymidae,"Heavily mottled and spotted body. Flexible dorsal spines. Skin keel along lower body, with a row of dark spots.",,0.06,,,Body shape: elongated,,,,,CC BY 4.0,"""Diplogrammus pauciradiatus"" by Pauline Walsh Jacobson (CC BY 4.0). http://creativecommons.org/licenses/by/4.0/ GBIF occurrence 3802688503.",gbif,yes,
marine-life-grooved-brain-coral,46692,Grooved brain coral,https://inaturalist-open-data.s3.amazonaws.com/photos/468801003/original.jpg,marine-life-grooved-brain-coral,Diploria labyrinthiformis,corals,brain-corals,Faviidae,Maximum depth from Ref. 116012. Zooxanthellate (Ref. 116012).,,,0,45,,,,,,CC0 1.0,"""Diploria labyrinthiformis"" by Jean-Paul Boerekamps (CC0 1.0). http://creativecommons.org/publicdomain/zero/1.0/ GBIF occurrence 5063877942.",gbif,yes,
marine-life-globular-encrusting-tunicate,89098,globular encrusting tunicate,https://collections.nmnh.si.edu/media/?i=17162933&h=2000,marine-life-globular-encrusting-tunicate,Diplosoma glandulosum,invertebrates,tunicates,Didemnidae,Tiny individuals empty into a common deep excurrent siphon. Thin pale siphon rims. Forms globular shapes.,,0.1,,,,,,,,CC0 1.0,"""USNM 1761153 - Specimen Image 04"" by Dean Janiak (CC0 1.0). http://creativecommons.org/publicdomain/zero/1.0/ GBIF occurrence 6184534908.",gbif,yes,
marine-life-forked-tentacle-corallimorph,89386,forked tentacle corallimorph,https://inaturalist-open-data.s3.amazonaws.com/photos/353363494/original.jpeg,marine-life-forked-tentacle-corallimorph,Discosoma carlgreni,invertebrates,corallimorphs,Discosomidae,"Flattened disc in a variety of colors, usually blotched. Small forked tentacles in lines radiating from the mouth.",,0.075,,,,,,,,CC0 1.0,"""Discosoma carlgreni"" by Lucas Rodrigues (CC0 1.0). http://creativecommons.org/publicdomain/zero/1.0/ GBIF occurrence 4987653500.",gbif,yes,
marine-life-umbrella-corallimorph,crl-264287,umbrella corallimorph,https://inaturalist-open-data.s3.amazonaws.com/photos/615394325/original.jpg,marine-life-umbrella-corallimorph,Discosoma neglecta,invertebrates,corallimorphs,,Wide flattened oral disc with short rectangular tentacles arranged around the outer edges. Typically solitary.,,0.075,,,,,,,,CC BY 4.0,"""Discosoma neglecta"" by Dan Schofield (CC BY 4.0). http://creativecommons.org/licenses/by/4.0/ GBIF occurrence 6159279147.",gbif,yes,
marine-life-sand-dollar-pea-crab,27148,sand dollar pea crab,https://inaturalist-open-data.s3.amazonaws.com/photos/346576335/original.jpg,marine-life-sand-dollar-pea-crab,Dissodactylus mellitae,invertebrates,crabs,Pinnotheridae,Flattened white carapace with reddish-brown mottling. Bristled legs. Commensal with Sand Dollars (p. 150).,,0.006,,52,,,,,,CC BY 4.0,"""Dissodactylus mellitae"" by Thomas Irvine (CC BY 4.0). http://creativecommons.org/licenses/by/4.0/ GBIF occurrence 4528226244.",gbif,yes,
marine-life-heart-urchin-pea-crab,27152,heart urchin pea crab,https://inaturalist-open-data.s3.amazonaws.com/photos/170353209/original.jpg,marine-life-heart-urchin-pea-crab,Dissodactylus primitivus,invertebrates,crabs,Pinnotheridae,Smooth uniformly white carapace. Fringe of short bristles on legs. Commensal with Red Heart Urchins (p. 151).,,0.012,15,55,,,,,,CC BY 4.0,"""Dissodactylus primitivus"" by Pauline Walsh Jacobson (CC BY 4.0). http://creativecommons.org/licenses/by/4.0/ GBIF occurrence 4014990440.",gbif,yes,
marine-life-distaplia-bermudensis,54286,mottled encrusting tunicate,https://inaturalist-open-data.s3.amazonaws.com/photos/524808362/original.jpg,marine-life-distaplia-bermudensis,Distaplia bermudensis,invertebrates,tunicates,Holozoidae,"Individual tunicates cluster around the excurrent siphons, giving them a mottled appearance. Color varies greatly.",,0.15,0,20,,,,,,CC0 1.0,"""Distaplia bermudensis"" by mikoikoi (CC0 1.0). http://creativecommons.org/publicdomain/zero/1.0/ GBIF occurrence 5206359398.",gbif,yes,
marine-life-button-tunicates,54291,button tunicates,https://inaturalist-open-data.s3.amazonaws.com/photos/610314400/original.jpg,marine-life-button-tunicates,Distaplia corolla,invertebrates,tunicates,Holozoidae,Small rounded clusters of tunicates gathered around a common excurrent siphon. Typically orange or purple.,,0.1,,,,,,,,CC BY 4.0,"""Distaplia corolla"" by Dan Schofield (CC BY 4.0). http://creativecommons.org/licenses/by/4.0/ GBIF occurrence 6147177968.",gbif,yes,
marine-life-warty-seacat,8446,warty seacat,https://inaturalist-open-data.s3.amazonaws.com/photos/516023895/original.jpg,marine-life-warty-seacat,Dolabrifera dolabrifera,invertebrates,nudibranchs,Notarchidae,"Green to brown body, wider towards the rear. Scattered rough papillae. Short rolled rhinophores and tentacles.",,0.09,0,16,,,,,,CC0 1.0,"""Dolabrifera dolabrifera"" by Damien Wallace (CC0 1.0). http://creativecommons.org/publicdomain/zero/1.0/ GBIF occurrence 5187580602.",gbif,yes,
marine-life-elkhorn-coral-crab,26210,elkhorn coral crab,https://inaturalist-open-data.s3.amazonaws.com/photos/610146507/original.jpg,marine-life-elkhorn-coral-crab,Domecia acanthophora,invertebrates,crabs,Trapeziidae,"Flattened carapace edged in black, with tiny pale spots. Small black and white spots on claws. Red-tipped legs.",,0.015,0,146,,,,,,CC BY 4.0,"""Domecia acanthophora"" by Dan Schofield (CC BY 4.0). http://creativecommons.org/licenses/by/4.0/ GBIF occurrence 6131466148.",gbif,yes,
marine-life-arianes-dondice,crl-320566,Ariane’s dondice,https://inaturalist-open-data.s3.amazonaws.com/photos/617815743/original.jpg,marine-life-arianes-dondice,Dondice arianeae,invertebrates,nudibranchs,,Broken pinkish-white line down dorsum. Blue spots on edge of foot. Spots on long oral tentacles. From Florida.,,0.03,,,,,,,,CC BY 4.0,"""Dondice arianeae"" by Cricket Raspet (CC BY 4.0). http://creativecommons.org/licenses/by/4.0/ GBIF occurrence 6163214066.",gbif,yes,
marine-life-western-dondice,8619,fringeback dondice,https://inaturalist-open-data.s3.amazonaws.com/photos/619694997/original.jpg,marine-life-western-dondice,Dondice occidentalis,invertebrates,nudibranchs,Facelinidae,Head with median orange line and two lateral blue lines. Dark jaw area. Cerata and oral tentacles with white tips.,,0.05,0,30,,,,,,CC BY 4.0,"""Dondice occidentalis"" by Cricket Raspet (CC BY 4.0). http://creativecommons.org/licenses/by/4.0/ GBIF occurrence 6170966709.",gbif,yes,
marine-life-cassiopea-dondice,149471,cassiopea dondice,https://inaturalist-open-data.s3.amazonaws.com/photos/251475248/original.jpg,marine-life-cassiopea-dondice,Dondice parguerensis,invertebrates,nudibranchs,Facelinidae,White stripe running down dorsum. Thin white ring on tips of cerata. Found on Upsidedown Jellies (p. 110).,,0.05,,,,,,,,CC BY 4.0,"""Dondice parguerensis"" by Pauline Walsh Jacobson (CC BY 4.0). http://creativecommons.org/licenses/by/4.0/ GBIF occurrence 4015197472.",gbif,yes,
marine-life-doriopsilla-espinosai,151366,Red-speckled Doris,,marine-life-doriopsilla-espinosai,Doriopsilla espinosai,invertebrates,nudibranchs,Dendrodorididae,Translucent white dorsum with red speckles. Covered in low rounded tubercles. White gills and rhinophores.,,0.015,1,1,,,,,,© Mickey Charteris — permission required,"Caribbean Reef Life (Mickey Charteris, 4th ed.)",caribbean-reef-life,yes,
marine-life-tishas-black-lined-doris,151365,Tisha’s Black-lined doris,,marine-life-tishas-black-lined-doris,Doriopsilla tishae,invertebrates,nudibranchs,Dendrodorididae,"Yellow with black lines between pale tubercles. Honduras only, similar D. nigrolineata has white-ringed tubercles.",,0.025,30,30,,,,,,© Mickey Charteris — permission required,"Caribbean Reef Life (Mickey Charteris, 4th ed.)",caribbean-reef-life,yes,
marine-life-grapecluster-doto,8376,Grapecluster Doto,,,Doto uva,invertebrates,nudibranchs,Dotidae,Dark body with white spots. White-rimmed sheaths on black rhinophores. Bulbous cerata. Found on hydroids (p. 136).,,0.012,0,15,,,,,,,,,,
marine-life-redeye-sponge-crab,26188,redeye sponge crab,https://inaturalist-open-data.s3.amazonaws.com/photos/602666945/original.jpg,marine-life-redeye-sponge-crab,Dromia erythropus,invertebrates,crabs,Dromiidae,Dome-shaped bristled carapace with a distinctive dark blotch in the middle. Robust claws are tipped in red.,,0.1,0,360,,,,,,CC0 1.0,"""Dromia erythropus"" by Karen McCabe (CC0 1.0). http://creativecommons.org/publicdomain/zero/1.0/ GBIF occurrence 5936179834.",gbif,yes,
marine-life-pink-meanie,crl-123530,Pink meanie,https://inaturalist-open-data.s3.amazonaws.com/photos/128782609/original.jpg,marine-life-pink-meanie,Drymonema larsoni,invertebrates,jellies,,"Smooth flattened bell, pale pink to purplish or orange. Four large tufted lobes and thin tentacles over 20 m long.",,0.9,,,,,,,,CC0 1.0,"""Drymonema larsoni"" by Jean-Paul Boerekamps (CC0 1.0). http://creativecommons.org/publicdomain/zero/1.0/ GBIF occurrence 3355020488.",gbif,yes,
marine-life-granular-frog-snail,crl-751858,granular frog snail,https://inaturalist-open-data.s3.amazonaws.com/photos/435028530/original.jpeg,marine-life-granular-frog-snail,Dulcerana granularis,invertebrates,snails,,Long pointed brown shell with deep axial ridges. Pale mantle with irregular brown spots. Banded tentacles.,,0.05,,,,,,,,CC0 1.0,"""Dulcerana granularis"" by Erwin Sieben (CC0 1.0). http://creativecommons.org/publicdomain/zero/1.0/ GBIF occurrence 4954271625.",gbif,yes,
marine-life-ethereal-sponge,51087,Ethereal sponge,https://inaturalist-open-data.s3.amazonaws.com/photos/486499924/original.jpeg,marine-life-ethereal-sponge,Dysidea etheria,sponges,encrusting-sponges,Dysideidae,"Maximum depth from Ref. 108813. Common on mangrove roots (Ref. 415), shallow reefs, bays, lagoons, and seagrass beds on hard bottoms (Ref. 85482).",,0.001,1,17,,,,,,CC0 1.0,"""Dysidea etheria"" by Kevin Achtmeyer (CC0 1.0). http://creativecommons.org/publicdomain/zero/1.0/ GBIF occurrence 5909216555.",gbif,yes,
marine-life-sponge-130687,130687,Sponge,https://inaturalist-open-data.s3.amazonaws.com/photos/362631230/original.png,marine-life-sponge-130687,Dysidea janiae,sponges,vase-sponges,Dysideidae,"Encrusts rocks, shells, dead coral or other sponges, in shallow lagoons and coral reefs (Ref. 85482). Also found in mangroves (Ref. 86836).",,,10,25,,,,,,CC BY 4.0,"""Dysidea janiae"" by Alex Doyle (CC BY 4.0). http://creativecommons.org/licenses/by/4.0/ GBIF occurrence 6422678033.",gbif,yes,
marine-life-live-sharksucker,2467,sharksucker,https://inaturalist-open-data.s3.amazonaws.com/photos/631361261/original.jpg,marine-life-live-sharksucker,Echeneis naucrates,fishes,sharksuckers,Echeneidae,Large fish without a host are gray. Small fish with white-edged black stripe and narrow white borders on tail.,,1.1,1,85,Body shape: elongated,,,,,CC0 1.0,"""Echeneis naucrates"" by george_vaughan (CC0 1.0). http://creativecommons.org/publicdomain/zero/1.0/ GBIF occurrence 6188296873.",gbif,yes,
marine-life-whitefin-sharksucker-juvenile,3543,whitefin sharksucker (Juvenile),https://inaturalist-open-data.s3.amazonaws.com/photos/523152491/original.jpg,marine-life-whitefin-sharksucker-juvenile,Echeneis neucratoides,fishes,sharksuckers,Echeneidae,Black midbody stripe with pale borders. White borders on tail are wide (compare to narrow on E. naucrates).,,0.75,,,Body shape: elongated,,,,,CC BY 4.0,"""Echeneis neucratoides"" by moxostoma (CC BY 4.0). http://creativecommons.org/licenses/by/4.0/ GBIF occurrence 5206283843.",gbif,yes,
marine-life-chain-moray,2609,Chain moray,https://inaturalist-open-data.s3.amazonaws.com/photos/618723361/original.jpg,marine-life-chain-moray,Echidna catenata,fishes,eels,Muraenidae,"Dark body with bright yellow markings of irregular spots and bars, forming a chain-like pattern. Found in shallows.",,0.75,0,12,Body shape: eel-like,,,,,CC0 1.0,"""Echidna catenata"" by Dustin Minialoff (CC0 1.0). http://creativecommons.org/publicdomain/zero/1.0/ GBIF occurrence 6171127391.",gbif,yes,
marine-life-conical-spined-sea-star,49009,Conical-spined Sea star,https://inaturalist-open-data.s3.amazonaws.com/photos/477854955/original.jpeg,marine-life-conical-spined-sea-star,Echinaster sentus,invertebrates,sea-stars,Echinasteridae,Five tubular arms with rows of red to orange or pale brown conical spines. Maroon color between the spines.,,0.18,0,13,,,,,,CC0 1.0,"""Echinaster sentus"" by Daniel Estabrooks (CC0 1.0). http://creativecommons.org/publicdomain/zero/1.0/ GBIF occurrence 5760642261.",gbif,yes,
marine-life-rock-boring-urchin,50002,rock-boring urchin,https://inaturalist-open-data.s3.amazonaws.com/photos/612805085/original.jpg,marine-life-rock-boring-urchin,Echinometra lucunter,invertebrates,sea-urchins,Echinometridae,Short brown spines with a thick base. Black or red body. Found boring holes into the limestone substrate by day.,,0.075,0,45,,,,,,CC0 1.0,"""Echinometra lucunter"" by Lauren Bosch (CC0 1.0). http://creativecommons.org/publicdomain/zero/1.0/ GBIF occurrence 6320687508.",gbif,yes,
marine-life-reef-urchin,50003,reef urchin,https://inaturalist-open-data.s3.amazonaws.com/photos/609536515/original.jpg,marine-life-reef-urchin,Echinometra viridis,invertebrates,sea-urchins,Echinometridae,Dark red body. Short pointed spines all have darker tips and a pale ring around their bases. Prefers shallow reefs.,,0.05,0,40,,,,,,CC BY 4.0,"""Echinometra viridis"" by Jan Ebr & Ivana Ebrová (CC BY 4.0). http://creativecommons.org/licenses/by/4.0/ GBIF occurrence 6131411567.",gbif,yes,
marine-life-tunicate-54408,54408,mangrove tunicate,https://inaturalist-open-data.s3.amazonaws.com/photos/470237634/original.jpg,marine-life-tunicate-54408,Ecteinascidia turbinata,invertebrates,tunicates,Perophoridae,"Translucent orange body and siphons. Grows clustered in sandy reef areas, mangroves and seagrass beds.",,0.05,0,24,,,,,,CC0 1.0,"""Ecteinascidia turbinata"" by Jean-Paul Boerekamps (CC0 1.0). http://creativecommons.org/publicdomain/zero/1.0/ GBIF occurrence 5076870536.",gbif,yes,
marine-life-brown-encrusting-octopus-sponge,50778,Brown encrusting octopus sponge,https://inaturalist-open-data.s3.amazonaws.com/photos/468793135/original.jpg,marine-life-brown-encrusting-octopus-sponge,Ectyoplasia ferox,sponges,encrusting-sponges,Raspailiidae,"Maximum depth reported taken from Ref. 128739. Occurs on coral reefs, hard bottoms, lagoons (Ref. 85482), and mangroves (Ref. 86836). It hosts alpheid shrimps in its canals (Ref. 83410). Inhabits coralline algae reefs, coral communities, algal nodules, shallow coral and lower mesophotic reefs (Ref. 128739).",,,2,60,,,,,,CC0 1.0,"""Ectyoplasia ferox"" by Jean-Paul Boerekamps (CC0 1.0). http://creativecommons.org/publicdomain/zero/1.0/ GBIF occurrence 5063948214.",gbif,yes,
marine-life-mesoamerican-sponge-goby,64950,Mesoamerican sponge goby,,,Elacatinus colini,fishes,gobies,Gobiidae,"Yellow bar on yellow snout. Yellow stripe fades to white, from top of eye to tail. On sponges. Mexico to Honduras.",,0.03,,,Body shape: fusiform / normal,,,,,,,,,
marine-life-sharknose-goby,16640,sharknose goby,https://inaturalist-open-data.s3.amazonaws.com/photos/694624037/original.jpg,marine-life-sharknose-goby,Elacatinus evelynae,fishes,gobies,Gobiidae,Yellow snout and stripe over eye to behind pectoral. Blue stripe onto tail. Cleaner species. Absent W Caribbean.,,0.04,1,53,Body shape: elongated,,,,,CC BY 4.0,"""Elacatinus evelynae"" by Matteo Bellucci (CC BY 4.0). http://creativecommons.org/licenses/by/4.0/ GBIF occurrence 6441179723.",gbif,yes,
marine-life-yellowline-goby,3873,yellowline goby,https://inaturalist-open-data.s3.amazonaws.com/photos/515707264/original.jpg,marine-life-yellowline-goby,Elacatinus horsti,fishes,gobies,Gobiidae,Yellow to white stripe from top of eye to tail. Yellowish snout. Sometimes small spot on snout. On sponges.,,0.05,7,27,Body shape: fusiform / normal,,,,,CC BY 4.0,"""Elacatinus horsti"" by Josh Noseworthy (CC BY 4.0). http://creativecommons.org/licenses/by/4.0/ GBIF occurrence 6133208241.",gbif,yes,
marine-life-caribbean-neon-goby,65036,Caribbean neon goby,https://inaturalist-open-data.s3.amazonaws.com/photos/585763223/original.jpg,marine-life-caribbean-neon-goby,Elacatinus lobeli,fishes,gobies,Gobiidae,"Blue stripe through eye, from snout onto tail. Cleaner species. W Caribbean. Similar species: E. oceanops in Florida/Cuba.",,0.04,0,,Body shape: fusiform / normal,,,,,CC BY 4.0,"""Elacatinus lobeli"" by Jan Ebr & Ivana Ebrová (CC BY 4.0). http://creativecommons.org/licenses/by/4.0/ GBIF occurrence 5889763424.",gbif,yes,
marine-life-linesnout-goby,61017,linesnout goby,https://inaturalist-open-data.s3.amazonaws.com/photos/364331761/original.jpg,marine-life-linesnout-goby,Elacatinus lori,fishes,gobies,Gobiidae,Thin white bar on black snout. Thin white or blue stripe from top of eye to tail. On sponges. Belize to Honduras.,,0.05,0,24,Body shape: fusiform / normal,,,,,CC BY 4.0,"""Elacatinus lori"" by cello caruso-turiello (CC BY 4.0). http://creativecommons.org/licenses/by/4.0/ GBIF occurrence 4606719718.",gbif,yes,
marine-life-spotlight-goby,16639,spotlight goby,https://inaturalist-open-data.s3.amazonaws.com/photos/365263252/original.jpg,marine-life-spotlight-goby,Elacatinus louisae,fishes,gobies,Gobiidae,Rounded yellow spot on snout. Yellow/bluish/white stripe to dark spot at tail base. On sponges. N/W Caribbean.,,0.04,13,45,Body shape: Elongated,,,,,CC BY 4.0,"""Elacatinus louisae"" by cello caruso-turiello (CC BY 4.0). http://creativecommons.org/licenses/by/4.0/ GBIF occurrence 4846964673.",gbif,yes,
marine-life-neon-goby,3876,Neon goby,https://inaturalist-open-data.s3.amazonaws.com/photos/158290619/original.jpg,marine-life-neon-goby,Elacatinus oceanops,fishes,gobies,Gobiidae,"Inhabits coral heads. Removes ectoparasites on skin and fins, in the mouth and in the gill chambers of greater fish like groupers and others (Ref. 92840). Monogamous (Ref. 52884). Minimum depth reported from Ref. 27115. Has been reared in captivity (Ref. 35420).",,0.05,1,45,Body shape: elongated,,,,,CC0 1.0,"""Elacatinus oceanops"" by Marissa Balfour (CC0 1.0). http://creativecommons.org/publicdomain/zero/1.0/ GBIF occurrence 3384986499.",gbif,yes,
marine-life-yellownose-goby,23731,yellownose goby,https://inaturalist-open-data.s3.amazonaws.com/photos/694651595/original.jpg,marine-life-yellownose-goby,Elacatinus randalli,fishes,gobies,Gobiidae,Yellow bar on yellowish snout. Yellow stripe from top of eye to end of tail. Cleaner species. SE Caribbean.,,0.05,,,Body shape: elongated,,,,,CC BY 4.0,"""Elacatinus randalli"" by Matteo Bellucci (CC BY 4.0). http://creativecommons.org/licenses/by/4.0/ GBIF occurrence 6441964477.",gbif,yes,
marine-life-rainbow-runner,412,rainbow runner,https://inaturalist-open-data.s3.amazonaws.com/photos/628334333/original.jpg,marine-life-rainbow-runner,Elagatis bipinnulata,fishes,jacks,Carangidae,"Silvery to olive upper body and yellow tail. Two blue stripes, with yellow in between, from eye to tail base.",,1.8,0,150,Body shape: fusiform / normal,,,,,CC0 1.0,"""Elagatis bipinnulata"" by Chao 江星辰 (CC0 1.0). http://creativecommons.org/publicdomain/zero/1.0/ GBIF occurrence 6186146364.",gbif,yes,
marine-life-devils-sea-whip,44069,devil’s sea whip,,,Ellisella elongata,corals,octocorals,Ellisellidae,"Long whip-like stalk, tapering slightly towards the tip. Red to orange with white polyps. Found on deeper reefs.",,,,,,,,,,,,,,
marine-life-bushy-sea-whip,89341,bushy sea whip,https://inaturalist-open-data.s3.amazonaws.com/photos/255172563/original.jpg,marine-life-bushy-sea-whip,Ellisella schmitti,corals,octocorals,Ellisellidae,"A single stalk branches and re-branches, forming a fan shape. Bright red with white polyps. Found under ledges.",,0.6,,,,,,,,CC BY 4.0,"""Ellisella schmitti"" by Robin White (CC BY 4.0). http://creativecommons.org/licenses/by/4.0/ GBIF occurrence 4606595319.",gbif,yes,
marine-life-horned-sapsucker,397,horned elysia,https://inaturalist-open-data.s3.amazonaws.com/photos/610683279/original.jpg,marine-life-horned-sapsucker,Elysia cornigera,invertebrates,sea-slugs,Plakobranchidae,"White to greenish body with brilliant red and pale orange spots. Long tapering rhinophores, usually held forward.",,0.01,0,3,,,,,,CC BY 4.0,"""Elysia cornigera"" by Dan Schofield (CC BY 4.0). http://creativecommons.org/licenses/by/4.0/ GBIF occurrence 6130202500.",gbif,yes,
marine-life-lettuce-seaslug,398,lettuce sea slug,https://inaturalist-open-data.s3.amazonaws.com/photos/610683318/original.jpg,marine-life-lettuce-seaslug,Elysia crispata,invertebrates,sea-slugs,Plakobranchidae,Fleshy convoluted parapodia resemble leaves of lettuce. Large pale blotches on sides. Long curled rhinophores.,,0.1,0,15,,,,,,CC BY 4.0,"""Elysia crispata"" by Dan Schofield (CC BY 4.0). http://creativecommons.org/licenses/by/4.0/ GBIF occurrence 6129896134.",gbif,yes,
marine-life-ellens-elysia,crl-615038,Ellen’s Elysia,https://inaturalist-open-data.s3.amazonaws.com/photos/611191561/original.jpg,marine-life-ellens-elysia,Elysia ellenae,invertebrates,sea-slugs,,Pale green to white body. Parapodia lined with red. Red spot on short rhinophores. Distinctive blue eyeshadow.,,0.01,,,,,,,,CC BY 4.0,"""Elysia ellenae"" by Dan Schofield (CC BY 4.0). http://creativecommons.org/licenses/by/4.0/ GBIF occurrence 6133546192.",gbif,yes,
marine-life-elysia-flava,84455,Yellow elysia,https://inaturalist-open-data.s3.amazonaws.com/photos/477553569/original.jpg,marine-life-elysia-flava,Elysia flava,invertebrates,sea-slugs,Plakobranchidae,"Light yellow to tan body, often with dark blotches. Short rhinophores. Distinctive white rim along parapodial edge.",,0.02,0,4,,,,,,CC BY 4.0,"""Elysia flava"" by Dan Schofield (CC BY 4.0). http://creativecommons.org/licenses/by/4.0/ GBIF occurrence 5087992459.",gbif,yes,
marine-life-marcuss-elysia,crl-211286,Marcus’s Elysia,,marine-life-marcuss-elysia,Elysia marcusi,invertebrates,sea-slugs,,Green body with a distinctive cleft on the right side behind the head. Found on Halimeda algae (p. 22).,,0.01,,,,,,,,© Mickey Charteris — permission required,"Caribbean Reef Life (Mickey Charteris, 4th ed.)",caribbean-reef-life,yes,
marine-life-ornate-elysia,8334,ornate elysia,https://inaturalist-open-data.s3.amazonaws.com/photos/419763792/original.jpeg,marine-life-ornate-elysia,Elysia ornata,invertebrates,sea-slugs,Plakobranchidae,Light green body with tiny black and white spots. Tips of rhinophores and parapodia lined with orange and black.,,0.05,0,18,,,,,,CC0 1.0,"""Elysia ornata"" by Chris Spain (CC0 1.0). http://creativecommons.org/publicdomain/zero/1.0/ GBIF occurrence 4926066744.",gbif,yes,
marine-life-papillose-elysia,8333,Papillose elysia,https://inaturalist-open-data.s3.amazonaws.com/photos/482783615/original.jpg,marine-life-papillose-elysia,Elysia papillosa,invertebrates,sea-slugs,Plakobranchidae,Pale green body with white papillae on parapodial edge. Distinctive brown band on lower third of the rhinophores.,,0.04,0,4,,,,,,CC BY 4.0,"""Elysia papillosa"" by Pauline Walsh Jacobson (CC BY 4.0). http://creativecommons.org/licenses/by/4.0/ GBIF occurrence 5133969332.",gbif,yes,
marine-life-pawliks-elysia,crl-917619,Pawlik’s Elysia,https://inaturalist-open-data.s3.amazonaws.com/photos/653865058/original.jpg,marine-life-pawliks-elysia,Elysia pawliki,invertebrates,sea-slugs,,"Yellowish-green body with white papillae. Three flaps on dark-rimmed parapodia, the middle one distinctively long.",,0.03,,,,,,,,CC BY 4.0,"""Elysia pawliki"" by Dan Schofield (CC BY 4.0). http://creativecommons.org/licenses/by/4.0/ GBIF occurrence 6273590677.",gbif,yes,
marine-life-lined-elysia,crl-836957,lined elysia,https://inaturalist-open-data.s3.amazonaws.com/photos/472051194/original.jpg,marine-life-lined-elysia,Elysia pratensis,invertebrates,sea-slugs,,Green with distinctive longitudinal white stripes. Solid black line along parapodial edge. Yellow-tipped rhinophores.,,0.03,,,,,,,,CC BY 4.0,"""Elysia pratensis"" by Pauline Walsh Jacobson (CC BY 4.0). http://creativecommons.org/licenses/by/4.0/ GBIF occurrence 5077038206.",gbif,yes,
marine-life-seagrass-elysia,8340,SeaGrass Elysia,,marine-life-seagrass-elysia,Elysia serca,invertebrates,sea-slugs,Plakobranchidae,Large head and short rhinophores. White patch on head and on parapodia. Only found on Turtle Grass (p. 11).,,0.008,0,1,,,,,,© Mickey Charteris — permission required,"Caribbean Reef Life (Mickey Charteris, 4th ed.)",caribbean-reef-life,yes,
marine-life-elysia-subornata,8341,caulerpa elysia,https://inaturalist-open-data.s3.amazonaws.com/photos/610636489/original.jpg,marine-life-elysia-subornata,Elysia subornata,invertebrates,sea-slugs,Plakobranchidae,White patch on head extends onto short rhinophores. Parapodial edge is paler with a thin solid brown line.,,0.07,0,4,,,,,,CC BY 4.0,"""Elysia subornata"" by Ben Jobson (CC BY 4.0). http://creativecommons.org/licenses/by/4.0/ GBIF occurrence 6133301082.",gbif,yes,
marine-life-taino-elysia,crl-217389,Taino elysia,,marine-life-taino-elysia,Elysia taino,invertebrates,sea-slugs,,White to light green with papillae on head. Red flecks on parapodial edge. Dark band on short knobby rhinophores.,,0.02,,,,,,,,© Mickey Charteris — permission required,"Caribbean Reef Life (Mickey Charteris, 4th ed.)",caribbean-reef-life,yes,
marine-life-velvet-elysia,crl-545151,velvet elysia,https://inaturalist-open-data.s3.amazonaws.com/photos/391240228/original.jpg,marine-life-velvet-elysia,Elysia velutinus,invertebrates,sea-slugs,,Green to yellowish body. White lines from round head to rhinophores. Small gap in closed parapodia at midbody.,,0.04,,,,,,,,CC BY 4.0,"""Elysia velutinus"" by Pauline Walsh Jacobson (CC BY 4.0). http://creativecommons.org/licenses/by/4.0/ GBIF occurrence 4902001056.",gbif,yes,
marine-life-zemis-elysia,crl-844557,Zemi’s elysia,,marine-life-zemis-elysia,Elysia zemi,invertebrates,sea-slugs,,"Mottled orange-brown parapodia, often opened. Olive head and body. Purple acorn-shaped patch on the head.",,0.015,,,,,,,,© Mickey Charteris — permission required,"Caribbean Reef Life (Mickey Charteris, 4th ed.)",caribbean-reef-life,yes,
marine-life-elysia-zuleicae,150618,Zuleica’s elysia,https://inaturalist-open-data.s3.amazonaws.com/photos/481601918/original.jpg,marine-life-elysia-zuleicae,Elysia zuleicae,invertebrates,sea-slugs,Plakobranchidae,"Olive-green, often with iridescent blue spots. Sometimes has a black tail. Large eyes. Purplish-brown rhinophores.",,0.02,5,20,,,,,,CC BY 4.0,"""Elysia zuleicae"" by Pauline Walsh Jacobson (CC BY 4.0). http://creativecommons.org/licenses/by/4.0/ GBIF occurrence 5215763569.",gbif,yes,
marine-life-caribbean-blenny,47267,caribbean blenny,,marine-life-caribbean-blenny,Emblemaria caldwelli,fishes,blennies,Chaenopsidae,Reddish to dusky head and body. Pointed snout. Single long banded cirrus. Very long filamentous pelvic fins.,,0.03,,,Body shape: elongated,,,,,© Mickey Charteris — permission required,"Caribbean Reef Life (Mickey Charteris, 4th ed.)",caribbean-reef-life,yes,
marine-life-filament-blenny,47266,filament blenny,https://inaturalist-open-data.s3.amazonaws.com/photos/402848123/original.jpg,marine-life-filament-blenny,Emblemaria hyltoni,fishes,blennies,Chaenopsidae,Translucent body. Distinctively long mobile filamentous dorsal spike. Endemic to the Bay Islands of Honduras.,,0.025,,,Body shape: elongated,,,,,CC BY 4.0,"""Emblemaria hyltoni"" by Pauline Walsh Jacobson (CC BY 4.0). http://creativecommons.org/licenses/by/4.0/ GBIF occurrence 4908458292.",gbif,yes,
marine-life-sailfin-blenny,3718,sailfin blenny (male),https://inaturalist-open-data.s3.amazonaws.com/photos/474415850/original.jpg,marine-life-sailfin-blenny,Emblemaria pandionis,fishes,blennies,Chaenopsidae,Dark spot and orange rim on tall dorsal fin. Blue spots on head. Divot at upper pupil. Can pale or darken quickly.,,0.07,1,12,Body shape: elongated,,,,,CC BY 4.0,"""Emblemaria pandionis"" by Alicia Christman (CC BY 4.0). http://creativecommons.org/licenses/by/4.0/ GBIF occurrence 5230507593.",gbif,yes,
marine-life-ribbon-blenny,60577,ribbon blenny,https://inaturalist-open-data.s3.amazonaws.com/photos/490591111/original.jpg,marine-life-ribbon-blenny,Emblemaria vitta,fishes,blennies,Chaenopsidae,Pointed snout. Single long tapering cirrus. Arching dorsal fin with an irregular orange blotch at base of first spines.,,0.02,26,32,Body shape: Elongated,,,,,CC BY 4.0,"""Emblemaria vitta"" by Pauline Walsh Jacobson (CC BY 4.0). http://creativecommons.org/licenses/by/4.0/ GBIF occurrence 5231466607.",gbif,yes,
marine-life-glass-blenny,3717,Glass blenny,,,Emblemariopsis diaphana,fishes,blennies,Chaenopsidae,"Occurs in a wide range of substrates, where photographs show this species mostly on live coral surfaces of all morphologies, but also common on sponges, gorgonians, and dead hard bottoms; with TP males occupying holes in live corals, dead corals, and sponges (Ref. 125603). Inhabits globose coral heads of <i>Montastrea sp.<i> and sea fans (Ref. 51514).",,0.04,,20,Body shape: Elongated,,,,,,,,,
marine-life-blackfin-glass-blenny,47269,Blackfin glass blenny,https://inaturalist-open-data.s3.amazonaws.com/photos/255594837/original.jpeg,marine-life-blackfin-glass-blenny,Emblemariopsis leptocirris,fishes,blennies,Chaenopsidae,"Observed to mainly perch on live coral surfaces and terminal phase males in holes, also typically within live coral heads. It has been reported to be widely distributed down to 20 m in Cayman Islands (Ref. 125603).",,0.022,5,20,Body shape: elongated,,,,,CC BY 4.0,"""Emblemariopsis leptocirris"" by Dan Schofield (CC BY 4.0). http://creativecommons.org/licenses/by/4.0/ GBIF occurrence 6147208906.",gbif,yes,
marine-life-seafan-blenny,57925,Seafan blenny,https://inaturalist-open-data.s3.amazonaws.com/photos/468444089/original.jpg,marine-life-seafan-blenny,Emblemariopsis pricei,fishes,blennies,Chaenopsidae,"Found on surface of hard corals and sea fans on coral reefs, from shallow reef crests to drop offs at depths to 30 m. Exhibit greater habitat specificity than other chaenopsids. <i>Spirobranchus giganteus</i>. Females and immature males move about on surface of or near live corals, particularly sea fans. Breeding males are particularly found only in tubes abandoned by serpulid worms <i>Spirobranchus giganteus</i>. These probably controls their population size (Ref. 51514).",,0.0286,1,30,Body shape: elongated,,,,,CC BY 4.0,"""Emblemariopsis pricei"" by Pauline Walsh Jacobson (CC BY 4.0). http://creativecommons.org/licenses/by/4.0/ GBIF occurrence 5063872030.",gbif,yes,
marine-life-bluegold-glass-blenny,60579,Bluegold glass blenny,,,Emblemariopsis ruetzleri,fishes,blennies,Chaenopsidae,,,0.02,1,8,Body shape: elongated,,,,,,,,,
marine-life-bonnetmouth,3571,bonnetmouth,,marine-life-bonnetmouth,Emmelichthyops atlanticus,fishes,grunts,Haemulidae,Metallic yellow-green upper body with dark stripes. Orange snout. Two dorsal fins are widely separated.,,0.15,3,90,Body shape: elongated,,,,,© Mickey Charteris — permission required,"Caribbean Reef Life (Mickey Charteris, 4th ed.)",caribbean-reef-life,yes,
marine-life-chestnut-moray,2610,Chestnut Moray,https://inaturalist-open-data.s3.amazonaws.com/photos/347406829/original.jpeg,marine-life-chestnut-moray,Enchelycore carychroa,fishes,eels,Muraenidae,Reddish-brown body. Rows of white spots on upper and lower jaws. Only tips of jaws are touching. Yellow iris.,,0.34,1,20,Body shape: eel-like,,,,,CC BY 4.0,"""Enchelycore carychroa"" by Austen Novis (CC BY 4.0). http://creativecommons.org/licenses/by/4.0/ GBIF occurrence 4516170989.",gbif,yes,
marine-life-viper-moray,1098,viper moray,https://inaturalist-open-data.s3.amazonaws.com/photos/608003669/original.jpg,marine-life-viper-moray,Enchelycore nigricans,fishes,eels,Muraenidae,Uniformly greenish-brown body. May have darker band across nape. Only tips of jaws are touching. Pale iris.,,1,1,60,Body shape: eel-like,,,,,CC BY 4.0,"""Enchelycore nigricans"" by Jan Ebr & Ivana Ebrová (CC BY 4.0). http://creativecommons.org/licenses/by/4.0/ GBIF occurrence 6130875095.",gbif,yes,
marine-life-lofty-triplefin,3720,lofty triplefin,https://inaturalist-open-data.s3.amazonaws.com/photos/381081488/original.jpg,marine-life-lofty-triplefin,Enneanectes altivelis,fishes,blennies,Tripterygiidae,"First dorsal fin tall, often white. Last bar narrow, indented at top and not darker. Prominent orange midbody scales.",,0.04,,,Body shape: elongated,,,,,CC BY 4.0,"""Enneanectes altivelis"" by Pauline Walsh Jacobson (CC BY 4.0). http://creativecommons.org/licenses/by/4.0/ GBIF occurrence 5153064556.",gbif,yes,
marine-life-blackedge-triplefin,16503,blackedge triplefin,https://inaturalist-open-data.s3.amazonaws.com/photos/461449587/original.jpeg,marine-life-blackedge-triplefin,Enneanectes atrorus,fishes,blennies,Tripterygiidae,"Long sloping snout. Tall first dorsal fin is usually white. Five oblique body bars equally dark, last is wider at top.",,0.03,1,15,Body shape: elongated,,,,,CC BY 4.0,"""Enneanectes atrorus"" by Josh Noseworthy (CC BY 4.0). http://creativecommons.org/licenses/by/4.0/ GBIF occurrence 6133157920.",gbif,yes,
marine-life-roughhead-triplefin,3721,roughhead triplefin,,marine-life-roughhead-triplefin,Enneanectes boehlkei,fishes,blennies,Tripterygiidae,Often has pale blue spots. First dorsal fin usually short. Last body bar is darkest and wider than pale bar in front.,,0.04,,,Body shape: elongated,,,,,© Mickey Charteris — permission required,"Caribbean Reef Life (Mickey Charteris, 4th ed.)",caribbean-reef-life,yes,
marine-life-two-bar-triplefin,67691,Two-Bar triplefin,https://inaturalist-open-data.s3.amazonaws.com/photos/662439908/original.jpg,marine-life-two-bar-triplefin,Enneanectes deloachorum,fishes,blennies,Tripterygiidae,Last two body bars darker. Red to dusky bar at tail base. Breeding males with a bright yellow head. S Caribbean.,,0.025,,,Body shape: elongated,,,,,CC BY 4.0,"""Enneanectes deloachorum"" by Jacob Weston (CC BY 4.0). http://creativecommons.org/licenses/by/4.0/ GBIF occurrence 6352534680.",gbif,yes,
marine-life-redbelly-triplefin,3722,redbelly triplefin,https://collections.nmnh.si.edu/media/?i=13364797&h=2000,marine-life-redbelly-triplefin,Enneanectes jordani,fishes,blennies,Tripterygiidae,Bright red rear body and anal fin. Final body bar black and oval. Base of tail with red bar and then white bar.,,0.04,0,11,Body shape: elongated,,,,,CC0 1.0,"""Gillias jordani RAD125080-001"" by Smithsonian Institution NMNH Division of Fishes (CC0 1.0). http://creativecommons.org/publicdomain/zero/1.0/ GBIF occurrence 2236154441.",gbif,yes,
marine-life-matador-triplefin,67692,matador triplefin,https://inaturalist-open-data.s3.amazonaws.com/photos/381417494/original.jpg,marine-life-matador-triplefin,Enneanectes matador,fishes,blennies,Tripterygiidae,"Reddish head. Last body bar is black, narrower than the white bar in front of it. Red tail with single thin white bar.",,0.025,,,Body shape: elongated,,,,,CC BY 4.0,"""Enneanectes matador"" by Pauline Walsh Jacobson (CC BY 4.0). http://creativecommons.org/licenses/by/4.0/ GBIF occurrence 5153344472.",gbif,yes,
marine-life-flaming-reef-lobster,25802,flaming reef lobster,https://inaturalist-open-data.s3.amazonaws.com/photos/520332336/original.jpg,marine-life-flaming-reef-lobster,Enoplometopus antillensis,invertebrates,lobsters,Enoplometopidae,Red with thin white lines and a white bulls-eye on side of carapace. Banded legs and large claws of equal size.,,0.13,5,201,,,,,,CC BY 4.0,"""Enoplometopus antillensis"" by Charlotte Kirchner (CC BY 4.0). http://creativecommons.org/licenses/by/4.0/ GBIF occurrence 5198450112.",gbif,yes,
marine-life-pearl-blenny,3756,Pearl blenny,https://inaturalist-open-data.s3.amazonaws.com/photos/458795245/original.jpg,marine-life-pearl-blenny,Entomacrodus nigricans,fishes,blennies,Blenniidae,"Greenish with dark bars. Pearly-white spots on upper body, dark spots on nape. Prominent dark bars on lips.",,0.1,0,6,Body shape: elongated,,,,,CC0 1.0,"""Entomacrodus nigricans"" by Scott Loarie (CC0 1.0). http://creativecommons.org/publicdomain/zero/1.0/ GBIF occurrence 5007091926.",gbif,yes,
marine-life-spotted-limpet,166339,Spotted Limpet,https://inaturalist-open-data.s3.amazonaws.com/photos/613974788/original.jpg,marine-life-spotted-limpet,Eoacmaea pustulata,invertebrates,limpets,Eoacmaeidae,"Flattened oval shell with low blunt apex. Smooth, with low radial ribs. Olive-green to reddish with white spots.",,0.02,,,,,,,,CC BY 4.0,"""Eoacmaea pustulata"" by Dan Schofield (CC BY 4.0). http://creativecommons.org/licenses/by/4.0/ GBIF occurrence 6147617492.",gbif,yes,
marine-life-conical-sea-cucumber,86480,conical sea cucumber,https://collections.nmnh.si.edu/media/?i=10983204&h=634,marine-life-conical-sea-cucumber,Eostichopus arnesoni,invertebrates,sea-cucumbers,Stichopodidae,"Dark brown with numerous lighter cone-shaped podia along the back, circled in light brown. The sole is reddish.",,0.4,9,348,,,,,,CC0 1.0,"""IZ 1297231 in situ photo BBB2"" by Barry Brown (CC0 1.0). http://creativecommons.org/publicdomain/zero/1.0/ GBIF occurrence 1702764281.",gbif,,
marine-life-longsnout-spider-crab,26946,Longsnout Spider crab,,,Epialtus longirostris,invertebrates,crabs,Epialtidae,Pointed rostrum. Sides of carapace deeply bilobed. Long claw arms. Distinctive triangular white mask on the back.,,0.05,3,54,,,,,,,,,,
marine-life-rock-hind,14,rock Hind,https://inaturalist-open-data.s3.amazonaws.com/photos/485163433/original.jpeg,marine-life-rock-hind,Epinephelus adscensionis,fishes,groupers,Epinephelidae,Reddish-brown spots on body and fins. Three dark saddles below dorsal fin and another above tail base.,,0.62,1,120,Body shape: fusiform / normal,,,,,CC0 1.0,"""Epinephelus adscensionis"" by Tiago Lubiana (CC0 1.0). http://creativecommons.org/publicdomain/zero/1.0/ GBIF occurrence 6159478665.",gbif,yes,
marine-life-red-hind,15,Red Hind,https://inaturalist-open-data.s3.amazonaws.com/photos/684967475/original.jpg,marine-life-red-hind,Epinephelus guttatus,fishes,groupers,Epinephelidae,"Large red spots over a lighter body. Dorsal, pelvic and anal fins and tail all have black margins edged in white.",,0.76,100,,Body shape: fusiform / normal,,,,,CC0 1.0,"""Epinephelus guttatus"" by Chris Spain (CC0 1.0). http://creativecommons.org/publicdomain/zero/1.0/ GBIF occurrence 6422940846.",gbif,yes,
marine-life-atlantic-goliath-grouper,16,goliath grouper,https://inaturalist-open-data.s3.amazonaws.com/photos/471818428/original.jpg,marine-life-atlantic-goliath-grouper,Epinephelus itajara,fishes,groupers,Epinephelidae,The largest of the groupers. Gray to greenish body with pale blotches. Small dark spots cover head and pectoral.,,2.5,0,100,Body shape: fusiform / normal,,,,,CC0 1.0,"""Epinephelus itajara"" by Robert Hongen (CC0 1.0). http://creativecommons.org/publicdomain/zero/1.0/ GBIF occurrence 5760773559.",gbif,yes,
marine-life-red-grouper,17,red grouper,https://inaturalist-open-data.s3.amazonaws.com/photos/597561861/original.jpg,marine-life-red-grouper,Epinephelus morio,fishes,groupers,Epinephelidae,Reddish-brown body with scattered white spots. White blotches behind eye and sometimes on snout. Dark tail.,,1.25,5,330,Body shape: fusiform / normal,,,,,CC0 1.0,"""Epinephelus morio"" by Justin Philbois (CC0 1.0). http://creativecommons.org/publicdomain/zero/1.0/ GBIF occurrence 5920245037.",gbif,yes,
marine-life-nassau-grouper,18,nassau grouper,https://inaturalist-open-data.s3.amazonaws.com/photos/620957728/original.jpg,marine-life-nassau-grouper,Epinephelus striatus,fishes,groupers,Epinephelidae,Five dark brown to red body bars. Distinctive large black saddle on upper tail base. Gold-tipped dorsal spines.,,1.22,1,90,Body shape: fusiform / normal,,,,,CC0 1.0,"""Epinephelus striatus"" by Tommy (CC0 1.0). http://creativecommons.org/publicdomain/zero/1.0/ GBIF occurrence 6178672665.",gbif,yes,
marine-life-jackknife-fish-juvenile,crl-222549,jackknife fish (juvenile),https://inaturalist-open-data.s3.amazonaws.com/photos/559556229/original.jpg,marine-life-jackknife-fish-juvenile,Equetus lanceolatus,fishes,drums,,Elongated dorsal and pelvic fins. Often yellowish color. Pelvic fin usually held downward. Small line down snout.,,,,,,,,,,CC BY 4.0,"""Equetus lanceolatus"" by Pauline Walsh Jacobson (CC BY 4.0). http://creativecommons.org/licenses/by/4.0/ GBIF occurrence 5760982003.",gbif,yes,
marine-life-spotted-drum,3585,Spotted drum (adult),https://inaturalist-open-data.s3.amazonaws.com/photos/628554106/original.jpg,marine-life-spotted-drum,Equetus punctatus,fishes,drums,Sciaenidae,"Dark bars: across eye, from nape to pelvic fin and from tip of dorsal fin to tail base. Rear body and tail spotted.",,0.25,3,30,Body shape: fusiform / normal,,,,,CC0 1.0,"""Equetus punctatus"" by nickjeff13 (CC0 1.0). http://creativecommons.org/publicdomain/zero/1.0/ GBIF occurrence 6185320502.",gbif,yes,
marine-life-blue-stiliger,8411,Blue Stiliger,https://inaturalist-open-data.s3.amazonaws.com/photos/357445959/original.jpg,marine-life-blue-stiliger,Ercolania coerulea,invertebrates,sea-slugs,Limapontiidae,Translucent body with dark green lines. Inflated white-tipped cerata. Found on Green Bubble Weed (p. 19).,,0.015,1,3,,,,,,CC BY 4.0,"""Ercolania coerulea"" by Dan Schofield (CC BY 4.0). http://creativecommons.org/licenses/by/4.0/ GBIF occurrence 4901904080.",gbif,yes,
marine-life-hawksbill-turtle,67019,hawksbill turtle (adult male),https://inaturalist-open-data.s3.amazonaws.com/photos/607098699/original.jpg,marine-life-hawksbill-turtle,Eretmochelys imbricata,reptiles,,Cheloniidae,Only adult males will have a large tail that extends well beyond the shell. Claws on flippers are long and curved.,,0.9,0,300,,,,,yes,CC0 1.0,"""Eretmochelys imbricata"" by Chris Spain (CC0 1.0). http://creativecommons.org/publicdomain/zero/1.0/ GBIF occurrence 6130111368.",gbif,yes,
marine-life-unicorn-neck-crab,27022,unicorn neck crab,https://collections.nmnh.si.edu/media/?i=16569372&h=2000,marine-life-unicorn-neck-crab,Ericerodes gracilipes,invertebrates,crabs,Inachidae,Spiny rostrum and a distinctive constriction in the area behind eyes. Translucent with pink and purple highlights.,,0.075,,220,,,,,,CC0 1.0,"""USNM 1676251 DeckImage 1"" by Nina Ramos (CC0 1.0). http://creativecommons.org/publicdomain/zero/1.0/ GBIF occurrence 4870424878.",gbif,yes,
marine-life-branching-bubble-alga,128935,branching bubble alga,https://inaturalist-open-data.s3.amazonaws.com/photos/244862865/original.jpg,marine-life-branching-bubble-alga,Ernodesmis verticillata,plants,green-algae,Valoniaceae,"Rounded clumps of single-celled tubular branchlets, narrow at the base and branching out near the top.",,0.1,0,45,,,,,,CC BY 4.0,"""Ernodesmis verticillata"" by Thomas Irvine (CC BY 4.0). http://creativecommons.org/licenses/by/4.0/ GBIF occurrence 3986239979.",gbif,yes,
marine-life-maroon-orange-crust-alga,crl-186958,maroon-orange crust alga,,,Erythrodermis haematis,plants,red-algae,,Mottled red and orange encrusting alga. Forms a rough fan shape with darker lines radiating from the center.,,0.45,,,,,,,,,,,,
marine-life-encrusting-gorgonian,44356,Encrusting gorgonian,https://inaturalist-open-data.s3.amazonaws.com/photos/664776932/original.jpg,marine-life-encrusting-gorgonian,Erythropodium caribaeorum,corals,octocorals,Anthothelidae,"Maximum depth recorded from Belize (Ref. 87218) Inhabit a variety of reef environments throughout the Caribbean (Ref. 415), at depths of 0.5 to 12 m in coral reefs and rocky bottoms (Ref. 83916). Also found in Carrie Bow Cay, Belize in lagoon and back reef, reef crest, low spur and groove zone, outer ridge and fore-reef slope at depths of up to 25 m (Ref. 87218).",,,0,25,,,,,,CC BY 4.0,"""Erythropodium caribaeorum"" by Jacob Weston (CC BY 4.0). http://creativecommons.org/licenses/by/4.0/ GBIF occurrence 6333916989.",gbif,yes,
marine-life-beaded-sea-cucumber,49471,beaded sea cucumber,https://inaturalist-open-data.s3.amazonaws.com/photos/256389498/original.jpg,marine-life-beaded-sea-cucumber,Euapta lappa,invertebrates,sea-cucumbers,Synaptidae,Bulbous flexible body with yellow stripes on the sides. Ring of long pale feeding tentacles around the mouth.,,0.9,0,24,,,,,,CC0 1.0,"""Euapta lappa"" by Jean-Paul Boerekamps (CC0 1.0). http://creativecommons.org/publicdomain/zero/1.0/ GBIF occurrence 5006934237.",gbif,yes,
marine-life-eubranchus-conicla,148335,Cone Eubranchus,https://inaturalist-open-data.s3.amazonaws.com/photos/620792006/original.jpg,marine-life-eubranchus-conicla,Eubranchus conicla,invertebrates,nudibranchs,Eubranchidae,Translucent gray with brown and white spots. Few long and very bulbous cerata. Bands on smooth rhinophores.,,0.004,0,3,,,,,,CC BY 4.0,"""Eubranchus conicla"" by Cricket Raspet (CC BY 4.0). http://creativecommons.org/licenses/by/4.0/ GBIF occurrence 6178841614.",gbif,yes,
marine-life-slate-pencil-urchin,49947,slate pencil urchin,https://inaturalist-open-data.s3.amazonaws.com/photos/471312950/original.jpg,marine-life-slate-pencil-urchin,Eucidaris tribuloides,invertebrates,sea-urchins,Cidaridae,Light red to brownish body. Thick tapering spines with light brown banding. Short white secondary spines.,,0.05,0,50,,,,,,CC0 1.0,"""Eucidaris tribuloides"" by Kathy Daniel (CC0 1.0). http://creativecommons.org/publicdomain/zero/1.0/ GBIF occurrence 5104356250.",gbif,yes,
marine-life-silver-jenny,crl-244746,silver Jenny,https://inaturalist-open-data.s3.amazonaws.com/photos/466421383/original.jpeg,marine-life-silver-jenny,Eucinostomus gula,fishes,silvery-fishes,,Silvery body with a bluish tint above. Oblique dusky bars along upper back. Dusky outer edge on first dorsal fin.,,0.23,,,,,,,,CC BY 4.0,"""Eucinostomus gula"" by filipeprates (CC BY 4.0). http://creativecommons.org/licenses/by/4.0/ GBIF occurrence 5063528386.",gbif,yes,
marine-life-flagfin-mojarra,crl-972972,flagfin mojarra,https://inaturalist-open-data.s3.amazonaws.com/photos/605786291/original.jpg,marine-life-flagfin-mojarra,Eucinostomus melanopterus,fishes,silvery-fishes,,"Silvery body, slightly darker above. Distinctive black tips on front spines of first dorsal fin, with white area below.",,0.19,,,,,,,,CC BY 4.0,"""Eucinostomus melanopterus"" by geosesarma (CC BY 4.0). http://creativecommons.org/licenses/by/4.0/ GBIF occurrence 6130118447.",gbif,yes,
marine-life-eudistoma-obscuratum,54513,black condominium tunicate,https://inaturalist-open-data.s3.amazonaws.com/photos/229001788/original.jpg,marine-life-eudistoma-obscuratum,Eudistoma obscuratum,invertebrates,tunicates,Polycitoridae,Tiny individuals under a common globular black tunic. Protruding siphon edges may be speckled with white.,,0.1,0,5,,,,,,CC BY 4.0,"""Eudistoma obscuratum"" by Thomas Irvine (CC BY 4.0). http://creativecommons.org/licenses/by/4.0/ GBIF occurrence 3903323879.",gbif,yes,
marine-life-atlantic-palolo,100555,Atlantic Palolo,,,Eunice fucata,invertebrates,worms,Eunicidae,"Iridescent reddish-brown body. Centipede-like legs on each body segment. Found in areas of shallow rubble. Bobbit worms make a den of strong fibers, appearing like spider’s silk. They are largely nocturnal hunters as most of their predators are fish that are active during the day.",,0.6,500,501,,,,,,,,,,
marine-life-warty-sea-rod,43943,Warty sea rod,,,Eunicea calyculata,corals,octocorals,Plexauridae,,,,4,33,,,,,,,,,,
marine-life-doughnut-sea-rod,43944,Doughnut sea rod,,marine-life-doughnut-sea-rod,Eunicea fusca,corals,octocorals,Plexauridae,Maximum depth from Ref. 109199. It is found on coral reefs and rocky bottoms at depths of 4 to 10 m (Ref. 83916).,,,4,27,,,,,,© Mickey Charteris — permission required,"Caribbean Reef Life (Mickey Charteris, 4th ed.)",caribbean-reef-life,yes,
marine-life-swollen-knob-candelabrum,43949,Swollen knob candelabrum,https://inaturalist-open-data.s3.amazonaws.com/photos/349082995/original.jpg,marine-life-swollen-knob-candelabrum,Eunicea mammosa,corals,octocorals,Plexauridae,,,,1,5,,,,,,CC BY 4.0,"""Eunicea mammosa"" by Robin White (CC BY 4.0). http://creativecommons.org/licenses/by/4.0/ GBIF occurrence 4607372715.",gbif,yes,
marine-life-shelf-knob-sea-rod,43951,Shelf-knob sea rod,,marine-life-shelf-knob-sea-rod,Eunicea succinea,corals,octocorals,Plexauridae,Minimum depth from Ref. 109199. It is found on coral reefs and rocky bottoms at depths of 3 to 6 m (Ref. 83916).,,,1,6,,,,,,© Mickey Charteris — permission required,"Caribbean Reef Life (Mickey Charteris, 4th ed.)",caribbean-reef-life,yes,
marine-life-spaghetti-worm,39728,spaghetti worm,,,Eupolymnia crassicornis,invertebrates,worms,Terebellidae,Thin white tentacles radiating from a common hole in the reef. Body is hidden. Found close to sandy areas.,,,,,,,,,,,,,,
marine-life-redspot-comb-jelly,60743,redspot comb jelly,https://inaturalist-open-data.s3.amazonaws.com/photos/610146454/original.jpg,marine-life-redspot-comb-jelly,Eurhamphaea vexilligera,invertebrates,jellies,Eurhamphaeidae,Elongated body with short oral lobes. Cilia appear as lines of flashing red spots running parallel to the gut.,,0.09,,,,,,,,CC BY 4.0,"""Eurhamphaea vexilligera"" by Dan Schofield (CC BY 4.0). http://creativecommons.org/licenses/by/4.0/ GBIF occurrence 6131604812.",gbif,yes,
marine-life-orange-fireworm,38154,Orange FireWorm,https://inaturalist-open-data.s3.amazonaws.com/photos/466421160/original.jpeg,marine-life-orange-fireworm,Eurythoe complanata,invertebrates,worms,Amphinomidae,"Narrow flattened body with dense tufts of white bristles. Orange, red or greenish, often darker towards midbody.",,0.35,1,1100,,,,,,CC0 1.0,"""Eurythoe complanata"" by Diana (CC0 1.0). http://creativecommons.org/publicdomain/zero/1.0/ GBIF occurrence 5063526453.",gbif,yes,
marine-life-smooth-flower-coral,45898,Smooth flower coral,https://inaturalist-open-data.s3.amazonaws.com/photos/468800793/original.jpg,marine-life-smooth-flower-coral,Eusmilia fastigiata,corals,cactus-corals,Meandrinidae,Maximum depth from Ref. 116012. Zooxanthellate (Ref. 116012).,,,0,60,,,,,,CC0 1.0,"""Eusmilia fastigiata"" by Jean-Paul Boerekamps (CC0 1.0). http://creativecommons.org/publicdomain/zero/1.0/ GBIF occurrence 5063964114.",gbif,yes,
marine-life-little-tunny,97,Little Tunny,https://inaturalist-open-data.s3.amazonaws.com/photos/642565419/original.jpg,marine-life-little-tunny,Euthynnus alletteratus,fishes,barracudas,Scombridae,Rounded silvery body with narrow tail base. Oblique black stripes on upper back. Dark spots behind pectoral.,,1.22,1,150,Body shape: fusiform / normal,,,,,CC0 1.0,"""Euthynnus alletteratus"" by Paulo Mascaretti (CC0 1.0). http://creativecommons.org/publicdomain/zero/1.0/ GBIF occurrence 6235575646.",gbif,yes,
marine-life-brown-anemone,crl-241956,Brown anemone,https://inaturalist-open-data.s3.amazonaws.com/photos/668444594/original.jpg,marine-life-brown-anemone,Exaiptasia diaphana,invertebrates,anemones,,Brown oral disc with a whitish central mouth. Tentacles of different lengths. Common in lagoons and mangroves.,,0.025,,,,,,,,CC0 1.0,"""Exaiptasia diaphana"" by Daniel Estabrooks (CC0 1.0). http://creativecommons.org/publicdomain/zero/1.0/ GBIF occurrence 6352699010.",gbif,yes,
marine-life-true-tulip,4932,true tulip,https://inaturalist-open-data.s3.amazonaws.com/photos/607542891/original.jpg,marine-life-true-tulip,Fasciolaria tulipa,invertebrates,snails,Fasciolariidae,Pointed shell with faint spiral lines and long aperture lip. Pink mantle with white speckles. Short pointed tentacles.,,0.25,0,73,,,,,,CC0 1.0,"""Fasciolaria tulipa"" by Robert Hongen (CC0 1.0). http://creativecommons.org/publicdomain/zero/1.0/ GBIF occurrence 6130508080.",gbif,yes,
marine-life-golfball-coral,46714,Golfball coral,https://inaturalist-open-data.s3.amazonaws.com/photos/377443624/original.jpg,marine-life-golfball-coral,Favia fragum,corals,star-corals,Faviidae,Zooxanthellate (Ref. 116012). Common in shallow less than 15 m; reef habitats and sometimes seagrass beds (Ref. 415). Also in intertidal rock pools and shallow reef environments (Ref. 848).,,0.05,0,30,,,,,,CC0 1.0,"""Favia fragum"" by Jesse Rorabaugh (CC0 1.0). http://creativecommons.org/publicdomain/zero/1.0/ GBIF occurrence 5897417287.",gbif,yes,
marine-life-gastropod-8618,8618,long-eared Favorinus,https://inaturalist-open-data.s3.amazonaws.com/photos/340116869/original.jpg,marine-life-gastropod-8618,Favorinus auritulus,invertebrates,nudibranchs,Facelinidae,Rounded cerata with white markings. Rhinophores with distinctive bulges. Feeds on the eggs of other sea slugs.,,0.015,0,2,,,,,,CC BY 4.0,"""Favorinus auritulus"" by Pauline Walsh Jacobson (CC BY 4.0). http://creativecommons.org/licenses/by/4.0/ GBIF occurrence 4465763733.",gbif,yes,
marine-life-gold-crowned-sea-goddess,crl-111618,gold-crowned sea goddess,https://inaturalist-open-data.s3.amazonaws.com/photos/220727448/original.jpeg,marine-life-gold-crowned-sea-goddess,Felimare acriba,invertebrates,nudibranchs,,Yellow dorsum with purple spots. Gold line on ruffled mantle edge. Brown-lined gills. Pale purple rhinophores.,,0.07,,,,,,,,CC BY 4.0,"""Felimare acriba"" by Dan Schofield (CC BY 4.0). http://creativecommons.org/licenses/by/4.0/ GBIF occurrence 3888739973.",gbif,yes,
marine-life-purple-crowned-sea-goddess,crl-489531,purple-crowned sea goddess,,marine-life-purple-crowned-sea-goddess,Felimare kempfi,invertebrates,nudibranchs,,White dorsum with large black blotches. Broad yellow band around mantle edge. Purple gills and rhinophores.,,0.025,,,,,,,,© Mickey Charteris — permission required,"Caribbean Reef Life (Mickey Charteris, 4th ed.)",caribbean-reef-life,yes,
marine-life-purple-spotted-sea-goddess,crl-469240,purple-spotted sea goddess,https://inaturalist-open-data.s3.amazonaws.com/photos/107515494/original.jpg,marine-life-purple-spotted-sea-goddess,Felimare marci,invertebrates,nudibranchs,,Brownish body with small purple spots on dorsum and sides. White gills lined in brown. White rhinophores.,,0.05,,,,,,,,CC BY 4.0,"""Felimare marci"" by João D'Andretta (CC BY 4.0). http://creativecommons.org/licenses/by/4.0/ GBIF occurrence 3058744663.",gbif,yes,
marine-life-redline-blue-sea-goddess,crl-436855,redline blue sea goddess,,marine-life-redline-blue-sea-goddess,Felimare nyalya,invertebrates,nudibranchs,,Blue dorsum with dark blue rhinophores and gills. Mantle edged in yellow with a thin red margin. Prefers shallows.,,0.04,,,,,,,,© Mickey Charteris — permission required,"Caribbean Reef Life (Mickey Charteris, 4th ed.)",caribbean-reef-life,yes,
marine-life-gold-lined-sea-goddess,crl-997541,Gold-lined sea goddess,https://inaturalist-open-data.s3.amazonaws.com/photos/482783503/original.jpg,marine-life-gold-lined-sea-goddess,Felimare ruthae,invertebrates,nudibranchs,,"Dark blue to black with yellow lines on dorsum. Yellow margin on white mantle edge, interrupted at midbody.",,0.025,,,,,,,,CC BY 4.0,"""Felimare ruthae"" by Pauline Walsh Jacobson (CC BY 4.0). http://creativecommons.org/licenses/by/4.0/ GBIF occurrence 5134067279.",gbif,yes,
marine-life-harlequin-sea-goddess,crl-361511,harlequin sea goddess,https://minka-sdg.org/attachments/local_photos/files/696171/original.jpeg,marine-life-harlequin-sea-goddess,Felimida binza,invertebrates,nudibranchs,,Large red areas on dorsum extend down to become lines on a white mantle edge. Pale blue spots circled in red.,,0.035,,,,,,,,CC BY 4.0,"""Felimida binza"" by martinacm (CC BY 4.0). http://creativecommons.org/licenses/by/4.0/ GBIF occurrence 6131795749.",gbif,,
marine-life-clenchs-sea-goddess,crl-725741,Clench’s sea goddess,https://inaturalist-open-data.s3.amazonaws.com/photos/680928817/original.jpg,marine-life-clenchs-sea-goddess,Felimida clenchi,invertebrates,nudibranchs,,Red areas on dorsum do not extend to mantle edge. Patterns for this species are more varied than F. binza.,,0.035,,,,,,,,CC BY 4.0,"""Felimida clenchi"" by Pauline Walsh Jacobson (CC BY 4.0). http://creativecommons.org/licenses/by/4.0/ GBIF occurrence 6413770397.",gbif,yes,
marine-life-bluespotted-cornetfish,3275,bluespotted cornetfish,https://inaturalist-open-data.s3.amazonaws.com/photos/628198795/original.jpg,marine-life-bluespotted-cornetfish,Fistularia tabacaria,fishes,needlefishes,Fistulariidae,Elongated body with rows of pale blue spots. Tail with long trailing filament. Often found in shallow seagrass.,,2,,200,Body shape: elongated,,,,,CC0 1.0,"""Fistularia tabacaria"" by Paulo Mascaretti (CC0 1.0). http://creativecommons.org/publicdomain/zero/1.0/ GBIF occurrence 6185521571.",gbif,yes,
marine-life-nudibranch-148324,148324,Dushia flabellina (variation),https://inaturalist-open-data.s3.amazonaws.com/photos/686486422/original.jpg,marine-life-nudibranch-148324,Flabellina dushia,invertebrates,nudibranchs,Flabellinidae,"The color of the digestive tracts in the cerata varies from red to bright orange or yellow, sometimes as a thin band.",,0.02,1,20,,,,,,CC BY 4.0,"""Flabellina dushia"" by Pauline Walsh Jacobson (CC BY 4.0). http://creativecommons.org/licenses/by/4.0/ GBIF occurrence 6422028032.",gbif,yes,
marine-life-flabellina-engeli,894,engel’s flabellina,https://inaturalist-open-data.s3.amazonaws.com/photos/416908613/original.jpg,marine-life-flabellina-engeli,Flabellina engeli,invertebrates,nudibranchs,Flabellinidae,"Widely spaced cerata with orange bands, connected by thick white lines. White-tipped rhinophores and tentacles.",,0.025,1,2,,,,,,CC BY 4.0,"""Flabellina engeli"" by Pauline Walsh Jacobson (CC BY 4.0). http://creativecommons.org/licenses/by/4.0/ GBIF occurrence 4923598255.",gbif,yes,
marine-life-red-disc-alga,crl-225478,red disc alga,,marine-life-red-disc-alga,Flahaultia tegetiformans,plants,red-algae,,"Thick round blades, often fused and overlapping. Red to maroon, with brownish edges. Found in dark reef areas.",,0.04,,,,,,,,© Mickey Charteris — permission required,"Caribbean Reef Life (Mickey Charteris, 4th ed.)",caribbean-reef-life,yes,
marine-life-ocellated-frogfish,3085,ocellated frogfish,https://inaturalist-open-data.s3.amazonaws.com/photos/148781822/original.jpg,marine-life-ocellated-frogfish,Fowlerichthys ocellatus,fishes,frogfishes,Antennariidae,"Three large dark ocellated spots: on lower dorsal fin, on midbody and on tail. Elongated filaments on lure.",,0.42,1,500,Body shape: short and / or deep,,,,,CC BY 4.0,"""Fowlerichthys ocellatus"" by Jaime Eduardo García Zúñiga (CC BY 4.0). http://creativecommons.org/licenses/by/4.0/ GBIF occurrence 3455405012.",gbif,yes,
marine-life-tubular-thicket-alga,115387,tubular thicket alga,https://inaturalist-open-data.s3.amazonaws.com/photos/631516534/original.jpg,marine-life-tubular-thicket-alga,Galaxaura rugosa,plants,red-algae,Galaxauraceae,"Clusters of calcified cream to rose-red tubes, branching to form rounded domes. Gametophyte stage shown above.",,0.15,0,12,,,,,,CC BY 4.0,"""Galaxaura rugosa"" by Ben Jobson (CC BY 4.0). http://creativecommons.org/licenses/by/4.0/ GBIF occurrence 6187919582.",gbif,yes,
marine-life-tiger-shark,886,Tiger shark,https://inaturalist-open-data.s3.amazonaws.com/photos/252582686/original.jpg,marine-life-tiger-shark,Galeocerdo cuvier,fishes,sharks,Galeocerdonidae,Heavy body with short wide snout. Series of dark body bars and markings. Upper lobe of tail is the largest.,,7.5,0,800,Body shape: fusiform / normal,,,,,CC0 1.0,"""Galeocerdo cuvier"" by Kathy Daniel (CC0 1.0). http://creativecommons.org/publicdomain/zero/1.0/ GBIF occurrence 4022092950.",gbif,yes,
marine-life-mucosa-white-alga,117392,mucosa white alga,https://oxalis.br.fgov.be/images/V/BR5/010/108/628/599/BR5010108628599V.jpg,marine-life-mucosa-white-alga,Ganonema farinosum,plants,red-algae,Liagoraceae,Tangled mass of soft thick branching stalks. White to light brown. Slimy appearance. Can cover large areas.,,0.3,0,10,,,,,,CC BY 4.0,"""Ganonema farinosum (J.V.Lamour.) K.C.Fan & Y.C.Wang"" by Meise Botanic Garden (CC BY 4.0). http://creativecommons.org/licenses/by/4.0/ GBIF occurrence 4876292879.",gbif,yes,
marine-life-flapping-dingbat,378,Flapping Dingbat,https://inaturalist-open-data.s3.amazonaws.com/photos/565602063/original.jpg,marine-life-flapping-dingbat,Gastropteron chacmol,invertebrates,nudibranchs,Gastropteridae,"Parapodia overlap, covering a small shell. Single siphon above head. Swims when disturbed, or buries into sand.",,0.01,3,8,,,,,,CC BY 4.0,"""Gastropteron chacmol"" by Dan Schofield (CC BY 4.0). http://creativecommons.org/licenses/by/4.0/ GBIF occurrence 5827475176.",gbif,yes,
marine-life-sponge-51742,51742,Sponge,https://inaturalist-open-data.s3.amazonaws.com/photos/270671556/original.jpg,marine-life-sponge-51742,Geodia gibberosa,sponges,barrel-sponges,Geodiidae,"Occurs in shallow inshore hard bottoms (Ref. 85482) and mangrove ponds (Ref. 86789). In Belize, it is found in a submarine cave near Columbus Cay (Ref. 87209).",,,1,90,,,,,,CC BY 4.0,"""Geodia gibberosa"" by Robin White (CC BY 4.0). http://creativecommons.org/licenses/by/4.0/ GBIF occurrence 4607410449.",gbif,yes,
marine-life-yellowfin-mojarra,crl-971041,yellowfin mojarra,https://inaturalist-open-data.s3.amazonaws.com/photos/664402822/original.jpg,marine-life-yellowfin-mojarra,Gerres cinereus,fishes,silvery-fishes,,The largest of the mojarras. Silvery body with diffuse broken dark bars. Distinctive yellow pelvic and anal fins.,,0.4,,,,,,,,CC0 1.0,"""Gerres cinereus"" by Daniel Estabrooks (CC0 1.0). http://creativecommons.org/publicdomain/zero/1.0/ GBIF occurrence 6333872023.",gbif,yes,
marine-life-gibberula-fluctuata,4643,wavy Marginella,,,Gibberula fluctuata,invertebrates,snails,Cystiscidae,Glossy oval shell with a blunt spire. Cream to tan base color with a series of dark brown wavy longitudinal lines.,,0.007,0,52,,,,,,,,,,
marine-life-warteyed-stargazer,3702,warteyed stargazer,,marine-life-warteyed-stargazer,Gillellus uranidea,fishes,toadfishes,Dactyloscopidae,Tapering white body with four dark or red saddles across back. Tall flexible first dorsal fin. Often buried in sand.,,0.05,,,Body shape: elongated,,,,,© Mickey Charteris — permission required,"Caribbean Reef Life (Mickey Charteris, 4th ed.)",caribbean-reef-life,yes,
marine-life-nurse-shark,2532,nurse shark,https://inaturalist-open-data.s3.amazonaws.com/photos/620957458/original.jpg,marine-life-nurse-shark,Ginglymostoma cirratum,fishes,sharks,Ginglymostomatidae,Gray with black and white speckles. Dorsal fins set close to long tail. Fleshy barbels over top lip. Small white eye.,,4.3,0,130,Body shape: elongated,,,,,CC0 1.0,"""Ginglymostoma cirratum"" by Tommy (CC0 1.0). http://creativecommons.org/publicdomain/zero/1.0/ GBIF occurrence 6441482045.",gbif,yes,
marine-life-nineline-goby,12445,Nineline goby,https://inaturalist-open-data.s3.amazonaws.com/photos/608997733/original.jpg,marine-life-nineline-goby,Ginsburgellus novemlineatus,fishes,gobies,Gobiidae,Black body with nine narrow bright blue bars. Red to pale brown head and red Iris. Found in clear shallow waters.,,0.025,,,Body shape: fusiform / normal,,,,,CC BY 4.0,"""Ginsburgellus novemlineatus"" by Jan Ebr & Ivana Ebrová (CC BY 4.0). http://creativecommons.org/licenses/by/4.0/ GBIF occurrence 6130128360.",gbif,yes,
marine-life-short-finned-pilot-whale,69399,short-finned pilot whale,https://inaturalist-open-data.s3.amazonaws.com/photos/618152811/original.jpg,marine-life-short-finned-pilot-whale,Globicephala macrorhynchus,mammals,,Delphinidae,Bulbous head with no obvious rostrum. Dorsal fin has a distinctively long base. Body thickens towards tail base.,,6.1,0,2418,,,,,yes,CC0 1.0,"""Globicephala macrorhynchus"" by Mike Concannon (CC0 1.0). http://creativecommons.org/publicdomain/zero/1.0/ GBIF occurrence 6162985071.",gbif,yes,
marine-life-goldspot-goby,3855,goldspot goby,https://inaturalist-open-data.s3.amazonaws.com/photos/469379009/original.jpg,marine-life-goldspot-goby,Gnatholepis thompsoni,fishes,gobies,Gobiidae,"Blunt snout. Dark bar runs from top of head, through eye and onto cheek. Commonly a gold spot above pectoral.",,0.08,0,50,Body shape: elongated,,,,,CC0 1.0,"""Gnatholepis thompsoni"" by Jean-Paul Boerekamps (CC0 1.0). http://creativecommons.org/publicdomain/zero/1.0/ GBIF occurrence 5064037700.",gbif,yes,
marine-life-squat-urchin-shrimp,24652,urchin bumblebee shrimp,https://inaturalist-open-data.s3.amazonaws.com/photos/289366991/original.jpg,marine-life-squat-urchin-shrimp,Gnathophylloides mineri,invertebrates,shrimps,Palaemonidae,Dark sides with broad white stripes. Thin white stripes on top of back. Found on West Indian Sea Eggs (p. 151).,,0.02,0,94,,,,,,CC BY 4.0,"""Gnathophylloides mineri"" by Pauline Walsh Jacobson (CC BY 4.0). http://creativecommons.org/licenses/by/4.0/ GBIF occurrence 4134013155.",gbif,yes,
marine-life-bumblebee-shrimp,24650,striped bumblebee shrimp,https://inaturalist-open-data.s3.amazonaws.com/photos/615488857/original.jpg,marine-life-bumblebee-shrimp,Gnathophyllum americanum,invertebrates,shrimps,Palaemonidae,"Yellow body with brown bands. Gold on legs and tail. Found on or near sea cucumbers, urchins and sea stars.",,0.015,0,50,,,,,,CC BY 4.0,"""Gnathophyllum americanum"" by Dan Schofield (CC BY 4.0). http://creativecommons.org/licenses/by/4.0/ GBIF occurrence 6159539006.",gbif,yes,
marine-life-circled-shrimp,24651,circled bumblebee shrimp,https://inaturalist-open-data.s3.amazonaws.com/photos/471646279/original.jpg,marine-life-circled-shrimp,Gnathophyllum circellum,invertebrates,shrimps,Palaemonidae,Brownish body with bright gold spots circled in black. Long transparent legs and antennae. Transparent tail.,,0.015,0,18,,,,,,CC BY 4.0,"""Gnathophyllum circellum"" by Dan Schofield (CC BY 4.0). http://creativecommons.org/licenses/by/4.0/ GBIF occurrence 5076935251.",gbif,yes,
marine-life-sargassum-horned-flatworm,36465,Sargassum Horned Flatworm,,marine-life-sargassum-horned-flatworm,Gnesioceros sargassicola,invertebrates,flatworms,Planoceridae,"Flattened body tapering to the rear, with scattered brown spots and irregular blotches. Small thin white tentacles.",,0.015,,,,,,,,© Mickey Charteris — permission required,"Caribbean Reef Life (Mickey Charteris, 4th ed.)",caribbean-reef-life,yes,
marine-life-stippled-clingfish,3077,Stippled clingfish,https://inaturalist-open-data.s3.amazonaws.com/photos/461183053/original.jpg,marine-life-stippled-clingfish,Gobiesox punctulatus,fishes,clingfishes,Gobiesocidae,Pale brown body with small olive spots. Wide flattened head. Found among coral rubble in very shallow water.,,0.065,,,Body shape: elongated,,,,,CC BY 4.0,"""Gobiesox punctulatus"" by Dan Schofield (CC BY 4.0). http://creativecommons.org/licenses/by/4.0/ GBIF occurrence 5007778946.",gbif,yes,
marine-life-puffcheek-blenny,3729,puffcheek blenny,https://inaturalist-open-data.s3.amazonaws.com/photos/394407645/original.jpeg,marine-life-puffcheek-blenny,Gobioclinus bucciferus,fishes,blennies,Labrisomidae,Dark bars extend slightly onto dorsal fin. White patch on front of dorsal fin. Orangish lower head with white spots.,,0.09,0,5,Body shape: elongated,,,,,CC BY 4.0,"""Gobioclinus bucciferus"" by Fish and Dive (CC BY 4.0). http://creativecommons.org/licenses/by/4.0/ GBIF occurrence 4900945220.",gbif,yes,
marine-life-quillfin-blenny,23735,quillfin blenny,https://inaturalist-open-data.s3.amazonaws.com/photos/248728278/original.jpg,marine-life-quillfin-blenny,Gobioclinus filamentosus,fishes,blennies,Labrisomidae,"Greatly elongated first dorsal fin, extended into filaments in males. Large white-edged black ocellus on gill cover.",,0.12,12,35,Body shape: elongated,,,,,CC BY 4.0,"""Gobioclinus filamentosus"" by Pauline Walsh Jacobson (CC BY 4.0). http://creativecommons.org/licenses/by/4.0/ GBIF occurrence 4506240696.",gbif,yes,
marine-life-palehead-blenny,3730,palehead blenny,https://inaturalist-open-data.s3.amazonaws.com/photos/251183489/original.jpeg,marine-life-palehead-blenny,Gobioclinus gobio,fishes,blennies,Labrisomidae,Blunt snout. Head is often reddish. Bars do not extend onto the dorsal fin membranes. Second bar wide at top.,,0.06,0,15,Body shape: elongated,,,,,CC BY 4.0,"""Gobioclinus gobio"" by Dan Schofield (CC BY 4.0). http://creativecommons.org/licenses/by/4.0/ GBIF occurrence 4516467855.",gbif,yes,
marine-life-mimic-blenny,3731,mimic blenny,https://inaturalist-open-data.s3.amazonaws.com/photos/258750428/original.jpg,marine-life-mimic-blenny,Gobioclinus guppyi,fishes,blennies,Labrisomidae,Dark bars extend onto fins. Front of dorsal fin is short. Prominent ocellus on gill cover with orange posterior rim.,,0.11,,,Body shape: elongated,,,,,CC BY 4.0,"""Gobioclinus guppyi"" by James-LaFontaine (CC BY 4.0). http://creativecommons.org/licenses/by/4.0/ GBIF occurrence 4987647969.",gbif,yes,
marine-life-longfin-blenny,3732,longfin blenny,https://inaturalist-open-data.s3.amazonaws.com/photos/243216370/original.jpg,marine-life-longfin-blenny,Gobioclinus haitiensis,fishes,blennies,Labrisomidae,"Overall pattern black and white. Front of dorsal fin tall, edged with white band. Often a dark circle on gill cover.",,0.07,,,Body shape: elongated,,,,,CC BY 4.0,"""Gobioclinus haitiensis"" by Pauline Walsh Jacobson (CC BY 4.0). http://creativecommons.org/licenses/by/4.0/ GBIF occurrence 4112131431.",gbif,yes,
marine-life-downy-blenny,3733,downy blenny,https://inaturalist-open-data.s3.amazonaws.com/photos/610561748/original.jpg,marine-life-downy-blenny,Gobioclinus kalisherae,fishes,blennies,Labrisomidae,"Reddish head, usually with irregular patches of orange. Dark bars extend onto very spotted dorsal and anal fins.",,0.08,,,Body shape: elongated,,,,,CC BY 4.0,"""Gobioclinus kalisherae"" by Kai Murphy (CC BY 4.0). http://creativecommons.org/licenses/by/4.0/ GBIF occurrence 6131375038.",gbif,yes,
marine-life-highfin-goby,crl-154522,Highfin goby,https://inaturalist-open-data.s3.amazonaws.com/photos/458559464/original.jpeg,marine-life-highfin-goby,Gobionellus oceanicus,fishes,gobies,,"Light brown body and tapering tail. Elongated dark blotch below dorsal fin, outlined in green. Found in silty areas.",,0.3,,,,,,,,CC0 1.0,"""Gobionellus oceanicus"" by Bruno R. Giozza (CC0 1.0). http://creativecommons.org/publicdomain/zero/1.0/ GBIF occurrence 5007371451.",gbif,yes,
marine-life-venus-sea-fan,44142,Venus sea fan,https://reefguide.org/pix/venusseafan3.jpg,marine-life-venus-sea-fan,Gorgonia flabellum,corals,octocorals,Gorgoniidae,Intertidal (Ref. 109199).,,,0,16,,,,,,All Rights Reserved,"Photo © Florent Charpin, reefguide.org — Venus sea fan (Gorgonia flabellum) — Cozumel, Mexico",reefguide,yes,
marine-life-small-sea-fan,44143,Small sea fan,https://inaturalist-open-data.s3.amazonaws.com/photos/609804204/original.jpg,marine-life-small-sea-fan,Gorgonia mariae,corals,octocorals,Gorgoniidae,,,,,,,,,,,CC BY 4.0,"""Gorgonia mariae"" by Jay Brasher (CC BY 4.0). http://creativecommons.org/licenses/by/4.0/ GBIF occurrence 6130543238.",gbif,yes,
marine-life-common-sea-fan,44144,Common sea fan,https://inaturalist-open-data.s3.amazonaws.com/photos/611962308/original.jpg,marine-life-common-sea-fan,Gorgonia ventalina,corals,octocorals,Gorgoniidae,Minimum depth from Ref. 109199. Intertidal (Ref. 109199).,,,0,4,,,,,,CC0 1.0,"""Gorgonia ventalina"" by Daniel F (CC0 1.0). http://creativecommons.org/publicdomain/zero/1.0/ GBIF occurrence 6133060187.",gbif,yes,
marine-life-yellowlined-basslet,12130,yellowcheek basslet,,marine-life-yellowlined-basslet,Gramma linki,fishes,basslets,Grammatidae,Bluish-gray body with rows of yellow spots. Wavy yellow lines across cheek and onto gill cover. Bright yellow iris.,,0.08,27,130,Body shape: elongated,,,,,© Mickey Charteris — permission required,"Caribbean Reef Life (Mickey Charteris, 4th ed.)",caribbean-reef-life,yes,
marine-life-royal-gramma,5281,fairy basslet,https://inaturalist-open-data.s3.amazonaws.com/photos/518820964/original.jpg,marine-life-royal-gramma,Gramma loreto,fishes,basslets,Grammatidae,"Head and front of body purple, golden-yellow towards tail. Dark spot on front of dorsal fin. Dark stripe through eye.",,0.08,1,60,Body shape: fusiform / normal,,,,,CC0 1.0,"""Gramma loreto"" by TheMongrelKoi (CC0 1.0). http://creativecommons.org/publicdomain/zero/1.0/ GBIF occurrence 5187785391.",gbif,yes,
marine-life-blackcap-basslet,12131,blackcap basslet,https://inaturalist-open-data.s3.amazonaws.com/photos/365263296/original.jpg,marine-life-blackcap-basslet,Gramma melacara,fishes,basslets,Grammatidae,Purple body with dark patch from snout to dorsal. Often thin gold lines on head. Usually deeper than G. loreto.,,0.11,10,180,Body shape: elongated,,,,,CC BY 4.0,"""Gramma melacara"" by cello caruso-turiello (CC BY 4.0). http://creativecommons.org/licenses/by/4.0/ GBIF occurrence 4607660947.",gbif,yes,
marine-life-reef-cave-brotula,3124,reef-cave brotula,,marine-life-reef-cave-brotula,Grammonus claudei,fishes,brotulas,Bythitidae,"Tapering brown body. Black vertical fins fused with tail, paler at the base to the front. Found deep inside caves.",,0.1,6,70,Body shape: Elongated,,,,,© Mickey Charteris — permission required,"Caribbean Reef Life (Mickey Charteris, 4th ed.)",caribbean-reef-life,yes,
marine-life-naked-sole,7575,Nude sole,,marine-life-naked-sole,Gymnachirus nudus,fishes,flounders,Achiridae,Pale brown with distinctive loose folds of skin. Around fifteen dark narrow vertical crossbars and more on tail.,,0.2,37,100,Body shape: short and / or deep,,,,,© Mickey Charteris — permission required,"Caribbean Reef Life (Mickey Charteris, 4th ed.)",caribbean-reef-life,yes,
marine-life-feather-hydroid-972286,crl-365946,feather hydroid,,,Gymnangium sibogae,invertebrates,hydroids,,Thin tightly spaced branchlets alternate along a dark brown central stalk. The shape resembles a tall feather.,,0.3,,,,,,,,,,,,
marine-life-green-moray,7546,Green moray,https://inaturalist-open-data.s3.amazonaws.com/photos/616423384/original.jpg,marine-life-green-moray,Gymnothorax funebris,fishes,eels,Muraenidae,The largest of the morays. Uniformly dark green body with no distinctive markings. Often under ledges in the daytime.,,2.5,1,50,Body shape: eel-like,,,,,CC0 1.0,"""Gymnothorax funebris"" by Bria Morgan (CC0 1.0). http://creativecommons.org/publicdomain/zero/1.0/ GBIF occurrence 6159215822.",gbif,yes,
marine-life-goldentail-moray,1103,goldentail moray,https://inaturalist-open-data.s3.amazonaws.com/photos/623600805/original.jpg,marine-life-goldentail-moray,Gymnothorax miliaris,fishes,eels,Muraenidae,Dark brown head and body covered in small yellow spots that become denser towards a yellow tail. Golden iris.,,0.7,0,60,Body shape: eel-like,,,,,CC0 1.0,"""Gymnothorax miliaris"" by Justin Philbois (CC0 1.0). http://creativecommons.org/publicdomain/zero/1.0/ GBIF occurrence 6178635255.",gbif,yes,
marine-life-spotted-moray,7547,spotted moray,https://inaturalist-open-data.s3.amazonaws.com/photos/623600482/original.jpg,marine-life-spotted-moray,Gymnothorax moringa,fishes,eels,Muraenidae,Irregular black spots over a pale background. Patterns vary greatly. Dorsal fin often edged in black. White iris.,,2,0,200,Body shape: eel-like,,,,,CC0 1.0,"""Gymnothorax moringa"" by Justin Philbois (CC0 1.0). http://creativecommons.org/publicdomain/zero/1.0/ GBIF occurrence 6179042092.",gbif,yes,
marine-life-purplemouth-moray,7548,purplemouth moray,https://inaturalist-open-data.s3.amazonaws.com/photos/623599266/original.jpg,marine-life-purplemouth-moray,Gymnothorax vicinus,fishes,eels,Muraenidae,Colors variable from brown to purplish. Dorsal fin black with thin white margin. Yellow iris. Dark inside mouth.,,1.32,,145,Body shape: eel-like,,,,,CC0 1.0,"""Gymnothorax vicinus"" by Justin Philbois (CC0 1.0). http://creativecommons.org/publicdomain/zero/1.0/ GBIF occurrence 6179476871.",gbif,yes,
marine-life-white-margate,1126,white margate,https://inaturalist-open-data.s3.amazonaws.com/photos/469739333/original.jpg,marine-life-white-margate,Haemulon album,fishes,grunts,Haemulidae,Uniformly silver body with no distinctive markings. Long sloping forehead. Small white iris. Often in sandy areas.,,0.79,20,60,Body shape: fusiform / normal,,,,,CC0 1.0,"""Haemulon album"" by Jean-Paul Boerekamps (CC0 1.0). http://creativecommons.org/publicdomain/zero/1.0/ GBIF occurrence 5069808847.",gbif,yes,
marine-life-tomtate-grunt,1128,tomtate,https://inaturalist-open-data.s3.amazonaws.com/photos/631762693/original.jpg,marine-life-tomtate-grunt,Haemulon aurolineatum,fishes,grunts,Haemulidae,"Silvery with bronze-yellow stripe from snout to tail base, another along upper side. Large black spot at tail base.",,0.25,30,70,Body shape: fusiform / normal,,,,,CC0 1.0,"""Haemulon aurolineatum"" by Lucas Rodrigues (CC0 1.0). http://creativecommons.org/publicdomain/zero/1.0/ GBIF occurrence 6188039847.",gbif,yes,
marine-life-caesar-grunt,1131,caesar grunt,https://inaturalist-open-data.s3.amazonaws.com/photos/474655985/original.png,marine-life-caesar-grunt,Haemulon carbonarium,fishes,grunts,Haemulidae,"Coppery stripes down a pale silvery body. Dark pelvic, rear dorsal and anal fins. Black tail. Bright blue eyes.",,0.4,3,25,Body shape: fusiform / normal,,,,,CC0 1.0,"""Haemulon carbonarium"" by Carter Dorscht (CC0 1.0). http://creativecommons.org/publicdomain/zero/1.0/ GBIF occurrence 5087674876.",gbif,yes,
marine-life-smallmouth-grunt,crl-191794,smallmouth grunt,https://inaturalist-open-data.s3.amazonaws.com/photos/609032819/original.jpg,marine-life-smallmouth-grunt,Haemulon chrysargyreum,fishes,grunts,,"Silvery-gray with broad yellow stripes across head, continuing to tail base. All fins and tail are bright yellow.",,0.23,,,,,,,,CC BY 4.0,"""Haemulon chrysargyreum"" by Jan Ebr & Ivana Ebrová (CC BY 4.0). http://creativecommons.org/licenses/by/4.0/ GBIF occurrence 6131000800.",gbif,yes,
marine-life-french-grunt,1135,french grunt (juvenile),https://inaturalist-open-data.s3.amazonaws.com/photos/621333997/original.jpg,marine-life-french-grunt,Haemulon flavolineatum,fishes,grunts,Haemulidae,Most juvenile grunts have dark stripes and tail base spot. Only the French Grunt has diagonal body stripes as well.,,0.3,0,60,Body shape: short and / or deep,,,,,CC0 1.0,"""Haemulon flavolineatum"" by Tommy (CC0 1.0). http://creativecommons.org/publicdomain/zero/1.0/ GBIF occurrence 6178353856.",gbif,yes,
marine-life-spanish-grunt,1136,spanish grunt,https://inaturalist-open-data.s3.amazonaws.com/photos/505761823/original.jpg,marine-life-spanish-grunt,Haemulon macrostomum,fishes,grunts,Haemulidae,Thin black stripes on upper body. Wide stripe from eye. Nape and upper back yellow. Yellow saddle at tail base.,,0.45,5,25,Body shape: short and / or deep,,,,,CC0 1.0,"""Haemulon macrostomum"" by Daniel Estabrooks (CC0 1.0). http://creativecommons.org/publicdomain/zero/1.0/ GBIF occurrence 5167835478.",gbif,yes,
marine-life-cottonwick-grunt,1138,cottonwick,https://inaturalist-open-data.s3.amazonaws.com/photos/582295431/original.jpg,marine-life-cottonwick-grunt,Haemulon melanurum,fishes,grunts,Haemulidae,"Wide black stripe runs from dorsal onto black tail, which is edged in white. Faint yellow body stripes. Pale fins.",,0.35,3,50,Body shape: short and / or deep,,,,,CC0 1.0,"""Haemulon melanurum"" by Justin Philbois (CC0 1.0). http://creativecommons.org/publicdomain/zero/1.0/ GBIF occurrence 5868094392.",gbif,yes,
marine-life-sailor-s-grunt,1139,Sailors choice,https://inaturalist-open-data.s3.amazonaws.com/photos/605565720/original.jpg,marine-life-sailor-s-grunt,Haemulon parra,fishes,grunts,Haemulidae,"Silvery-gray. Dark spots on scales form thin diagonal stripes. Tail and fins are dark, except for a pale pectoral.",,0.41,3,30,Body shape: short and / or deep,,,,,CC BY 4.0,"""Haemulon parra"" by geosesarma (CC BY 4.0). http://creativecommons.org/licenses/by/4.0/ GBIF occurrence 5938208810.",gbif,yes,
marine-life-bluestriped-grunt,1141,bluestriped grunt,https://inaturalist-open-data.s3.amazonaws.com/photos/605566375/original.jpg,marine-life-bluestriped-grunt,Haemulon sciurus,fishes,grunts,Haemulidae,"Bright blue stripes on a yellowish body. Black tail and rear dorsal fin. Pectoral, pelvic and anal fins are yellow.",,0.45,0,30,Body shape: fusiform / normal,,,,,CC BY 4.0,"""Haemulon sciurus"" by geosesarma (CC BY 4.0). http://creativecommons.org/licenses/by/4.0/ GBIF occurrence 5938637651.",gbif,yes,
marine-life-striped-grunt,1143,striped grunt,https://inaturalist-open-data.s3.amazonaws.com/photos/531297206/original.jpg,marine-life-striped-grunt,Haemulon striatum,fishes,grunts,Haemulidae,Five dark yellow to bronze stripes along upper body. Pale abdomen. Blunt snout. Schools on deeper reefs.,,0.28,10,210,Body shape: elongated,,,,,CC BY 4.0,"""Haemulon striatum"" by Kai Murphy (CC BY 4.0). http://creativecommons.org/licenses/by/4.0/ GBIF occurrence 5217613738.",gbif,yes,
marine-life-boga,3572,boga,https://inaturalist-open-data.s3.amazonaws.com/photos/693615088/original.jpg,marine-life-boga,Haemulon vittatum,fishes,grunts,Haemulidae,Metallic bluish-green upper body with dark stripes. Yellow snout. Two dorsal fins are connected near base.,,0.23,15,50,Body shape: elongated,,,,,CC BY 4.0,"""Haemulon vittatum"" by Matteo Bellucci (CC BY 4.0). http://creativecommons.org/licenses/by/4.0/ GBIF occurrence 6441068694.",gbif,yes,
marine-life-slippery-dick,3660,Slippery Dick (terminal),https://inaturalist-open-data.s3.amazonaws.com/photos/609510946/original.jpg,marine-life-slippery-dick,Halichoeres bivittatus,fishes,wrasses,Labridae,"Colors vary from pale to greenish. Two spots, black and pink, at upper corner of gill cover. Dark stripe to tail base.",,0.22,1,15,Body shape: fusiform / normal,,,,,CC BY 4.0,"""Halichoeres bivittatus"" by Jan Ebr & Ivana Ebrová (CC BY 4.0). http://creativecommons.org/licenses/by/4.0/ GBIF occurrence 6129880237.",gbif,yes,
marine-life-yellowcheek-wrasse,3662,yellowcheek wrasse (juvenile),https://inaturalist-open-data.s3.amazonaws.com/photos/587623732/original.jpg,marine-life-yellowcheek-wrasse,Halichoeres cyanocephalus,fishes,wrasses,Labridae,"Two ocellated blue spots, one at rear base of dorsal fin, one at tail base. Yellow patch from snout tip onto dorsal.",,0.3,18,91,Body shape: fusiform / normal,,,,,CC0 1.0,"""Halichoeres cyanocephalus"" by Justin Philbois (CC0 1.0). http://creativecommons.org/publicdomain/zero/1.0/ GBIF occurrence 5889443307.",gbif,yes,
marine-life-yellowhead-wrasse,3663,yellowhead wrasse (juvenile),https://inaturalist-open-data.s3.amazonaws.com/photos/628184539/original.jpg,marine-life-yellowhead-wrasse,Halichoeres garnoti,fishes,wrasses,Labridae,"Yellow body. Brilliant blue stripe, outlined in black, runs from behind eye to tail base. All fins are translucent.",,0.193,2,80,Body shape: fusiform / normal,,,,,CC0 1.0,"""Halichoeres garnoti"" by Kat Sullivan (CC0 1.0). http://creativecommons.org/publicdomain/zero/1.0/ GBIF occurrence 6185126416.",gbif,yes,
marine-life-clown-wrasse,3664,clown wrasse (terminal),https://inaturalist-open-data.s3.amazonaws.com/photos/623373601/original.jpg,marine-life-clown-wrasse,Halichoeres maculipinna,fishes,wrasses,Labridae,Large dark midbody blotch. Yellow face with red lines on cheek and around eye. Colors and patterns may vary.,,0.15,2,24,Body shape: fusiform / normal,,,,,CC0 1.0,"""Halichoeres maculipinna"" by Daniel Estabrooks (CC0 1.0). http://creativecommons.org/publicdomain/zero/1.0/ GBIF occurrence 6179012645.",gbif,yes,
marine-life-rainbow-wrasse,3665,Rainbow wrasse (terminal),https://inaturalist-open-data.s3.amazonaws.com/photos/629751554/original.jpg,marine-life-rainbow-wrasse,Halichoeres pictus,fishes,wrasses,Labridae,"Blue stripes on snout and above eye. Reddish dorsal fin. Dark blotch at tail base, orange stripe onto center of tail.",,0.13,5,25,Body shape: fusiform / normal,,,,,CC BY 4.0,"""Halichoeres pictus"" by Matteo Bellucci (CC BY 4.0). http://creativecommons.org/licenses/by/4.0/ GBIF occurrence 6184723530.",gbif,yes,
marine-life-blackear-wrasse,3666,blackear wrasse (juvenile),https://inaturalist-open-data.s3.amazonaws.com/photos/609536254/original.jpg,marine-life-blackear-wrasse,Halichoeres poeyi,fishes,wrasses,Labridae,"Blocky markings with stripes over head, or rarely a solid yellow-green. Bright yellow eye. Found in seagrass beds.",,0.2,1,70,Body shape: fusiform / normal,,,,,CC BY 4.0,"""Halichoeres poeyi"" by Jan Ebr & Ivana Ebrová (CC BY 4.0). http://creativecommons.org/licenses/by/4.0/ GBIF occurrence 6129984808.",gbif,yes,
marine-life-puddingwife-wrasse,1068,puddingwife (initial),https://inaturalist-open-data.s3.amazonaws.com/photos/623323929/original.jpg,marine-life-puddingwife-wrasse,Halichoeres radiatus,fishes,wrasses,Labridae,"Orange-brown body, often white blotches on upper back from nape to tail base. Blue lines from eye and on cheek.",,0.51,2,55,Body shape: fusiform / normal,,,,,CC0 1.0,"""Halichoeres radiatus"" by Daniel Estabrooks (CC0 1.0). http://creativecommons.org/publicdomain/zero/1.0/ GBIF occurrence 6178562030.",gbif,yes,
marine-life-sponge-84505,84505,Sponge,,,Halichondria lutea,sponges,rope-sponges,Halichondriidae,"Minimum depth from Ref. 116509. Growing on deeper areas of the reef over sandy and or muddy bottoms, covered by sediments (Ref. 415).",,0.02,21,50,,,,,,,,,,
marine-life-large-leaf-hanging-vine,112762,large leaf hanging vine,https://oxalis.br.fgov.be/images/V/BR5/010/091/304/555/BR5010091304555V.jpg,marine-life-large-leaf-hanging-vine,Halimeda copiosa,plants,green-algae,Halimedaceae,"Long chains of rectangular dark green segments, joined down the middle by a single stalk. Found in dense bushes.",,0.6,,,,,,,,CC BY 4.0,"""Halimeda copiosa Goreau & E.A.Graham"" by Meise Botanic Garden (CC BY 4.0). http://creativecommons.org/licenses/by/4.0/ GBIF occurrence 3470254034.",gbif,yes,
marine-life-cryptic-alga,crl-586751,cryptic alga,,marine-life-cryptic-alga,Halimeda cryptica,plants,green-algae,,Bushy clumps of thin fan-shaped green leaves with distinctly pointed three-lobed blades. Found in crevices.,,0.25,,,,,,,,© Mickey Charteris — permission required,"Caribbean Reef Life (Mickey Charteris, 4th ed.)",caribbean-reef-life,yes,
marine-life-small-leaf-hanging-vine,140867,small leaf hanging vine,,marine-life-small-leaf-hanging-vine,Halimeda goreaui,plants,green-algae,Halimedaceae,"Chains of smaller rectangular green segments, joined down the middle by a single stalk. Forms dense bushes.",,0.3,,,,,,,,© Mickey Charteris — permission required,"Caribbean Reef Life (Mickey Charteris, 4th ed.)",caribbean-reef-life,yes,
marine-life-three-finger-leaf-alga,126002,three finger leaf alga,https://inaturalist-open-data.s3.amazonaws.com/photos/414355646/original.jpeg,marine-life-three-finger-leaf-alga,Halimeda incrassata,plants,green-algae,Halimedaceae,Chains of thick calcified dark green segments with three distinct lobes. Forms low bushes from a common base.,,0.25,0,60,,,,,,CC0 1.0,"""Halimeda incrassata"" by natalie (CC0 1.0). http://creativecommons.org/publicdomain/zero/1.0/ GBIF occurrence 4925849960.",gbif,yes,
marine-life-bulbous-leaf-alga,crl-594405,Bulbous leaf alga,,,Halimeda lacrimosa,plants,green-algae,,Low chains of calcified bead-like spheres with no visible stalk in between. May attach to sand or rocky substrates.,,0.05,,,,,,,,,,,,
marine-life-jointed-stalk-alga,111810,jointed stalk alga,https://inaturalist-open-data.s3.amazonaws.com/photos/226704194/original.jpg,marine-life-jointed-stalk-alga,Halimeda monile,plants,green-algae,Halimedaceae,Tall bunches of calcified and segmented stalks growing upwards from a common base. Found in the shallows.,,0.15,,,,,,,,CC BY 4.0,"""Halimeda monile"" by Thomas Irvine (CC BY 4.0). http://creativecommons.org/licenses/by/4.0/ GBIF occurrence 3903018884.",gbif,yes,
marine-life-watercress-alga,118194,watercress alga,https://inaturalist-open-data.s3.amazonaws.com/photos/360560051/original.jpg,marine-life-watercress-alga,Halimeda opuntia,plants,green-algae,Halimedaceae,Dense clumps of rounded three-lobed leaves. Dark to yellowish-green. Found in darker areas of the reef.,,0.25,0,25,,,,,,CC BY 4.0,"""Halimeda opuntia"" by Jay Brasher (CC BY 4.0). http://creativecommons.org/licenses/by/4.0/ GBIF occurrence 4606625805.",gbif,yes,
marine-life-robust-leaf-alga,crl-732306,robust leaf alga,,marine-life-robust-leaf-alga,Halimeda scabra,plants,green-algae,,Calcified dark green blades growing in a single plane or forming into a low bush. Thicker than similar species.,,0.25,,,,,,,,© Mickey Charteris — permission required,"Caribbean Reef Life (Mickey Charteris, 4th ed.)",caribbean-reef-life,yes,
marine-life-branching-leaf-alga,128677,Branching leaf alga,,marine-life-branching-leaf-alga,Halimeda simulans,plants,green-algae,Halimedaceae,Oval to kidney-shaped calcified green blades growing in a single plane. Prefers shallow waters near mangroves.,,0.15,50,63,,,,,,© Mickey Charteris — permission required,"Caribbean Reef Life (Mickey Charteris, 4th ed.)",caribbean-reef-life,yes,
marine-life-cactus-leaf-alga,121638,Cactus leaf alga,https://inaturalist-open-data.s3.amazonaws.com/photos/602717358/original.jpg,marine-life-cactus-leaf-alga,Halimeda tuna,plants,green-algae,Halimedaceae,Thin rounded fan-shaped blades growing outward in a single plane from a common stalk. Green to yellowish.,,0.25,0,70,,,,,,CC0 1.0,"""Halimeda tuna"" by Karen McCabe (CC0 1.0). http://creativecommons.org/publicdomain/zero/1.0/ GBIF occurrence 5938088228.",gbif,yes,
marine-life-star-encrusting-sponge,84458,Star encrusting sponge,https://inaturalist-open-data.s3.amazonaws.com/photos/546984513/original.jpg,marine-life-star-encrusting-sponge,Halisarca caerulea,sponges,encrusting-sponges,Halisarcidae,"Maximum body thickness: 0.2 cm (Ref. 415). On dead coral in reef environments: 2 to 15 m deep (Ref. 415). Also found in mangroves (Ref. 86836). Favors coral undersides, overhangs, and crevices in shallow and deep reefs and hard bottoms (Ref. 85482).",,0.002,2,15,,,,,,CC BY 4.0,"""Halisarca caerulea"" by Thomas Irvine (CC BY 4.0). http://creativecommons.org/licenses/by/4.0/ GBIF occurrence 5282025903.",gbif,yes,
marine-life-midrib-seagrass,141801,midrib seagrass,,marine-life-midrib-seagrass,Halophila baillonis,plants,seagrasses,Bugulidae,"Short dark green leaves with an elongated oval shape, growing in pairs. Grows on a short stalk on runners.",,0.03,3,10,,,,,,© Mickey Charteris — permission required,"Caribbean Reef Life (Mickey Charteris, 4th ed.)",caribbean-reef-life,yes,
marine-life-star-grass,crl-875351,Star grass,https://inaturalist-open-data.s3.amazonaws.com/photos/635227505/original.jpg,marine-life-star-grass,Halophila engelmanni,plants,seagrasses,,Tall bright green oval leaves. Three to four close-set pairs growing on a long upright stalk. Grows on runners.,,0.1,,,,,,,,CC BY 4.0,"""Halophila engelmanni"" by Melissa Meadows (CC BY 4.0). http://creativecommons.org/licenses/by/4.0/ GBIF occurrence 6479663042.",gbif,yes,
marine-life-thread-hydroid,44199,thread hydroid,https://inaturalist-open-data.s3.amazonaws.com/photos/708399759/original.jpg,marine-life-thread-hydroid,Halopteris carinata,invertebrates,hydroids,Halopterididae,Long thin central stalks. Tiny alternating branchlets with tiny polyps. Usually found growing in small clusters.,,0.15,1,161,,,,,,CC BY 4.0,"""Halopteris carinata"" by Pauline Walsh Jacobson (CC BY 4.0). http://creativecommons.org/licenses/by/4.0/ GBIF occurrence 6499639415.",gbif,yes,
marine-life-rubbery-bush-alga,crl-951707,Rubbery bush alga,https://inaturalist-open-data.s3.amazonaws.com/photos/617767764/original.jpg,marine-life-rubbery-bush-alga,Halymenia elongata,plants,red-algae,,"Flattened gelatinous stalks, seldom branching, form a ball shape. Pink to reddish-brown. Prefers deeper reefs.",,0.2,,,,,,,,CC0 1.0,"""Halymenia elongata"" by Lucas Rodrigues (CC0 1.0). http://creativecommons.org/publicdomain/zero/1.0/ GBIF occurrence 6163143665.",gbif,yes,
marine-life-elegant-glassy-bubble,7169,Elegant Glassy Bubble,https://inaturalist-open-data.s3.amazonaws.com/photos/631595464/original.jpg,marine-life-elegant-glassy-bubble,Haminoea elegans,invertebrates,nudibranchs,Haminoeidae,Translucent yellow to brown with dark spotting. Notched cephalic shield. Parapodia cover only the front of shell.,,0.04,0,34,,,,,,CC BY 4.0,"""Haminoea elegans"" by Melissa Meadows (CC BY 4.0). http://creativecommons.org/licenses/by/4.0/ GBIF occurrence 6187960505.",gbif,yes,
marine-life-amber-glassy-bubble,7168,Amber Glassy Bubble,https://inaturalist-open-data.s3.amazonaws.com/photos/607291991/original.jpg,marine-life-amber-glassy-bubble,Haminoea succinea,invertebrates,nudibranchs,Haminoeidae,"Brownish-gray parapodia barely cover a speckled shell. Buries in the sand and mud, mostly in shallow areas.",,0.02,0,55,,,,,,CC BY 4.0,"""Haminoea succinea"" by Josiah Londerée (CC BY 4.0). http://creativecommons.org/licenses/by/4.0/ GBIF occurrence 6129962156.",gbif,yes,
marine-life-touch-me-not-sponge-worms,39367,Touch-me-not sponge worms,,,Haplosyllis spongicola,invertebrates,worms,Syllidae,Colonies of small white bristled worms. Only found on the inside walls of Touch-Me-Not Sponges (p. 67).,,,0,189,,,,,,,,,,
marine-life-redear-herring,1479,Redear herring,https://inaturalist-open-data.s3.amazonaws.com/photos/661421180/original.jpg,marine-life-redear-herring,Harengula humeralis,fishes,silvery-fishes,Dorosomatidae,Iridescent bluish-green with faint dark stripes and four orange stripes. Distinctive orange spot above gill cover.,,0.27,0,50,Body shape: fusiform / normal,,,,,CC0 1.0,"""Harengula humeralis"" by Daniel Estabrooks (CC0 1.0). http://creativecommons.org/publicdomain/zero/1.0/ GBIF occurrence 6321033818.",gbif,yes,
marine-life-rough-scale-worm,crl-468457,Rough Scale Worm,,,Harmothoe augeneri,invertebrates,worms,,Creamy light brown scales with a distinctively rough texture of pointed tubercles. Thick tapering cirri on sides.,,,,,,,,,,,,,,
marine-life-crucis-scale-worm,38515,Crucis Scale Worm,,,Harmothoe crucis,invertebrates,worms,Polynoidae,Light brown rounded oval scales with a rough texture from low tubercles. Pale cirri and dark feeding tentacles.,,0.05,,,,,,,,,,,,
marine-life-hanleys-scale-worm,crl-222759,Hanley’s Scale Worm,,,Harmothoe hanleyi,invertebrates,worms,,Rough-edged light brown scales with rough tubercles and fine papillae. Scale edges darker down the middle.,,,,,,,,,,,,,,
marine-life-fine-cirrus-scale-worm,crl-919248,Fine-Cirrus Scale Worm,,,Harmothoe lanceocirrata,invertebrates,worms,,Rounded tan to pinkish scales covered with fine hairs. Tufts of light brown bristles and pale cirri from under the scales.,,0.03,,,,,,,,,,,,
marine-life-toothed-scale-worm,crl-711690,Toothed Scale worm,,,Harmothoe longidentis,invertebrates,worms,,Golden brown scales with paler edges. Distinctively long pointed teeth on the lateral edges of each scale.,,0.03,,,,,,,,,,,,
marine-life-hat-coral,46081,Hat coral,https://inaturalist-open-data.s3.amazonaws.com/photos/206005820/original.jpg,marine-life-hat-coral,Helioseris cucullata,corals,lettuce-corals,Agariciidae,,,,,,,,,,,CC BY 4.0,"""Helioseris cucullata"" by Donald Davesne (CC BY 4.0). http://creativecommons.org/licenses/by/4.0/ GBIF occurrence 3860005334.",gbif,yes,
marine-life-wrasse-blenny,3727,wrasse blenny (juvenile),,,Hemiemblemaria simula,fishes,blennies,Chaenopsidae,"Translucent with black lateral stripe from snout, through eye to tail. Mimics small juveniles of Bluehead Wrasse.",,0.1,,20,Body shape: elongated,,,,,,,,,
marine-life-pygmy-limpet,crl-980495,pygmY Limpet,,,Hemimarginula pumila,invertebrates,limpets,,"Highly variable in apex height and form. Concentric threads cross the ribs, giving a latticelike appearance.",,0.012,,,,,,,,,,,,
marine-life-twin-corded-latirus,crl-444940,twin-corded Latirus,https://inaturalist-open-data.s3.amazonaws.com/photos/468444040/original.jpg,marine-life-twin-corded-latirus,Hemipolygona carinifera,invertebrates,snails,,Dark golden-yellow shell with nine axial ribs. Chocolate- brown between the ribs. Red mantle with white speckles.,,0.05,,,,,,,,CC BY 4.0,"""Hemipolygona carinifera"" by Pauline Walsh Jacobson (CC BY 4.0). http://creativecommons.org/licenses/by/4.0/ GBIF occurrence 5830881156.",gbif,yes,
marine-life-ballyhoo-halfbeak,1059,ballyhoo halfbeak,https://inaturalist-open-data.s3.amazonaws.com/photos/632018757/original.jpg,marine-life-ballyhoo-halfbeak,Hemiramphus brasiliensis,fishes,needlefishes,Hemiramphidae,Bluish upper body. Elongated lower jaw with a bright orange or red tip. Upper lobe of tail is orange or yellow.,,0.41,0,5,Body shape: elongated,,,,,CC0 1.0,"""Hemiramphus brasiliensis"" by Stari Plativky (CC0 1.0). http://creativecommons.org/publicdomain/zero/1.0/ GBIF occurrence 6188343027.",gbif,yes,
marine-life-crossbearer-hermaea,8351,Crossbearer Hermaea,https://inaturalist-open-data.s3.amazonaws.com/photos/320286776/original.jpg,marine-life-crossbearer-hermaea,Hermaea cruciata,invertebrates,sea-slugs,Stiligeridae,Translucent body with white and brown spots. Elongated transparent cerata with pale cross-like markings at tips.,,,0,,,,,,,CC BY 4.0,"""Hermaea cruciata"" by Thomas Irvine (CC BY 4.0). http://creativecommons.org/licenses/by/4.0/ GBIF occurrence 4413860198.",gbif,yes,
marine-life-bearded-fire-worm,38155,bearded fireworm (juvenile),https://inaturalist-open-data.s3.amazonaws.com/photos/640297381/original.jpg,marine-life-bearded-fire-worm,Hermodice carunculata,invertebrates,worms,Amphinomidae,Even very small juveniles of just a few millimeters are armed with widely spaced tufts of stinging bristles.,,,3,109,,,,,,CC0 1.0,"""Hermodice carunculata"" by Andra Waagmeester (CC0 1.0). http://creativecommons.org/publicdomain/zero/1.0/ GBIF occurrence 6235347007.",gbif,yes,
marine-life-dark-lined-bristle-worm,100295,Dark-lined Bristle worm,https://inaturalist-open-data.s3.amazonaws.com/photos/597047149/original.jpg,marine-life-dark-lined-bristle-worm,Hesione intertexta,invertebrates,worms,Hesionidae,Tan body with numerous thin dark brown longitudinal stripes. Row of white spots runs down medial line.,,0.055,,,,,,,,CC0 1.0,"""Hesione intertexta"" by Sinaloa Silvestre (CC0 1.0). http://creativecommons.org/publicdomain/zero/1.0/ GBIF occurrence 6130370316.",gbif,yes,
marine-life-polychaete-39236,39236,Painted Bristle worm,https://inaturalist-open-data.s3.amazonaws.com/photos/621067775/original.jpg,marine-life-polychaete-39236,Hesione picta,invertebrates,worms,Hesionidae,"15 white bands across a dark body, with orange spots where they meet tufts of bristles from each segment.",,0.05,0,54,,,,,,CC BY 4.0,"""Hesione picta"" by Cricket Raspet (CC BY 4.0). http://creativecommons.org/licenses/by/4.0/ GBIF occurrence 6178988239.",gbif,yes,
marine-life-blue-striped-bristle-worm,crl-267978,Blue-striped Bristle worm,https://inaturalist-open-data.s3.amazonaws.com/photos/621067775/original.jpg,marine-life-blue-striped-bristle-worm,Hesione praetexta,invertebrates,worms,,Parapodia with tufts of bristles line the sides. Pale blue iridescent stripes. Some describe as variation of H. picta.,,0.05,,,,,,,,CC BY 4.0,"""Hesione praetexta"" by Cricket Raspet (CC BY 4.0). http://creativecommons.org/licenses/by/4.0/ GBIF occurrence 6178988239.",gbif,yes,
marine-life-brown-garden-eel,9062,brown garden eel,https://inaturalist-open-data.s3.amazonaws.com/photos/640296416/original.jpg,marine-life-brown-garden-eel,Heteroconger longissimus,fishes,eels,Congridae,"Dark head with pale spots and white abdomen. Found in burrows, forming large colonies on deeper sand patches.",,0.5,10,60,Body shape: eel-like,,,,,CC0 1.0,"""Heteroconger longissimus"" by Andra Waagmeester (CC0 1.0). http://creativecommons.org/publicdomain/zero/1.0/ GBIF occurrence 6234224794.",gbif,yes,
marine-life-anemone-mysid,21235,Anemone mysid,https://inaturalist-open-data.s3.amazonaws.com/photos/472051270/original.jpg,marine-life-anemone-mysid,Heteromysis actiniae,invertebrates,shrimps,Mysidae,"Distinctive red stripes from antennae and through eyes, joining on tail. Found on Corkscrew Anemones (p. 121).",,,,,,,,,,CC BY 4.0,"""Heteromysis actiniae"" by Pauline Walsh Jacobson (CC BY 4.0). http://creativecommons.org/licenses/by/4.0/ GBIF occurrence 5108175553.",gbif,yes,
marine-life-glasseye-snapper,1150,glasseye snapper,https://inaturalist-open-data.s3.amazonaws.com/photos/624080563/original.jpg,marine-life-glasseye-snapper,Heteropriacanthus cruentatus,fishes,squirrelfishes,Priacanthidae,"Deep red to pale pink body, sometimes with silvery bars. Large red eyes. Dark specks on tail and dorsal/anal fins.",,0.51,3,300,Body shape: fusiform / normal,,,,,CC0 1.0,"""Heteropriacanthus cruentatus"" by Justin Philbois (CC0 1.0). http://creativecommons.org/publicdomain/zero/1.0/ GBIF occurrence 6185237223.",gbif,yes,
marine-life-hexabranchus-morsomus,8491,caribbean spanish dancer,,marine-life-hexabranchus-morsomus,Hexabranchus morsomus,invertebrates,nudibranchs,Hexabranchidae,Pale orange to dark red dorsum and thickened mantle edges (only when disturbed). Red rhinophores and gills.,,0.13,0,35,,,,,,© Mickey Charteris — permission required,"Caribbean Reef Life (Mickey Charteris, 4th ed.)",caribbean-reef-life,yes,
marine-life-lined-seahorse,3283,lined seahorse,https://inaturalist-open-data.s3.amazonaws.com/photos/348332893/original.jpg,marine-life-lined-seahorse,Hippocampus erectus,fishes,pipefishes,Syngnathidae,"Light yellow to black blotched body with thin irregular stripes. Thin white lines radiate from eye, over gill cover.",,0.17,0,100,Body shape: other,,,,,CC0 1.0,"""Hippocampus erectus"" by Evelyn Lazzaretti 🏳️‍⚧️ (CC0 1.0). http://creativecommons.org/publicdomain/zero/1.0/ GBIF occurrence 4516509246.",gbif,yes,
marine-life-longsnout-seahorse,3285,longsnout seahorse (juvenile),https://inaturalist-open-data.s3.amazonaws.com/photos/594241243/original.jpg,marine-life-longsnout-seahorse,Hippocampus reidi,fishes,pipefishes,Syngnathidae,"Often in dark colors and found in shallow seagrass beds, they are released from the brood pouch fully formed.",,0.175,0,60,Body shape: other,,,,,CC0 1.0,"""Hippocampus reidi"" by Justin Philbois (CC0 1.0). http://creativecommons.org/publicdomain/zero/1.0/ GBIF occurrence 5903905858.",gbif,yes,
marine-life-nicholsons-shrimp,24540,Nicholson’s shrimp,,,Hippolyte nicholsoni,invertebrates,shrimps,Hippolytidae,Transparent body with two white bands across the back to the sides. Small white eyes. Found on gorgonians.,,0.025,0,12,,,,,,,,,,
marine-life-pearly-orange-bryozoan,139982,pearly orange bryozoan,https://collections.nmnh.si.edu/media/?i=17163163&h=2000,marine-life-pearly-orange-bryozoan,Hippopodina feegeensis,invertebrates,bryozoans,Hippopodinidae,Bright orange zooids form a calcified layer. Often found on mangrove roots and dock pilings as well as on reefs.,,0.075,20,37,,,,,,CC0 1.0,"""USNM 1761092 - Specimen Image 03"" by Dean Janiak (CC0 1.0). http://creativecommons.org/publicdomain/zero/1.0/ GBIF occurrence 6184540397.",gbif,yes,
marine-life-mirrorwing-flyingfish,1036,Mirrorwing flyingfish,,,Hirundichthys speculiger,fishes,porgies,Exocoetidae,Iridescent dark blue body above and silvery below. Dark pectoral fin with broad clear margin and short clear bar.,,0.3,0,,Body shape: elongated,,,,,,,,,
marine-life-sargassumfish,3089,sargassumfish,,marine-life-sargassumfish,Histrio histrio,fishes,frogfishes,Antennariidae,Numerous fleshy tabs and small white spots. Found camouflaged in floats of Sargassum Seaweed (p. 24).,,0.2,0,50,Body shape: short and / or deep,,,,,© Mickey Charteris — permission required,"Caribbean Reef Life (Mickey Charteris, 4th ed.)",caribbean-reef-life,yes,
marine-life-panther-worm,37213,Panther Worm,https://inaturalist-open-data.s3.amazonaws.com/photos/357212834/original.jpeg,marine-life-panther-worm,Hofstenia miamia,invertebrates,flatworms,Hofsteniidae,"Rounded teardrop-shaped body with spots and bands. Tapering tail. Fast-moving predators, hence their name.",,,,,,,,,,CC BY 4.0,"""Hofstenia miamia"" by Ben Jobson (CC BY 4.0). http://creativecommons.org/licenses/by/4.0/ GBIF occurrence 4597471429.",gbif,yes,
marine-life-angelfish,3608,Blue angelfish (Juvenile),https://inaturalist-open-data.s3.amazonaws.com/photos/412019186/original.png,marine-life-angelfish,Holacanthus bermudensis,fishes,angelfishes,Pomacanthidae,"Yellow snout, front abdomen and pelvic fin. Middle body bar is straight (compare to all curved bars in H. ciliaris).",,0.45,2,92,Body shape: short and / or deep,,,,,CC0 1.0,"""Holacanthus bermudensis"" by Edwin Wilke (CC0 1.0). http://creativecommons.org/publicdomain/zero/1.0/ GBIF occurrence 4919120174.",gbif,yes,
marine-life-queen-angelfish,3609,queen angelfish,https://inaturalist-open-data.s3.amazonaws.com/photos/617615472/original.jpg,marine-life-queen-angelfish,Holacanthus ciliaris,fishes,angelfishes,Pomacanthidae,"Blue with yellow scale edges. Spot on nape, circled in pale blue. Blue on lips and edge of gill cover. Bright yellow tail.",,0.45,1,70,Body shape: short and / or deep,,,,,CC BY 4.0,"""Holacanthus ciliaris"" by Dan Schofield (CC BY 4.0). http://creativecommons.org/licenses/by/4.0/ GBIF occurrence 6162780321.",gbif,yes,
marine-life-rock-beauty,3610,rock beauty (juvenile),https://inaturalist-open-data.s3.amazonaws.com/photos/468802658/original.jpg,marine-life-rock-beauty,Holacanthus tricolor,fishes,angelfishes,Pomacanthidae,"Golden-yellow body with large diffuse black blotch, often containing a bright blue circle. Blue ring around eye.",,0.35,3,92,Body shape: short and / or deep,,,,,CC0 1.0,"""Holacanthus tricolor"" by Jean-Paul Boerekamps (CC0 1.0). http://creativecommons.org/publicdomain/zero/1.0/ GBIF occurrence 5063877947.",gbif,yes,
marine-life-squirrelfish,1061,squirrelfish,https://inaturalist-open-data.s3.amazonaws.com/photos/705920366/original.jpg,marine-life-squirrelfish,Holocentrus adscensionis,fishes,squirrelfishes,Holocentridae,"Pink with reddish stripes. First dorsal fin yellow. Second dorsal, pelvic and anal fins white to pale pink.",,0.45,0,180,Body shape: fusiform / normal,,,,,CC0 1.0,"""Holocentrus adscensionis"" by Gabriel Cardoso Fialho (CC0 1.0). http://creativecommons.org/publicdomain/zero/1.0/ GBIF occurrence 6469598404.",gbif,yes,
marine-life-longspine-squirrelfish,1062,longspine squirrelfish,https://inaturalist-open-data.s3.amazonaws.com/photos/649473100/original.jpg,marine-life-longspine-squirrelfish,Holocentrus rufus,fishes,squirrelfishes,Holocentridae,"Bright white triangular blotches behind tips of dorsal spines. Elongated rear dorsal fin. Long tail base, long upper tail lobe.",,0.44,0,32,Body shape: fusiform / normal,,,,,CC0 1.0,"""Holocentrus rufus"" by Paul Terkelsen (CC0 1.0). http://creativecommons.org/publicdomain/zero/1.0/ GBIF occurrence 6273179493.",gbif,yes,
marine-life-sand-sea-cucumber,49863,Sand sea cucumber,,,Holothuria arenicola,invertebrates,sea-cucumbers,Holothuriidae,Light rusty-brown with gray or reddish spots and short papillae. Leaf-shaped oral tentacles. May bury in sand.,,0.3,0,30,,,,,,,,,,
marine-life-florida-sea-cucumber,50073,florida sea cucumber,,,Holothuria floridana,invertebrates,sea-cucumbers,Holothuriidae,"Creased tapering body in brown, yellow or red. Often mottled. Numerous sharp podia along back and sides.",,0.25,0,2,,,,,,,,,,
marine-life-impatient-sea-cucumber,50076,impatient sea cucumber,https://inaturalist-open-data.s3.amazonaws.com/photos/512789316/original.jpg,marine-life-impatient-sea-cucumber,Holothuria impatiens,invertebrates,sea-cucumbers,Holothuriidae,Slender mottled brown to reddish body. Tapers more towards the mouth. Rows of cone-shaped papillae.,,0.2,0,30,,,,,,CC0 1.0,"""Holothuria impatiens"" by Damien Wallace (CC0 1.0). http://creativecommons.org/publicdomain/zero/1.0/ GBIF occurrence 5176698686.",gbif,yes,
marine-life-donkey-dung-sea-cucumber,50077,donkey dung sea cucumber,https://inaturalist-open-data.s3.amazonaws.com/photos/664492599/original.jpg,marine-life-donkey-dung-sea-cucumber,Holothuria mexicana,invertebrates,sea-cucumbers,Holothuriidae,Light brown to black with numerous creases along the body. The sole is red to white with tiny brown parapodia.,,0.35,0,20,,,,,,CC0 1.0,"""Holothuria mexicana"" by Daniel Estabrooks (CC0 1.0). http://creativecommons.org/publicdomain/zero/1.0/ GBIF occurrence 6334739804.",gbif,yes,
marine-life-golden-sea-cucumber,50078,Golden sea cucumber,,,Holothuria parvula,invertebrates,sea-cucumbers,Holothuriidae,Rounded golden-brown body with irregular darker brown spots and blotches. Small pointed papillae on the back.,,0.1,0,4,,,,,,,,,,
marine-life-princeps-sea-cucumber,49859,princeps sea cucumber,https://inaturalist-open-data.s3.amazonaws.com/photos/29443884/original.jpg,marine-life-princeps-sea-cucumber,Holothuria princeps,invertebrates,sea-cucumbers,Holothuriidae,"Tan body tapering at the rear, mottled with rows of brown blotches. Podia of various sizes, tipped with tiny papillae.",,0.3,0,73,,,,,,CC0 1.0,"""Holothuria princeps"" by Allen Hurlbert (CC0 1.0). http://creativecommons.org/publicdomain/zero/1.0/ GBIF occurrence 1978840125.",gbif,yes,
marine-life-tiger-tail-sea-cucumber,85122,tiger tail sea cucumber,https://inaturalist-open-data.s3.amazonaws.com/photos/582296463/original.jpg,marine-life-tiger-tail-sea-cucumber,Holothuria thomasi,invertebrates,sea-cucumbers,Holothuriidae,The largest sea cucumber. Pale brown body with dark bands. Short tentacles around mouth. Mostly nocturnal.,,2,3,30,,,,,,CC0 1.0,"""Holothuria thomasi"" by Justin Philbois (CC0 1.0). http://creativecommons.org/publicdomain/zero/1.0/ GBIF occurrence 5868189043.",gbif,yes,
marine-life-bermuda-sponge-shrimp,crl-652494,bermuda Sponge Shrimp,,,Holthuisaeus bermudensis,invertebrates,shrimps,,Smooth and rounded translucent body. One large major claw. Globular black eyes. Found hiding in tube sponges.,,0.01,,,,,,,,,,,,
marine-life-tenant-flatworm,36457,Tenant Flatworm,,marine-life-tenant-flatworm,Hoploplana inquilina,invertebrates,flatworms,Hoploplanidae,Rounded translucent bodies with reticulated pattern of branching white internal organs. Short dark tentacles.,,0.01,,,,,,,,© Mickey Charteris — permission required,"Caribbean Reef Life (Mickey Charteris, 4th ed.)",caribbean-reef-life,yes,
marine-life-orange-spotted-marginella,149900,orange-Spotted Marginella,,,Hyalina chicoi,invertebrates,snails,Marginellidae,Oblong shell with dark mottling and small orange spots. Orange spots and white blotches on mantle and proboscis.,,0.02,5,12,,,,,,,,,,
marine-life-lavender-crust-alga,117923,lavender crust alga,,marine-life-lavender-crust-alga,Hydrolithon farinosum,plants,red-algae,Corallinaceae,A thin layer of white to purplish encrusting alga. Grows on hard surfaces like shells. Also on Sea Pearls (p. 18).,,0.025,0,15,,,,,,© Mickey Charteris — permission required,"Caribbean Reef Life (Mickey Charteris, 4th ed.)",caribbean-reef-life,yes,
marine-life-hydroid-zoanthid,crl-337394,hydroid zoanthid,https://inaturalist-open-data.s3.amazonaws.com/photos/636853561/original.jpg,marine-life-hydroid-zoanthid,Hydrozoanthus tunicans,invertebrates,zoanthids,,Light brown to yellow tentacles on a darker oral disc. Found encrusting the Feather Bush Hydroid (p. 136).,,,,,,,,,,CC BY 4.0,"""Hydrozoanthus tunicans"" by tunicatedreamz (CC BY 4.0). http://creativecommons.org/licenses/by/4.0/ GBIF occurrence 6498766209.",gbif,yes,
marine-life-southern-stingray,1247,southern stingray,https://inaturalist-open-data.s3.amazonaws.com/photos/623323190/original.jpg,marine-life-southern-stingray,Hypanus americanus,fishes,rays,Dasyatidae,Gray to olive-brown body with protruding eyes. Snout and tips of fins are pointed. Often found buried in sand.,,2,0,53,Body shape: other,,,,,CC0 1.0,"""Hypanus americanus"" by Daniel Estabrooks (CC0 1.0). http://creativecommons.org/publicdomain/zero/1.0/ GBIF occurrence 6178988307.",gbif,yes,
marine-life-barred-blenny,3758,Barred blenny,https://inaturalist-open-data.s3.amazonaws.com/photos/234976195/original.jpg,marine-life-barred-blenny,Hypleurochilus bermudensis,fishes,blennies,Blenniidae,Reddish-brown head with orange spots. Dark bars are thinner and paler near abdomen. Found in Florida/Cuba.,,0.12,,,Body shape: fusiform / normal,,,,,CC BY 4.0,"""Hypleurochilus bermudensis"" by Pauline Walsh Jacobson (CC BY 4.0). http://creativecommons.org/licenses/by/4.0/ GBIF occurrence 3923305705.",gbif,yes,
marine-life-oyster-blenny,61241,oyster blenny,https://inaturalist-open-data.s3.amazonaws.com/photos/582221441/original.jpg,marine-life-oyster-blenny,Hypleurochilus pseudoaequipinnis,fishes,blennies,Blenniidae,"Large head and tapering body, both with small orange spots. Branching cirrus over eye. Found in shallows.",,0.08,,,Body shape: elongated,,,,,CC BY 4.0,"""Hypleurochilus pseudoaequipinnis"" by Ben Jobson (CC BY 4.0). http://creativecommons.org/licenses/by/4.0/ GBIF occurrence 5867934620.",gbif,yes,
marine-life-orangespotted-blenny,3760,Orangespotted blenny,https://inaturalist-open-data.s3.amazonaws.com/photos/128840503/original.jpg,marine-life-orangespotted-blenny,Hypleurochilus springeri,fishes,blennies,Blenniidae,Orange spots on head and front of body. Rear of body with distinctive black and white bars. Found in shallows.,,0.07,,,Body shape: elongated,,,,,CC0 1.0,"""Hypleurochilus springeri"" by Jean-Paul Boerekamps (CC0 1.0). http://creativecommons.org/publicdomain/zero/1.0/ GBIF occurrence 3465900456.",gbif,yes,
marine-life-yellowbelly-hamlet,47862,yellowbelly hamlet,https://inaturalist-open-data.s3.amazonaws.com/photos/476270691/original.jpeg,marine-life-yellowbelly-hamlet,Hypoplectrus aberrans,fishes,hamlets,Serranidae,"Upper head, back and front dorsal fin bluish-brown. Rest of body and fins yellow. Blue lines and spots on head.",,0.13,3,15,Body shape: short and / or deep,,,,,CC BY 4.0,"""Hypoplectrus aberrans"" by Josiah Londerée (CC BY 4.0). http://creativecommons.org/licenses/by/4.0/ GBIF occurrence 5087967853.",gbif,yes,
marine-life-bluelip-hamlet,70561,Bluelip hamlet,https://inaturalist-open-data.s3.amazonaws.com/photos/475446963/original.jpeg,marine-life-bluelip-hamlet,Hypoplectrus affinis,fishes,hamlets,Serranidae,"Reddish-brown body, paler near abdomen. Pale blue on mouth and front of anal fin. Blue pelvic fins. Orange iris.",,0.13,2,12,Body shape: short and / or deep,,,,,CC BY 4.0,"""Hypoplectrus affinis"" by Josiah Londerée (CC BY 4.0). http://creativecommons.org/licenses/by/4.0/ GBIF occurrence 5087636358.",gbif,yes,
marine-life-blue-hamlet,47813,Blue hamlet,https://inaturalist-open-data.s3.amazonaws.com/photos/352631015/original.jpg,marine-life-blue-hamlet,Hypoplectrus gemma,fishes,hamlets,Serranidae,"Bright blue head, body and front of dorsal and anal fins. Clear tail with black borders. Found in Florida and Cuba.",,0.13,,,Body shape: fusiform / normal,,,,,CC BY 4.0,"""Hypoplectrus gemma"" by Pauline Walsh Jacobson (CC BY 4.0). http://creativecommons.org/licenses/by/4.0/ GBIF occurrence 4525370301.",gbif,yes,
marine-life-golden-hamlet,16533,Golden hamlet,,,Hypoplectrus gummigutta,fishes,hamlets,Serranidae,"Head, body and fins golden-yellow. Black spot on snout, outlined in blue. Blue spots/lines around eye and cheek.",,0.13,1,45,Body shape: short and / or deep,,,,,,,,,
marine-life-shy-hamlet,16534,shy hamlet,https://inaturalist-open-data.s3.amazonaws.com/photos/619596807/original.jpg,marine-life-shy-hamlet,Hypoplectrus guttavarius,fishes,hamlets,Serranidae,"Dark brown body with yellow head and fins. Black spot on snout, outlined in blue. Blue spots around eye and cheek.",,0.15,3,30,Body shape: short and / or deep,,,,,CC BY 4.0,"""Hypoplectrus guttavarius"" by Dan Schofield (CC BY 4.0). http://creativecommons.org/licenses/by/4.0/ GBIF occurrence 6171205375.",gbif,yes,
marine-life-indigo-hamlet,12766,indigo hamlet,https://inaturalist-open-data.s3.amazonaws.com/photos/594240982/original.jpg,marine-life-indigo-hamlet,Hypoplectrus indigo,fishes,hamlets,Serranidae,Pale blue body with dark blue bars. Blue bar under eye and across gill cover. Pale dorsal and anal fins and tail.,,0.16,3,45,Body shape: short and / or deep,,,,,CC0 1.0,"""Hypoplectrus indigo"" by Justin Philbois (CC0 1.0). http://creativecommons.org/publicdomain/zero/1.0/ GBIF occurrence 5904064604.",gbif,yes,
marine-life-black-hamlet,16535,black hamlet,https://inaturalist-open-data.s3.amazonaws.com/photos/610169338/original.jpg,marine-life-black-hamlet,Hypoplectrus nigricans,fishes,hamlets,Serranidae,"Black, gray or dark brown body and fins. May display tinges of blue. Pectoral fins are usually solid black.",,0.15,3,13,Body shape: short and / or deep,,,,,CC BY 4.0,"""Hypoplectrus nigricans"" by Jan Ebr & Ivana Ebrová (CC BY 4.0). http://creativecommons.org/licenses/by/4.0/ GBIF occurrence 6171151010.",gbif,yes,
marine-life-masked-hamlet,57460,masked hamlet,https://inaturalist-open-data.s3.amazonaws.com/photos/612004664/original.jpg,marine-life-masked-hamlet,Hypoplectrus providencianus,fishes,hamlets,Serranidae,Dark bar below eye. Dark spot or saddle at tail base. Blue pelvic and dark pectoral fins. Dark borders on tail.,,0.13,,,Body shape: short and / or deep,,,,,CC BY 4.0,"""Hypoplectrus providencianus"" by Dan Schofield (CC BY 4.0). http://creativecommons.org/licenses/by/4.0/ GBIF occurrence 6133153724.",gbif,yes,
marine-life-barred-hamlet,12759,barred hamlet,https://inaturalist-open-data.s3.amazonaws.com/photos/470832489/original.jpg,marine-life-barred-hamlet,Hypoplectrus puella,fishes,hamlets,Serranidae,Dark bar under eye and from nape to pectoral. Wide dark bar below front of dorsal fin. Small blue spots on snout.,,0.17,3,23,Body shape: short and / or deep,,,,,CC0 1.0,"""Hypoplectrus puella"" by Jean-Paul Boerekamps (CC0 1.0). http://creativecommons.org/publicdomain/zero/1.0/ GBIF occurrence 5070029061.",gbif,yes,
marine-life-tan-hamlet,66320,tan hamlet,https://inaturalist-open-data.s3.amazonaws.com/photos/516127088/original.jpg,marine-life-tan-hamlet,Hypoplectrus randallorum,fishes,hamlets,Serranidae,"Brown body with yellowish abdomen. Black spots on snout, pectoral base and usually at tail base. Yellow iris.",,0.13,,,Body shape: short and / or deep,,,,,CC BY 4.0,"""Hypoplectrus randallorum"" by Pauline Walsh Jacobson (CC BY 4.0). http://creativecommons.org/licenses/by/4.0/ GBIF occurrence 5188346854.",gbif,yes,
marine-life-butter-hamlet,3329,butter hamlet,https://inaturalist-open-data.s3.amazonaws.com/photos/469377361/original.jpg,marine-life-butter-hamlet,Hypoplectrus unicolor,fishes,hamlets,Serranidae,Uniformly pale yellow body. Large black spot or saddle at tail base. Black spot on snout (sometimes absent).,,0.13,,,Body shape: short and / or deep,,,,,CC0 1.0,"""Hypoplectrus unicolor"" by Jean-Paul Boerekamps (CC0 1.0). http://creativecommons.org/publicdomain/zero/1.0/ GBIF occurrence 5064078534.",gbif,yes,
marine-life-tessellated-blenny,12442,Tessellated blenny,https://inaturalist-open-data.s3.amazonaws.com/photos/486418010/original.jpg,marine-life-tessellated-blenny,Hypsoblennius invemar,fishes,blennies,Blenniidae,"Greenish-brown head and body, covered in blue-outlined bright red to orange spots. Large dark patch behind eye.",,0.06,1,5,Body shape: elongated,,,,,CC BY 4.0,"""Hypsoblennius invemar"" by Pauline Walsh Jacobson (CC BY 4.0). http://creativecommons.org/licenses/by/4.0/ GBIF occurrence 5140006821.",gbif,yes,
marine-life-deep-water-sea-fan,44355,Deep-water sea fan,https://inaturalist-open-data.s3.amazonaws.com/photos/181945018/original.jpg,marine-life-deep-water-sea-fan,Iciligorgia schrammi,corals,octocorals,Anthothelidae,"Found on bay and nearshore, and slope (Ref. 109199).",,,11,366,,,,,,CC0 1.0,"""Iciligorgia schrammi"" by Jean-Paul Boerekamps (CC0 1.0). http://creativecommons.org/publicdomain/zero/1.0/ GBIF occurrence 3712574745.",gbif,yes,
marine-life-stippled-flatworm,crl-902041,Stippled Flatworm,,marine-life-stippled-flatworm,Idioplana atlantica,invertebrates,flatworms,,Background color from white to pink or yellowish. Brown blotches become smaller near margin. Pointed tentacles.,,0.025,,,,,,,,© Mickey Charteris — permission required,"Caribbean Reef Life (Mickey Charteris, 4th ed.)",caribbean-reef-life,yes,
marine-life-sponge-841386,51127,Sponge,https://inaturalist-open-data.s3.amazonaws.com/photos/257425165/original.jpg,marine-life-sponge-841386,Igernella notabilis,sponges,encrusting-sponges,Dictyodendrillidae,,,,2,20,,,,,,CC0 1.0,"""Igernella notabilis"" by Jean-Paul Boerekamps (CC0 1.0). http://creativecommons.org/publicdomain/zero/1.0/ GBIF occurrence 4046652731.",gbif,yes,
marine-life-green-finger-sponge,84490,Green finger sponge,https://inaturalist-open-data.s3.amazonaws.com/photos/468801160/original.jpg,marine-life-green-finger-sponge,Iotrochota birotulata,sponges,rope-sponges,Iotrochotidae,"Reef; mangrove; seagrass environments (Ref. 415). On hard substrates, often hosting the zoanthid <i>Parazoanthus swiftii</i> (Ref. 85482). Commensal with amphipods (Ref. 82302).",,0.6,1,91,,,,,,CC0 1.0,"""Iotrochota birotulata"" by Jean-Paul Boerekamps (CC0 1.0). http://creativecommons.org/publicdomain/zero/1.0/ GBIF occurrence 5063928279.",gbif,yes,
marine-life-vase-garlic-sponge,51068,Vase garlic sponge,https://inaturalist-open-data.s3.amazonaws.com/photos/497750240/original.jpeg,marine-life-vase-garlic-sponge,Ircinia campana,sponges,barrel-sponges,Irciniidae,"Maximum depth reported taken from Ref. 128739. Rare on mangroves (Ref. 415), but common on shallow hard grounds, seagrass beds, and inshore reefs (Ref. 85482). Inhabits seagrass meadows, coralline algae reefs and lower mesophotic reefs (Ref. 128739).",,0.005,3,79,,,,,,CC BY 4.0,"""Ircinia campana"" by keesgroenendijk (CC BY 4.0). http://creativecommons.org/licenses/by/4.0/ GBIF occurrence 5154112948.",gbif,yes,
marine-life-stinker-sponge,51069,Stinker sponge,https://inaturalist-open-data.s3.amazonaws.com/photos/469741157/original.jpg,marine-life-stinker-sponge,Ircinia felix,sponges,ball-sponges,Irciniidae,"Common on mangroves (Ref. 415). Massive forms usually found on reefs; while branching and more lobate forms inhabit quieter shallow inshore hard bottoms, sediment and seagrass beds (Ref. 85482).",,0.002,1,100,,,,,,CC0 1.0,"""Ircinia felix"" by Jean-Paul Boerekamps (CC0 1.0). http://creativecommons.org/publicdomain/zero/1.0/ GBIF occurrence 5069839917.",gbif,yes,
marine-life-black-ball-sponge,51071,Black-ball sponge,https://inaturalist-open-data.s3.amazonaws.com/photos/181944140/original.jpg,marine-life-black-ball-sponge,Ircinia strobilina,sponges,ball-sponges,Irciniidae,"Maximum depth reported taken from Ref. 128739. Common on shallow reefs, seagrass beds (Ref. 415) and hard bottoms. Also found in mangroves (Ref. 86836). Occasionally on deeper muddy sand bottoms. Often emits a strong, sulfurous pungent scent when removed from the water (Ref. 85482). In Belize, it was found in a submarine cave near Columbus Cay (Ref. 87209). Inhabits coralline algae reefs, coral communities, and lower mesophotic reefs (Ref. 128739).",,0.005,1,50,,,,,,CC0 1.0,"""Ircinia strobilina"" by Jean-Paul Boerekamps (CC0 1.0). http://creativecommons.org/publicdomain/zero/1.0/ GBIF occurrence 3759110857.",gbif,yes,
marine-life-reticulated-hermit,26478,reticulated hermit,https://inaturalist-open-data.s3.amazonaws.com/photos/653895363/original.jpg,marine-life-reticulated-hermit,Iridopagurus reticulatus,invertebrates,crabs,Paguridae,Translucent brown body. Bristled claws have reddish lines in a reticulated pattern. Found in sandy areas.,,,,,,,,,,CC BY 4.0,"""Iridopagurus reticulatus"" by Dan Schofield (CC BY 4.0). http://creativecommons.org/licenses/by/4.0/ GBIF occurrence 6320116797.",gbif,yes,
marine-life-banded-tube-dwelling-anemone,83520,Banded tube-dwelling anemone,https://inaturalist-open-data.s3.amazonaws.com/photos/73152270/original.jpeg,marine-life-banded-tube-dwelling-anemone,Isarachnanthus nocturnus,invertebrates,anemones,Arachnactidae,Long banded tentacles surrounding a white oral disc. Central tuft of short pale to lavender tentacles. Nocturnal.,,0.05,,,,,,,,CC0 1.0,"""Isarachnanthus nocturnus"" by TheMongrelKoi (CC0 1.0). http://creativecommons.org/publicdomain/zero/1.0/ GBIF occurrence 2626416853.",gbif,yes,
marine-life-knobbly-zoanthid,141893,knobbly zoanthid,https://inaturalist-open-data.s3.amazonaws.com/photos/470882099/original.jpeg,marine-life-knobbly-zoanthid,Isaurus tuberculatus,invertebrates,zoanthids,Epizoanthidae,Stiff tubular body with a rough surface. Mouth usually bent inwards. Grows out of holes in the reef. Nocturnal.,,0.05,0,20,,,,,,CC0 1.0,"""Isaurus tuberculatus"" by Andrew Deacon (CC0 1.0). http://creativecommons.org/publicdomain/zero/1.0/ GBIF occurrence 6480393335.",gbif,yes,
marine-life-multihued-chiton,58311,Multihued chiton,https://inaturalist-open-data.s3.amazonaws.com/photos/653887423/original.jpg,marine-life-multihued-chiton,Ischnochiton erythronotus,invertebrates,chitons,Ischnochitonidae,"Plates colors are highly variable, including green, purple, orange or pale pink. Girdle often with faint dark bands",,0.013,0,10,,,,,,CC BY 4.0,"""Ischnochiton erythronotus"" by Dan Schofield (CC BY 4.0). http://creativecommons.org/licenses/by/4.0/ GBIF occurrence 6273161491.",gbif,yes,
marine-life-striolate-chiton,58304,striolate chiton,https://inaturalist-open-data.s3.amazonaws.com/photos/632597233/original.jpg,marine-life-striolate-chiton,Ischnochiton striolatus,invertebrates,chitons,Ischnochitonidae,"Faint chevron grooves along the plates. Color varies widely from orange to purple, pink or gray.",,0.02,0,90,,,,,,CC0 1.0,"""Ischnochiton striolatus"" by Lucas Rodrigues (CC0 1.0). http://creativecommons.org/publicdomain/zero/1.0/ GBIF occurrence 6188176234.",gbif,yes,
marine-life-flat-tree-oyster,47713,flat tree oyster,https://inaturalist-open-data.s3.amazonaws.com/photos/501374873/original.jpeg,marine-life-flat-tree-oyster,Isognomon alatus,invertebrates,oysters,Isognomonidae,"Thin flattened valves and a dark brown interior mantle. Found on shallower reefs, often encrusted with sponges.",,0.075,0,37,,,,,,CC0 1.0,"""Isognomon alatus"" by Bonnie Isaac (CC0 1.0). http://creativecommons.org/publicdomain/zero/1.0/ GBIF occurrence 5154283015.",gbif,yes,
marine-life-radial-purse-oyster,47712,radial purse oyster,https://inaturalist-open-data.s3.amazonaws.com/photos/443309384/original.jpg,marine-life-radial-purse-oyster,Isognomon radiatus,invertebrates,oysters,Isognomonidae,Thin light brown valves with radiating white lines and visible concentric rings. May grow in dense clusters.,,0.07,0,101,,,,,,CC BY 4.0,"""Isognomon radiatus"" by Dan Schofield (CC BY 4.0). http://creativecommons.org/licenses/by/4.0/ GBIF occurrence 5036977043.",gbif,yes,
marine-life-rough-star-coral,89391,Rough star coral,https://inaturalist-open-data.s3.amazonaws.com/photos/187956891/original.jpeg,marine-life-rough-star-coral,Isophyllia rigida,corals,brain-corals,Faviidae,"Maximum depth from Ref. 116012. Zooxanthellate (Ref. 116012). Occurs in most reef environments, especially in surge channels (Ref. 848).",,,0,35,,,,,,CC BY 4.0,"""Isophyllia rigida"" by Alexis Tinker-Tsavalas (CC BY 4.0). http://creativecommons.org/licenses/by/4.0/ GBIF occurrence 3772754562.",gbif,yes,
marine-life-sinuous-cactus-coral,45770,Sinuous cactus coral,https://inaturalist-open-data.s3.amazonaws.com/photos/227777556/original.jpg,marine-life-sinuous-cactus-coral,Isophyllia sinuosa,corals,cactus-corals,Faviidae,"Maximum depth from Ref. 116012. Zooxanthellate (Ref. 116012). Throughout the Caribbean in a variety of reef habitats (Ref. 415), e.g., shallow protected reef environments (Ref. 848).",,,0,35,,,,,,CC BY 4.0,"""Isophyllia sinuosa"" by Thomas Irvine (CC BY 4.0). http://creativecommons.org/licenses/by/4.0/ GBIF occurrence 3903392890.",gbif,yes,
marine-life-chocolate-chip-sea-cucumber,84472,three-rowed sea cucumber,https://inaturalist-open-data.s3.amazonaws.com/photos/656749733/original.jpg,marine-life-chocolate-chip-sea-cucumber,Isostichopus badionotus,invertebrates,sea-cucumbers,Stichopodidae,"Brown or tan to yellow body is creased and covered in small knobby podia, usually in sharply contrasting colors.",,0.4,0,65,,,,,,CC0 1.0,"""Isostichopus badionotus"" by Tim Kirsten (CC0 1.0). http://creativecommons.org/publicdomain/zero/1.0/ GBIF occurrence 6273502770.",gbif,yes,
marine-life-isostichopus-macroparentheses,140860,Clark’s sea cucumber,,,Isostichopus macroparentheses,invertebrates,sea-cucumbers,Stichopodidae,Smooth rounded cream to tan body with brown blotches and small spots (darker around short pointed papillae).,,0.12,0,18,,,,,,,,,,
marine-life-shortfin-mako,752,shortfin mako,https://inaturalist-open-data.s3.amazonaws.com/photos/622604855/original.jpg,marine-life-shortfin-mako,Isurus oxyrinchus,fishes,sharks,Lamnidae,Bluish body. Slender conical snout. Dorsal fin starts just behind the pectoral. Both tail lobes are the same size.,,4.45,0,888,Body shape: fusiform / normal,,,,,CC0 1.0,"""Isurus oxyrinchus"" by Justin Philbois (CC0 1.0). http://creativecommons.org/publicdomain/zero/1.0/ GBIF occurrence 6178478976.",gbif,yes,
marine-life-pink-segmented-alga,115838,pink segmented alga,https://oxalis.br.fgov.be/images/V/BR5/010/108/942/527/BR5010108942527V.jpg,marine-life-pink-segmented-alga,Jania adhaerens,plants,red-algae,Corallinaceae,Small tangled clumps of very fine calcified branching stalks with pale tips. Shades of pink with white joints.,,0.05,0,35,,,,,,CC BY 4.0,"""Jania adhaerens J.V.Lamour."" by Meise Botanic Garden (CC BY 4.0). http://creativecommons.org/licenses/by/4.0/ GBIF occurrence 4072671116.",gbif,yes,
marine-life-pink-branchlet-alga,crl-963550,pink branchlet alga,,marine-life-pink-branchlet-alga,Jania cubensis,plants,red-algae,,Clusters of long pink stalks growing upwards from a common base. Short pink branchlets tipped in white.,,0.13,,,,,,,,© Mickey Charteris — permission required,"Caribbean Reef Life (Mickey Charteris, 4th ed.)",caribbean-reef-life,yes,
marine-life-janolus-comis,1436,Tatty Slug,https://inaturalist-open-data.s3.amazonaws.com/photos/197245768/original.jpg,marine-life-janolus-comis,Janolus comis,invertebrates,nudibranchs,Janolidae,Translucent gray with white speckles. Sharp tubercles on long inflated cerata. Caruncle between tall rhinophores.,,0.01,0,25,,,,,,CC BY 4.0,"""Janolus comis"" by Pauline Walsh Jacobson (CC BY 4.0). http://creativecommons.org/licenses/by/4.0/ GBIF occurrence 3784912572.",gbif,yes,
marine-life-dwarf-round-herring,1461,Silversides,,marine-life-dwarf-round-herring,Jenkinsia lamprotaenia,fishes,silversides,Spratelloididae,"A schooling species usually occurring inshore. Feeds on zooplankton. Preyed upon by many larger fishes and squids (Ref. 5521). Important as live bait for scombrids (Ref. 26340). In 1937, at Kingston, Jamaica it spawns during the winter months. Travels long distance (Ref. 37032).",,0.075,0,50,Body shape: fusiform / normal,,,,,© Mickey Charteris — permission required,"Caribbean Reef Life (Mickey Charteris, 4th ed.)",caribbean-reef-life,yes,
marine-life-little-eye-round-herring,1462,Little-eye herring,,marine-life-little-eye-round-herring,Jenkinsia majua,fishes,silvery-fishes,Spratelloididae,"Elongated semi-transparent body with a single silver stripe. Found in shallow waters, singly or small schools.",,0.07,0,50,Body shape: elongated,,,,,© Mickey Charteris — permission required,"Caribbean Reef Life (Mickey Charteris, 4th ed.)",caribbean-reef-life,yes,
marine-life-favored-tellin,crl-298937,Favored Tellin,https://inaturalist-open-data.s3.amazonaws.com/photos/483590579/original.jpg,marine-life-favored-tellin,Johnsonella fausta,invertebrates,clams,,"Thick oval to triangular, semi-glossy white valves. Thin gray growth rings and dark hinge usually visible.",,0.1,,,,,,,,CC0 1.0,"""Johnsonella fausta"" by Heather DeGaetano (CC0 1.0). http://creativecommons.org/publicdomain/zero/1.0/ GBIF occurrence 5134209932.",gbif,yes,
marine-life-speckled-jorunna,crl-126882,Speckled jorunna,,marine-life-speckled-jorunna,Jorunna coloradilla,invertebrates,nudibranchs,,"Flattened pale dorsum with purplish-red dots. Gills and rhinophores are darker, with small brownish speckles.",,0.025,,,,,,,,© Mickey Charteris — permission required,"Caribbean Reef Life (Mickey Charteris, 4th ed.)",caribbean-reef-life,yes,
marine-life-jorunna-spazzola,148332,brush jorunna,,marine-life-jorunna-spazzola,Jorunna spazzola,invertebrates,nudibranchs,Discodorididae,White dorsum covered in tiny papillae. Rhinophores and gills are pale. Tiny white glands around mantle edges.,,0.025,0,13,,,,,,© Mickey Charteris — permission required,"Caribbean Reef Life (Mickey Charteris, 4th ed.)",caribbean-reef-life,yes,
marine-life-red-banded-lobster,26131,red banded lobster,https://inaturalist-open-data.s3.amazonaws.com/photos/216401535/original.jpg,marine-life-red-banded-lobster,Justitia longimana,invertebrates,lobsters,Palinuridae,Carapace with orange patches outlined in red. Red legs and claw arms banded with white. Prefers deeper reefs.,,0.2,1,300,,,,,,CC BY 4.0,"""Justitia longimana"" by Donald Davesne (CC BY 4.0). http://creativecommons.org/licenses/by/4.0/ GBIF occurrence 3873837084.",gbif,yes,
marine-life-striped-polycera,crl-931685,Striped Polycera,,,Kankelibranchus alhenae,invertebrates,nudibranchs,,Longitudinal red lines and white blotches. Branching red appendages on oral veil. Red on gills and rhinophores.,,0.025,,,,,,,,,,,,
marine-life-false-moray,2606,False Moray,,marine-life-false-moray,Kaupichthys hyoproroides,fishes,eels,Chlopsidae,Brownish-gray body with translucent fins. Pale head with nostrils above upper lip. Tiny translucent pectoral fins.,,0.15,1,95,Body shape: eel-like,,,,,© Mickey Charteris — permission required,"Caribbean Reef Life (Mickey Charteris, 4th ed.)",caribbean-reef-life,yes,
marine-life-atlantic-flashlight-fish,12012,atlantic flashlight fish,,marine-life-atlantic-flashlight-fish,Kryptophanaron alfredi,fishes,toadfishes,Anomalopidae,Dark body with large eye and prominent white spots along lateral line. Large oblong glowing light organ under eye.,,0.14,25,200,Body shape: fusiform / normal,,,,,© Mickey Charteris — permission required,"Caribbean Reef Life (Mickey Charteris, 4th ed.)",caribbean-reef-life,yes,
marine-life-brown-chub,5804,Brown chub,https://inaturalist-open-data.s3.amazonaws.com/photos/472409039/original.jpg,marine-life-brown-chub,Kyphosus bigibbus,fishes,porgies,Kyphosidae,"Found around exposed seaward reefs of isolated high islands such as the northernmost Mariana and Bonin Is. Feeds on <i>Sargassum</i> and <i>Turbinaria</i> algae. Valued as a food fish, but not in Hawaii (Ref. 3921).",,0.75,2,,Body shape: short and / or deep,,,,,CC BY 4.0,"""Kyphosus bigibbus"" by Susan Prior (CC BY 4.0). http://creativecommons.org/licenses/by/4.0/ GBIF occurrence 5077113166.",gbif,yes,
marine-life-topsail-chub,5805,topsail chub,https://inaturalist-open-data.s3.amazonaws.com/photos/631352788/original.jpg,marine-life-topsail-chub,Kyphosus cinerascens,fishes,porgies,Kyphosidae,Grayish-brown to blackish body. Scale rows form dark lines. Large triangular anal fin. Tall rounded dorsal fin.,,0.45,0,45,Body shape: fusiform / normal,,,,,CC0 1.0,"""Kyphosus cinerascens"" by george_vaughan (CC0 1.0). http://creativecommons.org/publicdomain/zero/1.0/ GBIF occurrence 6188007876.",gbif,yes,
marine-life-bermuda-sea-chub,2498,bermuda chub,https://inaturalist-open-data.s3.amazonaws.com/photos/654574682/original.jpg,marine-life-bermuda-sea-chub,Kyphosus sectatrix,fishes,porgies,Kyphosidae,Silvery oval body. Anal fin and tail not aligned. Similar species: Darkfin Chub (K. bigibbus) has darker fins.,,0.75,1,30,Body shape: fusiform / normal,,,,,CC0 1.0,"""Kyphosus sectatrix"" by Tim Kirsten (CC0 1.0). http://creativecommons.org/publicdomain/zero/1.0/ GBIF occurrence 6273772769.",gbif,yes,
marine-life-brassy-chub,5806,brassy chub,https://inaturalist-open-data.s3.amazonaws.com/photos/621060910/original.jpg,marine-life-brassy-chub,Kyphosus vaigiensis,fishes,porgies,Kyphosidae,Silvery-blue with thin brassy to gold body stripes. Rear edge of anal fin aligned with top leading edge of tail.,,0.48,0,40,Body shape: short and / or deep,,,,,CC0 1.0,"""Kyphosus vaigiensis"" by Thompson Hyggen (CC0 1.0). http://creativecommons.org/publicdomain/zero/1.0/ GBIF occurrence 6178339364.",gbif,yes,
marine-life-masquerader-blenny,64873,Masquerader blenny,https://inaturalist-open-data.s3.amazonaws.com/photos/502536097/original.jpeg,marine-life-masquerader-blenny,Labrisomus conditus,fishes,blennies,Labrisomidae,Indistinct dark bars not extending over dorsal fin. Ocellus as in L. cricota (compare to white ring in L. nuchipinnis).,,0.22,,,Body shape: fusiform / normal,,,,,CC0 1.0,"""Labrisomus conditus"" by Daniel Estabrooks (CC0 1.0). http://creativecommons.org/publicdomain/zero/1.0/ GBIF occurrence 5153750965.",gbif,yes,
marine-life-mock-blenny,59789,Mock blenny,https://inaturalist-open-data.s3.amazonaws.com/photos/609355774/original.jpg,marine-life-mock-blenny,Labrisomus cricota,fishes,blennies,Labrisomidae,"Prominent dark bars extend to edge of dorsal fin. Ocellus on gill cover is indistinct, with a smudgy orange outline.",,0.16,0,4,Body shape: fusiform / normal,,,,,CC BY 4.0,"""Labrisomus cricota"" by Matteo Bellucci (CC BY 4.0). http://creativecommons.org/licenses/by/4.0/ GBIF occurrence 6130683937.",gbif,yes,
marine-life-hairy-blenny,3735,hairy blenny,https://inaturalist-open-data.s3.amazonaws.com/photos/609019102/original.jpg,marine-life-hairy-blenny,Labrisomus nuchipinnis,fishes,blennies,Labrisomidae,"Usually dark brown. May be black, tan or greenish. Ocellus on gill cover is fully rounded with complete thin white ring.",,0.22,0,10,Body shape: fusiform / normal,,,,,CC BY 4.0,"""Labrisomus nuchipinnis"" by Jan Ebr & Ivana Ebrová (CC BY 4.0). http://creativecommons.org/licenses/by/4.0/ GBIF occurrence 6130942959.",gbif,yes,
marine-life-hogfish,1071,hogfish (terminal),https://inaturalist-open-data.s3.amazonaws.com/photos/468804269/original.jpg,marine-life-hogfish,Lachnolaimus maximus,fishes,hogfishes,Labridae,Dark forehead and stripe on upper body. Three long thin dorsal spines. Yellow pectoral fins. Black bar on tail.,,0.9,3,30,Body shape: short and / or deep,,,,,CC0 1.0,"""Lachnolaimus maximus"" by Jean-Paul Boerekamps (CC0 1.0). http://creativecommons.org/publicdomain/zero/1.0/ GBIF occurrence 5063973749.",gbif,yes,
marine-life-spotted-trunkfish,4286,spotted trunkfish (juvenile),https://inaturalist-open-data.s3.amazonaws.com/photos/467417197/original.jpeg,marine-life-spotted-trunkfish,Lactophrys bicaudalis,fishes,trunkfishes,Ostraciidae,From about the size of a pea. Yellowish body with black or brown spots. The tail is tucked in against the body. Yellow or white body with dense black spots. Often dark bands running between eyes and across upper back.,,0.48,3,50,Body shape: short and / or deep,,,,,CC0 1.0,"""Lactophrys bicaudalis"" by Mike Beetlestone (CC0 1.0). http://creativecommons.org/publicdomain/zero/1.0/ GBIF occurrence 5063660144.",gbif,yes,
marine-life-buffalo-trunkfish,1107,buffalo trunkfish,https://inaturalist-open-data.s3.amazonaws.com/photos/624216398/original.jpg,marine-life-buffalo-trunkfish,Lactophrys trigonus,fishes,trunkfishes,Ostraciidae,"Tan to greenish-gray body, sometimes with light blue spots. Distinctive rounded hump on back. Elongated tail base.",,0.55,2,50,Body shape: short and / or deep,,,,,CC BY 4.0,"""Lactophrys trigonus"" by Dan Schofield (CC BY 4.0). http://creativecommons.org/licenses/by/4.0/ GBIF occurrence 6178440927.",gbif,yes,
marine-life-smooth-trunkfish,1109,smooth trunkfish,https://inaturalist-open-data.s3.amazonaws.com/photos/608203346/original.jpg,marine-life-smooth-trunkfish,Lactophrys triqueter,fishes,trunkfishes,Ostraciidae,Dark body with small pale spots. Dark patches at base of dorsal and pectoral fins. Pale honeycomb pattern on side.,,0.3,,50,Body shape: short and / or deep,,,,,CC0 1.0,"""Lactophrys triqueter"" by rockybajada (CC0 1.0). http://creativecommons.org/publicdomain/zero/1.0/ GBIF occurrence 6130899684.",gbif,yes,
marine-life-egg-cockle,148291,Egg Cockle,https://inaturalist-open-data.s3.amazonaws.com/photos/519664353/original.jpg,marine-life-egg-cockle,Laevicardium serratum,invertebrates,clams,Cardiidae,"Smooth polished-looking valves. Cream to yellowish with orange or brown marks that may be zigzag, as above.",,0.06,,,,,,,,CC BY 4.0,"""Laevicardium serratum"" by TonyT (CC BY 4.0). http://creativecommons.org/licenses/by/4.0/ GBIF occurrence 5199058904.",gbif,yes,
marine-life-many-ribbed-scallop,47378,Many-ribbed scallop,,,Laevichlamys multisquamata,invertebrates,clams,Pectinidae,"Numerous thin radial ribs, often covered with commensal sponge, as seen above. Short red and white tentacles.",,0.025,2,61,,,,,,,,,,
marine-life-pinfish-porgy,crl-515484,Pinfish Porgy,https://inaturalist-open-data.s3.amazonaws.com/photos/650916399/original.jpg,marine-life-pinfish-porgy,Lagodon rhomboides,fishes,porgies,,Bluish-silver with blue and yellow stripes. Dark spot on top of lateral line. Yellow anal fin with bright blue edge.,,0.4,,,,,,,,CC0 1.0,"""Lagodon rhomboides"" by Wyatt Rorex (CC0 1.0). http://creativecommons.org/publicdomain/zero/1.0/ GBIF occurrence 6251515642.",gbif,yes,
marine-life-transparent-lamellaria,4793,Transparent Lamellaria,https://inaturalist-open-data.s3.amazonaws.com/photos/349495919/original.jpeg,marine-life-transparent-lamellaria,Lamellaria perspicua,invertebrates,nudibranchs,Lamellariidae,Fleshy mantle covers the entire shell. May be confused for a sea slug; distinctive single raised siphon at front.,,0.04,0,211,,,,,,CC0 1.0,"""Lamellaria perspicua"" by Patrick Le Mao (CC0 1.0). http://creativecommons.org/publicdomain/zero/1.0/ GBIF occurrence 4976586236.",gbif,yes,
marine-life-st-thomas-frog-snail,4984,St Thomas Frog snail,https://inaturalist-open-data.s3.amazonaws.com/photos/629337086/original.jpg,marine-life-st-thomas-frog-snail,Lampasopsis thomae,invertebrates,snails,Bursidae,Thick-bodied creamy white shell with rounded knobs. Spiral cords with white and brown spots on final whorl.,,0.03,,,,,,,,CC BY 4.0,"""Lampasopsis thomae"" by Enrico Tomschke (CC BY 4.0). http://creativecommons.org/licenses/by/4.0/ GBIF occurrence 6184915440.",gbif,yes,
marine-life-slender-sargassum-shrimp,25844,Slender sargassum shrimP,https://inaturalist-open-data.s3.amazonaws.com/photos/627251214/original.jpg,marine-life-slender-sargassum-shrimp,Latreutes fucorum,invertebrates,shrimps,Hippolytidae,"Highly variable in color and markings, solid brown or with white bands or blue spots, Sharply upturned rostrum.",,0.02,0,2,,,,,,CC0 1.0,"""Latreutes fucorum"" by insect illuminati Get shrekt (CC0 1.0). http://creativecommons.org/publicdomain/zero/1.0/ GBIF occurrence 6320906387.",gbif,yes,
marine-life-red-tipped-alga,crl-686050,red-tipped alga,https://inaturalist-open-data.s3.amazonaws.com/photos/309930598/original.jpg,marine-life-red-tipped-alga,Laurencia chondrioides,plants,red-algae,,Short bush of cylindrical pale pink branches. Alternating branchlets with distinctively red tips and fine filaments.,,0.06,,,,,,,,CC BY 4.0,"""Laurencia chondrioides"" by Golfopolikayak (CC BY 4.0). http://creativecommons.org/licenses/by/4.0/ GBIF occurrence 4901905340.",gbif,yes,
marine-life-knobby-anemone,41897,Knobby anemone,https://inaturalist-open-data.s3.amazonaws.com/photos/470240225/original.jpg,marine-life-knobby-anemone,Laviactis lucida,invertebrates,anemones,Aiptasiidae,Numerous long transparent tentacles from a hidden oral disc. Small densely packed knobs of stinging cells.,,0.15,,,,,,,,CC0 1.0,"""Laviactis lucida"" by Jean-Paul Boerekamps (CC0 1.0). http://creativecommons.org/publicdomain/zero/1.0/ GBIF occurrence 5069964343.",gbif,yes,
marine-life-brown-grass-shrimp,25297,brown grass shrimp,https://inaturalist-open-data.s3.amazonaws.com/photos/650218818/original.jpg,marine-life-brown-grass-shrimp,Leander tenuicornis,invertebrates,shrimps,Palaemonidae,Prominent hump on the back. Often two ocellated spots on lower body. Found in the shallows and on seagrass.,,0.05,0,71,,,,,,CC0 1.0,"""Leander tenuicornis"" by Wyatt Rorex (CC0 1.0). http://creativecommons.org/publicdomain/zero/1.0/ GBIF occurrence 6251478617.",gbif,yes,
marine-life-learchis-poica,8610,Freddie Mercury’s dondice,https://inaturalist-open-data.s3.amazonaws.com/photos/439048612/original.jpeg,marine-life-learchis-poica,Learchis poica,invertebrates,nudibranchs,Facelinidae,"Head with orange line and two leaf-like marks. Red rings on bulbous cerata. Bluish band at base of oral tentacles. Translucent to orange with dark cerata. White on head, white stripe down body. On hydroid P. disticha (p. 137).",,0.025,0,5,,,,,,CC BY 4.0,"""Learchis poica"" by Ben Jobson (CC BY 4.0). http://creativecommons.org/licenses/by/4.0/ GBIF occurrence 4952170729.",gbif,yes,
marine-life-hidden-anemone-586219,41879,Hidden anemone,https://inaturalist-open-data.s3.amazonaws.com/photos/666832343/original.jpg,marine-life-hidden-anemone-586219,Lebrunia coralligens,invertebrates,anemones,Aliciidae,This is a solitary (Ref. 2377) and epibenthic species found on rocky bottoms and coral reefs particularly in subtidal areas (Ref. 83915).,,,,,,,,,,CC BY 4.0,"""Lebrunia coralligens"" by Uma Mezzanotte (CC BY 4.0). http://creativecommons.org/licenses/by/4.0/ GBIF occurrence 6353043431.",gbif,yes,
marine-life-branching-anemone,41341,Branching anemone,https://inaturalist-open-data.s3.amazonaws.com/photos/469380547/original.jpg,marine-life-branching-anemone,Lebrunia neglecta,invertebrates,anemones,Aliciidae,Small brownish knobs on thin branching finger-like tentacles. Often with pale brown to white highlights.,,0.3,,,,,,,,CC0 1.0,"""Lebrunia neglecta"" by Jean-Paul Boerekamps (CC0 1.0). http://creativecommons.org/publicdomain/zero/1.0/ GBIF occurrence 5064085626.",gbif,yes,
marine-life-six-keyhole-sand-dollar,49351,six keyhole sand dollar,https://inaturalist-open-data.s3.amazonaws.com/photos/349185050/original.jpg,marine-life-six-keyhole-sand-dollar,Leodia sexiesperforata,invertebrates,sea-urchins,Mellitidae,Disc-shaped body with a pentagonal design on the back. Six elongated holes around the edges. Very short spines.,,0.1,0,60,,,,,,CC0 1.0,"""Leodia sexiesperforata"" by prodewald (CC0 1.0). http://creativecommons.org/publicdomain/zero/1.0/ GBIF occurrence 4875005451.",gbif,yes,
marine-life-grooved-gooseneck-barnacle,32234,grooved gooseneck barnacle,https://inaturalist-open-data.s3.amazonaws.com/photos/678713694/original.jpg,marine-life-grooved-gooseneck-barnacle,Lepas anserifera,invertebrates,shrimps,Lepadidae,Bluish-white shell edged in orange. Short orange stalk. Found in clusters attached to floating debris and boats.,,0.04,0,4160,,,,,,CC0 1.0,"""Lepas anserifera"" by Damien Wallace (CC0 1.0). http://creativecommons.org/publicdomain/zero/1.0/ GBIF occurrence 6398730090.",gbif,yes,
marine-life-carribean-red-chiton,58316,caribbean red chiton,https://inaturalist-open-data.s3.amazonaws.com/photos/236142350/original.jpg,marine-life-carribean-red-chiton,Lepidochitona liozonis,invertebrates,chitons,Tonicellidae,"Smooth plates, often red with white spots. Rusty girdle, characteristically without overlapping scales. Uncommon.",,0.013,0,73,,,,,,CC BY 4.0,"""Lepidochitona liozonis"" by Thomas Irvine (CC BY 4.0). http://creativecommons.org/licenses/by/4.0/ GBIF occurrence 3925504440.",gbif,yes,
marine-life-roughnose-decorator-crab,27088,roughnose decorator crab,,marine-life-roughnose-decorator-crab,Leptopisa setirostris,invertebrates,crabs,Epialtidae,"Two distinctively long horns on rostrum, almost touching. Two slightly curved white spines at rear of carapace.",,0.025,0,80,,,,,,© Mickey Charteris — permission required,"Caribbean Reef Life (Mickey Charteris, 4th ed.)",caribbean-reef-life,yes,
marine-life-warty-comb-jelly,60747,warty comb jelly,https://inaturalist-open-data.s3.amazonaws.com/photos/640698993/original.jpg,marine-life-warty-comb-jelly,Leucothea multicornis,invertebrates,jellies,Leucotheidae,"The largest comb jelly. Long warty protrusions on body and large oral lobes, which may have brown markings.",,0.2,,,,,,,,CC BY 4.0,"""Leucothea multicornis"" by Xavier Mas (CC BY 4.0). http://creativecommons.org/licenses/by/4.0/ GBIF occurrence 6234356569.",gbif,yes,
marine-life-chestnut-latirus,5268,Chestnut Latirus,https://inaturalist-open-data.s3.amazonaws.com/photos/614778484/original.jpg,marine-life-chestnut-latirus,Leucozonia nassa,invertebrates,snails,Fasciolariidae,Dark brown shell with knobbed ribs and a single thin white spiral cord. Deep red mantle with white speckles.,,0.05,0,70,,,,,,CC0 1.0,"""Leucozonia nassa"" by Lucas Rodrigues (CC0 1.0). http://creativecommons.org/publicdomain/zero/1.0/ GBIF occurrence 6159527737.",gbif,yes,
marine-life-spiny-fileclam,48061,spiny fileclam,https://inaturalist-open-data.s3.amazonaws.com/photos/505862015/original.jpg,marine-life-spiny-fileclam,Lima lima,invertebrates,clams,Limidae,Pale rounded valves with fine ribs with small spines. Interior mantle and short tentacles are red to lavender.,,0.09,4,200,,,,,,CC0 1.0,"""Lima lima"" by Crebassa Jason (CC0 1.0). http://creativecommons.org/publicdomain/zero/1.0/ GBIF occurrence 5216049659.",gbif,yes,
marine-life-antillean-fileclam,47380,antillean fileclam,https://inaturalist-open-data.s3.amazonaws.com/photos/605988604/original.jpg,marine-life-antillean-fileclam,Limaria pellucida,invertebrates,clams,Limidae,"Pale oblong valves with tiny spines on radiating ribs. Long pink to reddish tentacles, often with faint white banding.",,0.025,0,183,,,,,,CC BY 4.0,"""Limaria pellucida"" by Josiah Londerée (CC BY 4.0). http://creativecommons.org/licenses/by/4.0/ GBIF occurrence 6130642312.",gbif,yes,
marine-life-warty-aeolid,crl-256400,Warty aeolid,https://inaturalist-open-data.s3.amazonaws.com/photos/716011230/original.jpg,marine-life-warty-aeolid,Limenandra nodosa,invertebrates,nudibranchs,,Greenish-brown body with white patches on dorsum. Row of pink circles and yellow spots. Thick warty cerata.,,0.015,,,,,,,,CC BY 4.0,"""Limenandra nodosa"" by Xavier Mas (CC BY 4.0). http://creativecommons.org/licenses/by/4.0/ GBIF occurrence 6499192925.",gbif,yes,
marine-life-common-comet-star,138764,common comet star,https://inaturalist-open-data.s3.amazonaws.com/photos/556126279/original.jpg,marine-life-common-comet-star,Linckia guildingi,invertebrates,sea-stars,Ophidiasteridae,Four to seven rounded arms with blunt tips. All arms can be of different lengths. Color varies from orange to tan.,,0.13,0,298,,,,,,CC0 1.0,"""Linckia guildingi"" by Francesco Cecere (CC0 1.0). http://creativecommons.org/publicdomain/zero/1.0/ GBIF occurrence 5830643106.",gbif,yes,
marine-life-thimble-jelly,45004,thimble jelly,https://reefguide.org/pix/seathimblejellyfish2.jpg,marine-life-thimble-jelly,Linuche unguiculata,invertebrates,jellies,Linuchidae,Thimble-shaped bell is transparent on top and brown beneath. Few short tentacles. Often in large blooms.,,0.02,0,200,,,,,,All Rights Reserved,"Photo © Florent Charpin, reefguide.org — thimble jelly (Linuche unguiculata) — Nassau, Bahamas",reefguide,yes,
marine-life-candy-basslet,12347,candy basslet,,marine-life-candy-basslet,Liopropoma carmabi,fishes,basslets,Liopropomatidae,Orange with purple stripes. Black ocellus on rear dorsal fin. Ocellated spots on tail not joined (compare: L. rubre).,,0.05,15,70,Body shape: fusiform / normal,,,,,© Mickey Charteris — permission required,"Caribbean Reef Life (Mickey Charteris, 4th ed.)",caribbean-reef-life,yes,
marine-life-cave-bass,3331,cave basslet,,marine-life-cave-bass,Liopropoma mowbrayi,fishes,basslets,Liopropomatidae,"Uniformly red body. Black bar on tail, edged in white. Black spot on tip of rear dorsal fin. Yellow patch on snout.",,0.09,30,60,Body shape: fusiform / normal,,,,,© Mickey Charteris — permission required,"Caribbean Reef Life (Mickey Charteris, 4th ed.)",caribbean-reef-life,yes,
marine-life-peppermint-bass,3332,peppermint basslet,https://inaturalist-open-data.s3.amazonaws.com/photos/613965157/original.jpg,marine-life-peppermint-bass,Liopropoma rubre,fishes,basslets,Liopropomatidae,Striped body. Dark spots on both rear dorsal and anal fins. Spots on tail are joined. All spots edged in white.,,0.06,3,45,Body shape: fusiform / normal,,,,,CC BY 4.0,"""Liopropoma rubre"" by Dan Schofield (CC BY 4.0). http://creativecommons.org/licenses/by/4.0/ GBIF occurrence 6147235228.",gbif,yes,
marine-life-threeline-basslet,3356,threeline basslet,,marine-life-threeline-basslet,Lipogramma trilineata,fishes,basslets,Grammatidae,"Yellow body with three short blue lines, from snout and behind eye. Found on deeper reefs, often under ledges.",,0.04,5,95,Body shape: fusiform / normal,,,,,© Mickey Charteris — permission required,"Caribbean Reef Life (Mickey Charteris, 4th ed.)",caribbean-reef-life,yes,
marine-life-longspine-starsnail,166405,longspine starsnail,https://inaturalist-open-data.s3.amazonaws.com/photos/608791047/original.jpg,marine-life-longspine-starsnail,Lithopoma phoebium,invertebrates,snails,Turbinidae,Round flattened shell with curved triangular spines arranged spirally from the center. Prefers shallows.,,0.045,,,,,,,,CC0 1.0,"""Lithopoma phoebium"" by Lauren Bosch (CC0 1.0). http://creativecommons.org/publicdomain/zero/1.0/ GBIF occurrence 6131093037.",gbif,yes,
marine-life-west-indian-starsnail,1880,west indian starsnail,https://inaturalist-open-data.s3.amazonaws.com/photos/423049669/original.jpeg,marine-life-west-indian-starsnail,Lithopoma tectum,invertebrates,snails,Turbinidae,Robust conical shell with knobs around the lower edge. White mantle with speckles. Often covered in red algae.,,0.05,0,10,,,,,,CC0 1.0,"""Lithopoma tectum"" by Lucas Rodrigues (CC0 1.0). http://creativecommons.org/publicdomain/zero/1.0/ GBIF occurrence 4987705346.",gbif,yes,
marine-life-deepwater-rose-alga,crl-119457,Deepwater rose alga,,marine-life-deepwater-rose-alga,Lithothamnion ruptile,plants,red-algae,,"Pink to bright red plates of varying thickness, formed into rounded floral shapes. Only found on deeper reefs.",,0.5,,,,,,,,© Mickey Charteris — permission required,"Caribbean Reef Life (Mickey Charteris, 4th ed.)",caribbean-reef-life,yes,
marine-life-roostertail-conch,2800,roostertail conch,https://inaturalist-open-data.s3.amazonaws.com/photos/602554938/original.jpg,marine-life-roostertail-conch,Lobatus gallus,invertebrates,conchs,Strombidae,Reddish shell with white blotches. Distinctively flared tips grow both above the eyes and at rear of aperture lip.,,0.13,0,82,,,,,,CC BY 4.0,"""Lobatus gallus"" by nebrooks (CC BY 4.0). http://creativecommons.org/licenses/by/4.0/ GBIF occurrence 5936118913.",gbif,yes,
marine-life-queen-conch,crl-551699,queen conch,https://inaturalist-open-data.s3.amazonaws.com/photos/604590541/original.jpg,marine-life-queen-conch,Lobatus gigas,invertebrates,conchs,,Orange to brown shell is pink inside. The proboscis and eyestalks are mottled. Small eyes with black tentacles.,,0.3,,,,,,,,CC0 1.0,"""Lobatus gigas"" by Karen McCabe (CC0 1.0). http://creativecommons.org/publicdomain/zero/1.0/ GBIF occurrence 5938427819.",gbif,yes,
marine-life-lobatus-raninus,141144,hawkwing conch,https://inaturalist-open-data.s3.amazonaws.com/photos/625727283/original.jpg,marine-life-lobatus-raninus,Lobatus raninus,invertebrates,conchs,Strombidae,Thick brown shell with two distinctively large spikes on the top. Yellow inside shell. Front aperture lip curves up.,,0.13,0,55,,,,,,CC0 1.0,"""Lobatus raninus"" by Lauren Bosch (CC0 1.0). http://creativecommons.org/publicdomain/zero/1.0/ GBIF occurrence 6184727099.",gbif,yes,
marine-life-encrusting-fan-leaf-alga,118846,encrusting fan leaf alga,,marine-life-encrusting-fan-leaf-alga,Lobophora variegata,plants,brown-algae,Dictyotaceae,Variable thin fan-shaped blades. Shades of green to light brown. Often overlapping and covering large areas.,,0.15,0,120,,,,,,© Mickey Charteris — permission required,"Caribbean Reef Life (Mickey Charteris, 4th ed.)",caribbean-reef-life,yes,
marine-life-tripletail,1077,atlantic tripletail (juvenile),https://inaturalist-open-data.s3.amazonaws.com/photos/633816962/original.jpg,marine-life-tripletail,Lobotes surinamensis,fishes,porgies,Lobotidae,Pale brown body with dark blotches and lines. Brown bar through eye. Mimics floating sargassum or dead leaves.,,1.1,0,70,Body shape: short and / or deep,,,,,CC0 1.0,"""Lobotes surinamensis"" by Lucas Rodrigues (CC0 1.0). http://creativecommons.org/publicdomain/zero/1.0/ GBIF occurrence 6188316032.",gbif,yes,
marine-life-medusa-worm,40441,medusa worm,https://reefguide.org/pix/medusaworm2.jpg,marine-life-medusa-worm,Loimia medusa,invertebrates,worms,Terebellidae,Reddish body with numerous long banded tentacles. Sharp bristles along the body used to move inside a sandy tube.,,0.15,10,75,,,,,,All Rights Reserved,"Photo © Florent Charpin, reefguide.org — medusa worm (Loimia medusa) — Grand Cayman",reefguide,yes,
marine-life-western-atlantic-brief-squid,57412,Atlantic Brief squid,https://inaturalist-open-data.s3.amazonaws.com/photos/514887890/original.jpg,marine-life-western-atlantic-brief-squid,Lolliguncula brevis,invertebrates,squids,Loliginidae,"Short arms and tentacles on a compact body, often with tiny black spots. Rounded fins connect at rear of body.",,0.13,0,20,,,,,,CC0 1.0,"""Lolliguncula brevis"" by Kaden Stebbins (CC0 1.0). http://creativecommons.org/publicdomain/zero/1.0/ GBIF occurrence 5177200899.",gbif,yes,
marine-life-lomanotus-phiops,150445,Phiops nudibranch,,marine-life-lomanotus-phiops,Lomanotus phiops,invertebrates,nudibranchs,Aplysiidae,Translucent gray to light brown with white and brown spots. Rhinophores distinctively tall with conical tips.,,0.006,0,0,,,,,,© Mickey Charteris — permission required,"Caribbean Reef Life (Mickey Charteris, 4th ed.)",caribbean-reef-life,yes,
marine-life-crested-goby,crl-650096,Crested goby,https://inaturalist-open-data.s3.amazonaws.com/photos/610843301/original.jpg,marine-life-crested-goby,Lophogobius cyprinoides,fishes,gobies,,Males with raised fleshy crest along midline of head. Dark stripes behind eye. Shallow coasts and mangroves.,,0.1,,,,,,,,CC BY 4.0,"""Lophogobius cyprinoides"" by Kai Murphy (CC BY 4.0). http://creativecommons.org/licenses/by/4.0/ GBIF occurrence 6131648200.",gbif,yes,
marine-life-southern-limpet,92673,Antilles limpet,https://inaturalist-open-data.s3.amazonaws.com/photos/623300793/original.jpg,marine-life-southern-limpet,Lottia antillarum,invertebrates,limpets,Lottiidae,White shell with scattered brown blotches. Evenly sized concentric ribs run to a slightly scalloped shell edge.,,0.03,0,0,,,,,,CC BY 4.0,"""Lottia antillarum"" by Dalton Watt (CC BY 4.0). http://creativecommons.org/licenses/by/4.0/ GBIF occurrence 6179245627.",gbif,yes,
marine-life-cancellate-fleshy-limpet,2526,Cancellate Fleshy Limpet,https://inaturalist-open-data.s3.amazonaws.com/photos/599332943/original.jpg,marine-life-cancellate-fleshy-limpet,Lucapina suffusa,invertebrates,limpets,Fissurellidae,Flattened oval shell with alternating large and small ribs and finely toothed margin. Mantle color highly variable.,,0.04,0,24,,,,,,CC BY 4.0,"""Lucapina suffusa"" by Josiah Londerée (CC BY 4.0). http://creativecommons.org/licenses/by/4.0/ GBIF occurrence 6251941987.",gbif,yes,
marine-life-file-fleshy-limpet,2648,File Fleshy Limpet,,,Lucapinella limatula,invertebrates,limpets,Fissurellidae,"Relatively large aperture. Distinctive concentric threads over the ribs, giving the appearance of a file’s surface.",,0.01,0,150,,,,,,,,,,
marine-life-arrow-blenny,16580,arrow blenny,https://inaturalist-open-data.s3.amazonaws.com/photos/72980394/original.jpg,marine-life-arrow-blenny,Lucayablennius zingaro,fishes,blennies,Chaenopsidae,Reddish body and yellow tail. Long pointed snout. Yellow stripe from snout to nape. Three black spots at rear dorsal fin.,,0.06,13,106,Body shape: elongated,,,,,CC0 1.0,"""Lucayablennius zingaro"" by TheMongrelKoi (CC0 1.0). http://creativecommons.org/publicdomain/zero/1.0/ GBIF occurrence 2626539912.",gbif,yes,
marine-life-atlantic-gray-cowrie,105922,atlantic gray cowrie,https://inaturalist-open-data.s3.amazonaws.com/photos/613963275/original.jpg,marine-life-atlantic-gray-cowrie,Luria cinerea,invertebrates,snails,Cypraeidae,Smooth tan shell with scattered dark spots. Light brown mantle. Black tentacles. Also found in solid gray to black.,,0.04,0,1472,,,,,,CC BY 4.0,"""Luria cinerea"" by Dan Schofield (CC BY 4.0). http://creativecommons.org/licenses/by/4.0/ GBIF occurrence 6147697339.",gbif,yes,
marine-life-mutton-snapper,1403,mutton snapper,https://inaturalist-open-data.s3.amazonaws.com/photos/664399467/original.jpg,marine-life-mutton-snapper,Lutjanus analis,fishes,snappers,Lutjanidae,Distinctive small black spot on upper flank. Faint blue line under eye. Reddish tail and pectoral fin. Red iris.,,0.94,25,95,Body shape: fusiform / normal,,,,,CC0 1.0,"""Lutjanus analis"" by Daniel Estabrooks (CC0 1.0). http://creativecommons.org/publicdomain/zero/1.0/ GBIF occurrence 6333941487.",gbif,yes,
marine-life-schoolmaster-snapper,1404,schoolmaster,https://inaturalist-open-data.s3.amazonaws.com/photos/609511026/original.jpg,marine-life-schoolmaster-snapper,Lutjanus apodus,fishes,snappers,Lutjanidae,"Olive to yellowish body, pale near abdomen. May display body bars. Yellow fins and tail. Prominent canine teeth.",,0.67,2,63,Body shape: fusiform / normal,,,,,CC BY 4.0,"""Lutjanus apodus"" by Jan Ebr & Ivana Ebrová (CC BY 4.0). http://creativecommons.org/licenses/by/4.0/ GBIF occurrence 6130205153.",gbif,yes,
marine-life-blackfin-snapper-juvenile,1419,blackfin snapper (juvenile),https://inaturalist-open-data.s3.amazonaws.com/photos/181972620/original.jpg,marine-life-blackfin-snapper-juvenile,Lutjanus buccanella,fishes,snappers,Lutjanidae,Pale gray to light brown body. Yellow patch on upper tail base and a yellow tail. Black spot at base of pectoral fin.,,0.75,20,200,Body shape: fusiform / normal,,,,,CC0 1.0,"""Lutjanus buccanella"" by Jean-Paul Boerekamps (CC0 1.0). http://creativecommons.org/publicdomain/zero/1.0/ GBIF occurrence 3712644903.",gbif,yes,
marine-life-cubera-snapper,1427,cubera snapper,https://inaturalist-open-data.s3.amazonaws.com/photos/606408334/original.jpg,marine-life-cubera-snapper,Lutjanus cyanopterus,fishes,snappers,Lutjanidae,The largest of the snappers. Heavy body with large head and thickened lips. May display contrasting body bars.,,1.6,18,70,Body shape: fusiform / normal,,,,,CC BY 4.0,"""Lutjanus cyanopterus"" by Austen Novis (CC BY 4.0). http://creativecommons.org/licenses/by/4.0/ GBIF occurrence 6129910845.",gbif,yes,
marine-life-gray-snapper,crl-338029,gray snapper,https://inaturalist-open-data.s3.amazonaws.com/photos/605125459/original.jpg,marine-life-gray-snapper,Lutjanus griseus,fishes,snappers,,Uniformly gray to olive body with a sloping forehead. May display darker bar through eye. Rounded anal fin.,,0.66,,,,,,,,CC BY 4.0,"""Lutjanus griseus"" by Ben Gruhot (CC BY 4.0). http://creativecommons.org/licenses/by/4.0/ GBIF occurrence 5938027899.",gbif,yes,
marine-life-dog-snapper,crl-788528,dog snapper,https://inaturalist-open-data.s3.amazonaws.com/photos/620667464/original.jpg,marine-life-dog-snapper,Lutjanus jocu,fishes,snappers,,Olive to bronze with a distinctive white triangle under eye. Often blue spots on gill cover. May show faint body bars.,,,,,,,,,,CC BY 4.0,"""Lutjanus jocu"" by Matteo Bellucci (CC BY 4.0). http://creativecommons.org/licenses/by/4.0/ GBIF occurrence 6179293765.",gbif,yes,
marine-life-mahogany-snapper,161,mahogany snapper (juvenile),https://inaturalist-open-data.s3.amazonaws.com/photos/628184483/original.jpg,marine-life-mahogany-snapper,Lutjanus mahogoni,fishes,snappers,Lutjanidae,Pale body with a single dark midbody spot. Stripe from snout to top of gill cover. Pelvic and anal fins are pale.,,0.48,0,100,Body shape: fusiform / normal,,,,,CC0 1.0,"""Lutjanus mahogoni"" by Kat Sullivan (CC0 1.0). http://creativecommons.org/publicdomain/zero/1.0/ GBIF occurrence 6184872112.",gbif,yes,
marine-life-lane-snapper,181,lane snapper,https://inaturalist-open-data.s3.amazonaws.com/photos/462574491/original.jpg,marine-life-lane-snapper,Lutjanus synagris,fishes,snappers,Lutjanidae,Silvery body with several yellow stripes. Often a single dark spot under soft dorsal fin (may lighten or disappear).,,0.71,10,400,Body shape: fusiform / normal,,,,,CC0 1.0,"""Lutjanus synagris"" by Brighton Lee (CC0 1.0). http://creativecommons.org/publicdomain/zero/1.0/ GBIF occurrence 5037180516.",gbif,yes,
marine-life-marbled-jelly,44762,marbled jelly,https://inaturalist-open-data.s3.amazonaws.com/photos/605992965/original.jpg,marine-life-marbled-jelly,Lychnorhiza lucerna,invertebrates,jellies,Lychnorhizidae,"Rounded bell, often with marbled black markings. Bulbous oral arms. Shorter clusters of white tentacles.",,0.15,,,,,,,,CC0 1.0,"""Lychnorhiza lucerna"" by Pedro T. Terres (CC0 1.0). http://creativecommons.org/publicdomain/zero/1.0/ GBIF occurrence 6130675799.",gbif,yes,
marine-life-honeycomb-worm,crl-187729,Honeycomb worm,https://inaturalist-open-data.s3.amazonaws.com/photos/527517807/original.jpg,marine-life-honeycomb-worm,Lygdamis wirtzi,invertebrates,worms,,Twin crowns of thin black spikes. Found in short tubes constructed of sand. Retracts quickly when approached.,,0.04,,,,,,,,CC BY 4.0,"""Lygdamis wirtzi"" by Ben Jobson (CC BY 4.0). http://creativecommons.org/licenses/by/4.0/ GBIF occurrence 5216539370.",gbif,yes,
marine-life-reef-mantis,crl-153944,Reef mantis,https://inaturalist-open-data.s3.amazonaws.com/photos/600134813/original.jpg,marine-life-reef-mantis,Lysiosquilla glabriuscula,invertebrates,shrimps,,"Brick red to mottled dark brown with distinctively dark, almost black, eyes. Darker red banding on claw arms.",,0.23,,,,,,,,CC BY 4.0,"""Lysiosquilla glabriuscula"" by Dan Schofield (CC BY 4.0). http://creativecommons.org/licenses/by/4.0/ GBIF occurrence 5935861915.",gbif,yes,
marine-life-scaly-tailed-mantis,27284,scaly-tailed mantis,https://inaturalist-open-data.s3.amazonaws.com/photos/522207662/original.jpg,marine-life-scaly-tailed-mantis,Lysiosquilla scabricauda,invertebrates,shrimps,Lysiosquillidae,The largest of the mantis shrimps. Golden antennal plates with dark speckles. Found in rounded burrows in the sand.,,0.3,,,,,,,,CC BY 4.0,"""Lysiosquilla scabricauda"" by Diogo Luiz (CC BY 4.0). http://creativecommons.org/licenses/by/4.0/ GBIF occurrence 5199210722.",gbif,yes,
marine-life-ankers-peppermint-shrimp,173780,Anker’s peppermint shrimp,,,Lysmata ankeri,invertebrates,shrimps,Lysmatidae,Pale reddish-orange with dark red stripes. Distinctive curved red line where abdomen slopes down to tail.,,0.045,,,,,,,,,,,,
marine-life-cleaner-shrimp,25857,scarlet-striped cleaner shrimp,https://inaturalist-open-data.s3.amazonaws.com/photos/304898080/original.jpeg,marine-life-cleaner-shrimp,Lysmata grabhami,invertebrates,shrimps,Lysmatidae,Yellow legs and body with two broad red stripes down the back. Long white antennae. Often found in pairs.,,0.05,6,91,,,,,,CC0 1.0,"""Lysmata grabhami"" by Justin Philbois (CC0 1.0). http://creativecommons.org/publicdomain/zero/1.0/ GBIF occurrence 4171487267.",gbif,yes,
marine-life-sponge-peppermint-shrimp,174079,sponge peppermint shrimp,https://inaturalist-open-data.s3.amazonaws.com/photos/495649539/original.jpg,marine-life-sponge-peppermint-shrimp,Lysmata pederseni,invertebrates,shrimps,Lysmatidae,Translucent body with thin red stripes. Two distinctively curved bands near abdomen. Commonly found in pairs.,,0.045,,,,,,,,CC BY 4.0,"""Lysmata pederseni"" by Dan Schofield (CC BY 4.0). http://creativecommons.org/licenses/by/4.0/ GBIF occurrence 5152995241.",gbif,yes,
marine-life-green-sea-urchin,49984,variegated urchin,https://inaturalist-open-data.s3.amazonaws.com/photos/617324975/original.jpg,marine-life-green-sea-urchin,Lytechinus variegatus,invertebrates,sea-urchins,Toxopneustidae,"Pale body with numerous white podia. Short red, purple or white spines in sparse rows, following the plate lines.",,0.13,0,50,,,,,,CC0 1.0,"""Lytechinus variegatus"" by JD Flores (CC0 1.0). http://creativecommons.org/publicdomain/zero/1.0/ GBIF occurrence 6163166117.",gbif,yes,
marine-life-lytechinus-williamsi,49987,jewel urchin,https://inaturalist-open-data.s3.amazonaws.com/photos/462000704/original.jpeg,marine-life-lytechinus-williamsi,Lytechinus williamsi,invertebrates,sea-urchins,Toxopneustidae,Pale body with red lines between each segment. Green spines. Short podia ending in clear or small purple balls.,,0.05,5,92,,,,,,CC BY 4.0,"""Lytechinus williamsi"" by Austen Novis (CC BY 4.0). http://creativecommons.org/licenses/by/4.0/ GBIF occurrence 5007172208.",gbif,yes,
marine-life-mahogany-goby,56503,Mahogany goby,https://collections.nmnh.si.edu/media/?i=10939748&h=1467,marine-life-mahogany-goby,Lythrypnus crocodilus,fishes,gobies,Gobiidae,Wide dark brown bars. Thin white lines in interspaces. Red dorsal and anal fins. Dark spot at pectoral base.,,0.015,1,18,Body shape: fusiform / normal,,,,,CC0 1.0,"""Leptophilypnus crocodilus RAD102401-001"" by Division of Fishes (CC0 1.0). http://creativecommons.org/publicdomain/zero/1.0/ GBIF occurrence 1321320643.",gbif,yes,
marine-life-dwarf-goby,16648,dwarf goby,,,Lythrypnus elasson,fishes,gobies,Gobiidae,Reddish to orange body with no bars. Rounded orange spots below eye. Males have long first dorsal spines.,,0.02,0,11,Body shape: Elongated,,,,,,,,,
marine-life-diphasic-goby,16646,diphasic goby,,marine-life-diphasic-goby,Lythrypnus heterochroma,fishes,gobies,Gobiidae,"Bright red to orange with prominent barred pattern, bars become stripes to rear. Dark zigzag bars over abdomen.",,0.025,,,Body shape: Elongated,,,,,© Mickey Charteris — permission required,"Caribbean Reef Life (Mickey Charteris, 4th ed.)",caribbean-reef-life,yes,
marine-life-pygmy-goby,57929,Pygmy goby,,marine-life-pygmy-goby,Lythrypnus minimus,fishes,gobies,Gobiidae,Uniform reddish to orange with faint bars alternating with thin rows of white spots. Internal white band at midbody.,,0.015,,,Body shape: fusiform / normal,,,,,© Mickey Charteris — permission required,"Caribbean Reef Life (Mickey Charteris, 4th ed.)",caribbean-reef-life,yes,
marine-life-bluegold-goby,3888,Bluegold goby,https://inaturalist-open-data.s3.amazonaws.com/photos/415045623/original.jpg,marine-life-bluegold-goby,Lythrypnus spilus,fishes,gobies,Gobiidae,Prominent wide orange bars. Blue-gray interspaces with midline thin white lines. Two orange bars below eye.,,0.025,,,Body shape: fusiform / normal,,,,,CC BY 4.0,"""Lythrypnus spilus"" by Pauline Walsh Jacobson (CC BY 4.0). http://creativecommons.org/licenses/by/4.0/ GBIF occurrence 4921534660.",gbif,yes,
marine-life-bifid-decorator-crab,27032,Bifid decorator crab,,,Macrocoeloma diplacanthum,invertebrates,crabs,Majidae,Two non-parallel horns on rostrum. Postero-lateral spine has two lobes (compare to pointed on M. trispinosum).,,0.05,1,24,,,,,,,,,,
marine-life-nodipes-decorator-crab,162033,nodipes decorator crab,,marine-life-nodipes-decorator-crab,Macrocoeloma nodipes,invertebrates,crabs,Majidae,"Postero-lateral spine broad, continuous with body. Short horns on rostrum (compare to long on M. trispinosum).",,0.02,,,,,,,,© Mickey Charteris — permission required,"Caribbean Reef Life (Mickey Charteris, 4th ed.)",caribbean-reef-life,yes,
marine-life-spongy-decorator-crab,27028,spongy decorator crab,https://inaturalist-open-data.s3.amazonaws.com/photos/19603933/original.jpg,marine-life-spongy-decorator-crab,Macrocoeloma trispinosum,invertebrates,crabs,Majidae,Two adjacent horns on rostrum. Postero-lateral spine is sharply pointed. Usually found encrusted with sponges.,,0.05,0,82,,,,,,CC0 1.0,"""Macrocoeloma trispinosum"" by Jade Fortnash (CC0 1.0). http://creativecommons.org/publicdomain/zero/1.0/ GBIF occurrence 1948731140.",gbif,yes,
marine-life-measled-cowrie,2195,measled cowrie,https://inaturalist-open-data.s3.amazonaws.com/photos/475584534/original.jpg,marine-life-measled-cowrie,Macrocypraea zebra,invertebrates,snails,Cypraeidae,"Oval shell has white spots with brown centers (banded in juveniles). Mantle color variable, gray to brown or black.",,0.1,0,140,,,,,,CC0 1.0,"""Macrocypraea zebra"" by Zircon (CC0 1.0). http://creativecommons.org/publicdomain/zero/1.0/ GBIF occurrence 5935834058.",gbif,yes,
marine-life-white-stinger,44213,white stinger,https://inaturalist-open-data.s3.amazonaws.com/photos/470044047/original.jpg,marine-life-white-stinger,Macrorhynchia philippina,invertebrates,hydroids,Aglaopheniidae,Rigid stalk with only a few branches. Distinctively bright white polyps run in pairs down both stalk and branches.,,0.1,0,91,,,,,,CC0 1.0,"""Macrorhynchia philippina"" by Jean-Paul Boerekamps (CC0 1.0). http://creativecommons.org/publicdomain/zero/1.0/ GBIF occurrence 5069887759.",gbif,yes,
marine-life-milk-conch,2798,Milk Conch,https://inaturalist-open-data.s3.amazonaws.com/photos/603979213/original.jpg,marine-life-milk-conch,Macrostrombus costatus,invertebrates,conchs,Strombidae,Thick-walled pale shell with a creamy color inside. Body whorl with large rounded spikes. On sand and seagrass.,,0.15,2,55,,,,,,CC BY 4.0,"""Macrostrombus costatus"" by nbasargin (CC BY 4.0). http://creativecommons.org/licenses/by/4.0/ GBIF occurrence 6130006067.",gbif,yes,
marine-life-atlantic-longarm-octopus,58209,atlantic longarm octopus,https://inaturalist-open-data.s3.amazonaws.com/photos/608254353/original.jpg,marine-life-atlantic-longarm-octopus,Macrotritopus defilippi,invertebrates,octopuses,Octopodidae,Distinctively long narrow arms. Gray to light brown with widely spaced white spots. Usually found in sandy areas.,,0.35,5,200,,,,,,CC BY 4.0,"""Macrotritopus defilippi"" by Ben Jobson (CC BY 4.0). http://creativecommons.org/licenses/by/4.0/ GBIF occurrence 6129858951.",gbif,yes,
marine-life-yellow-pencil-coral,131367,Yellow pencil coral,https://inaturalist-open-data.s3.amazonaws.com/photos/628554634/original.jpg,marine-life-yellow-pencil-coral,Madracis auretenra,corals,branching-corals,Pocilloporidae,,,,,,,,,,,CC0 1.0,"""Madracis auretenra"" by nickjeff13 (CC0 1.0). http://creativecommons.org/publicdomain/zero/1.0/ GBIF occurrence 6185970714.",gbif,yes,
marine-life-ten-ray-star-coral,46135,Ten-ray star coral,https://inaturalist-open-data.s3.amazonaws.com/photos/468805177/original.jpg,marine-life-ten-ray-star-coral,Madracis decactis,corals,star-corals,Pocilloporidae,"Zooxanthellate (Refs. 116012, 121684). Found in low light conditions (Ref. 1663). On rocky reef , shallow to mesophotic waters (Ref. 121684).",,,0,98,,,,,,CC0 1.0,"""Madracis decactis"" by Jean-Paul Boerekamps (CC0 1.0). http://creativecommons.org/publicdomain/zero/1.0/ GBIF occurrence 5063987130.",gbif,yes,
marine-life-star-coral,46143,Star coral,https://inaturalist-open-data.s3.amazonaws.com/photos/533415912/original.jpg,marine-life-star-coral,Madracis pharensis,corals,star-corals,Pocilloporidae,"Found in deep water (Ref. 847) but can be found in shallow waters (Ref. 122680), particularly in infra- and circalittoral zones (Ref. 85338).",,,,,,,,,,CC BY 4.0,"""Madracis pharensis"" by Ben Jobson (CC BY 4.0). http://creativecommons.org/licenses/by/4.0/ GBIF occurrence 5230205012.",gbif,yes,
marine-life-zooxanthellate-coral-species,46146,Zooxanthellate coral species,,,Madracis senaria,corals,star-corals,Pocilloporidae,Found in lower reef slopes protected from wave action (Ref. 847).,,,,,,,,,,,,,,
marine-life-channel-clinging-crab,crl-988012,channel clinging crab,https://inaturalist-open-data.s3.amazonaws.com/photos/661804085/original.jpg,marine-life-channel-clinging-crab,Maguimithrax spinosissimus,invertebrates,crabs,,"Only the male has very large claws, often longer than width of carapace. Brick-red above, white on abdomen.",,0.18,,,,,,,,CC0 1.0,"""Maguimithrax spinosissimus"" by Daniel Estabrooks (CC0 1.0). http://creativecommons.org/publicdomain/zero/1.0/ GBIF occurrence 6320518314.",gbif,yes,
marine-life-sand-tilefish-juvenile,3541,Sand tilefish (juvenile),https://inaturalist-open-data.s3.amazonaws.com/photos/642672994/original.jpg,marine-life-sand-tilefish-juvenile,Malacanthus plumieri,fishes,silvery-fishes,Malacanthidae,"Yellow stripe from eye, broadening towards tail. Large black spot on tail base. Hovers close to a small burrow.",,0.7,10,153,Body shape: elongated,,,,,CC0 1.0,"""Malacanthus plumieri"" by Paulo Mascaretti (CC0 1.0). http://creativecommons.org/publicdomain/zero/1.0/ GBIF occurrence 6235156566.",gbif,yes,
marine-life-goldline-blenny,3736,goldline blenny,https://inaturalist-open-data.s3.amazonaws.com/photos/643301608/original.jpg,marine-life-goldline-blenny,Malacoctenus aurolineatus,fishes,blennies,Labrisomidae,"Three prominent dark anterior bars, often fusing to form a smudgy H shape. Lower head usually strongly barred.",,0.08,0,5,Body shape: fusiform / normal,,,,,CC BY 4.0,"""Malacoctenus aurolineatus"" by Cricket Raspet (CC BY 4.0). http://creativecommons.org/licenses/by/4.0/ GBIF occurrence 6234711318.",gbif,yes,
marine-life-diamond-blenny,16476,diamond blenny,https://inaturalist-open-data.s3.amazonaws.com/photos/502296106/original.jpg,marine-life-diamond-blenny,Malacoctenus boehlkei,fishes,blennies,Labrisomidae,Yellow head with pointed snout. Ocellated blue spot on first dorsal fin. Usually found near Giant Anemones (p. 116).,,0.07,5,70,Body shape: fusiform / normal,,,,,CC BY 4.0,"""Malacoctenus boehlkei"" by Pauline Walsh Jacobson (CC BY 4.0). http://creativecommons.org/licenses/by/4.0/ GBIF occurrence 5154613822.",gbif,yes,
marine-life-imitator-blenny,16478,Imitator blenny,https://inaturalist-open-data.s3.amazonaws.com/photos/300001734/original.jpeg,marine-life-imitator-blenny,Malacoctenus erdmani,fishes,blennies,Labrisomidae,"Heavily speckled greenish-gray body. Distinctive dark-rimmed, green to bluish square spot on upper rear body.",,0.04,,,Body shape: elongated,,,,,CC BY 4.0,"""Malacoctenus erdmani"" by Dan Schofield (CC BY 4.0). http://creativecommons.org/licenses/by/4.0/ GBIF occurrence 4413589716.",gbif,yes,
marine-life-dusky-blenny,16559,Dusky blenny,https://inaturalist-open-data.s3.amazonaws.com/photos/609013640/original.jpg,marine-life-dusky-blenny,Malacoctenus gilli,fishes,blennies,Labrisomidae,"Faint bars and heavy dark/light speckling. Distinctive ocellated blue spot on upper rear body, onto dorsal fin.",,0.08,1,5,Body shape: Elongated,,,,,CC BY 4.0,"""Malacoctenus gilli"" by Jan Ebr & Ivana Ebrová (CC BY 4.0). http://creativecommons.org/licenses/by/4.0/ GBIF occurrence 6130119479.",gbif,yes,
marine-life-rosy-blenny,3737,rosy blenny (female),https://inaturalist-open-data.s3.amazonaws.com/photos/609511153/original.jpg,marine-life-rosy-blenny,Malacoctenus macropus,fishes,blennies,Labrisomidae,"Color varies, with dark upper body and pale lower body, with indistinct blotches and heavy dark/light speckling.",,0.055,0,8,Body shape: fusiform / normal,,,,,CC BY 4.0,"""Malacoctenus macropus"" by Jan Ebr & Ivana Ebrová (CC BY 4.0). http://creativecommons.org/licenses/by/4.0/ GBIF occurrence 6129854355.",gbif,yes,
marine-life-saddled-blenny,3738,saddled blenny (variation),https://inaturalist-open-data.s3.amazonaws.com/photos/614888593/original.jpg,marine-life-saddled-blenny,Malacoctenus triangulatus,fishes,blennies,Labrisomidae,"Saddled Blennies are highly variable in color, from tan to yellowish to red-spotted. The saddles may be indistinct.",,0.075,0,40,Body shape: fusiform / normal,,,,,CC BY 4.0,"""Malacoctenus triangulatus"" by Matteo Bellucci (CC BY 4.0). http://creativecommons.org/licenses/by/4.0/ GBIF occurrence 6159174411.",gbif,yes,
marine-life-variegated-scale-worm,100234,Variegated Scale Worm,https://reefguide.org/pix/malmgreniellavariegata2.jpg,marine-life-variegated-scale-worm,Malmgreniella variegata,invertebrates,worms,Polynoidae,White to pale brown scales with thin black margins. Dark crescents on inner half of each overlapping scale.,,,5,8,,,,,,All Rights Reserved,"Photo © Florent Charpin, reefguide.org — Variegated Scale Worm (Malmgreniella variegata) — Bonaire",reefguide,yes,
marine-life-rose-coral,46771,Rose coral,https://inaturalist-open-data.s3.amazonaws.com/photos/598322117/original.jpg,marine-life-rose-coral,Manicina areolata,corals,cactus-corals,Faviidae,Maximum depth from Ref. 83917. Zooxanthellate (Ref. 116012). Small and free-living colonies in subtidal seagrass beds; attached and hemispherical in shallow reef environments (Ref. 848). Also common in sand and coral rubble (Ref. 415),,,0,65,,,,,,CC0 1.0,"""Manicina areolata"" by krystynanedza (CC0 1.0). http://creativecommons.org/publicdomain/zero/1.0/ GBIF occurrence 5920258611.",gbif,yes,
marine-life-peacock-alga,crl-848628,peacock alga,,,Martensia pavonia,plants,red-algae,,Flattened blades of purplish or red to pink alga with a distinctive network of holes and frills on the outer edges.,,0.05,,,,,,,,,,,,
marine-life-maze-coral,45900,Maze coral,https://inaturalist-open-data.s3.amazonaws.com/photos/469374020/original.jpg,marine-life-maze-coral,Meandrina meandrites,corals,cactus-corals,Meandrinidae,Maximum depth from Ref. 116012. Zooxanthellate (Ref. 116012).,,,0,75,,,,,,CC0 1.0,"""Meandrina meandrites"" by Jean-Paul Boerekamps (CC0 1.0). http://creativecommons.org/publicdomain/zero/1.0/ GBIF occurrence 5064112594.",gbif,yes,
marine-life-tarpon,crl-770341,tarpon,https://reefguide.org/pix/tarpon4.jpg,marine-life-tarpon,Megalops atlanticus,fishes,silvery-fishes,Megalopidae,Silvery body with distinctively large scales and a large upturned mouth. Dark grayish fins. Mostly nocturnal.,,2.5,0,40,Huge silver scales; upturned mouth; often at night or wrecks,,,,,All Rights Reserved,"Photo © Florent Charpin, reefguide.org — tarpon (Megalops atlanticus) — Grand Cayman",reefguide,yes,
marine-life-sharp-eulima,141106,Sharp Eulima,https://inaturalist-open-data.s3.amazonaws.com/photos/636004963/original.jpg,marine-life-sharp-eulima,Melanella hypsela,invertebrates,snails,Eulimidae,Long sharply pointed white shell with reddish highlights. Dark eyespots. Parasitic on sea cucumbers (p. 152).,,0.013,15,525,,,,,,CC BY 4.0,"""Melanella hypsela"" by tunicatedreamz (CC BY 4.0). http://creativecommons.org/licenses/by/4.0/ GBIF occurrence 6195937174.",gbif,yes,
marine-life-black-triggerfish,966,black durgon,https://inaturalist-open-data.s3.amazonaws.com/photos/621056389/original.jpg,marine-life-black-triggerfish,Melichthys niger,fishes,triggerfishes,Balistidae,Dark blue to black with pale blue-white lines along base of dorsal and anal fins. Blue lines radiate above eye.,,0.5,0,75,Body shape: short and / or deep,,,,,CC0 1.0,"""Melichthys niger"" by Thompson Hyggen (CC0 1.0). http://creativecommons.org/publicdomain/zero/1.0/ GBIF occurrence 6178551543.",gbif,yes,
marine-life-west-indian-crown-conch,83556,Caribbean Crown conch,https://inaturalist-open-data.s3.amazonaws.com/photos/470997096/original.jpg,marine-life-west-indian-crown-conch,Melongena melongena,invertebrates,conchs,Melongenidae,Orange-brown shell with small pointed spire. Final whorl with row of short spikes. Dark stripe on brown tentacles.,,0.15,0,44,,,,,,CC0 1.0,"""Melongena melongena"" by Scott Loarie (CC0 1.0). http://creativecommons.org/publicdomain/zero/1.0/ GBIF occurrence 5070075500.",gbif,yes,
marine-life-red-heart-urchin,50018,red heart urchin,https://inaturalist-open-data.s3.amazonaws.com/photos/129008765/original.jpg,marine-life-red-heart-urchin,Meoma ventricosa,invertebrates,sea-urchins,Brissidae,"Rounded dome-shaped body, flattened on the bottom. Short brown spines. Buries into sand during the day.",,0.15,2,200,,,,,,CC0 1.0,"""Meoma ventricosa"" by Jean-Paul Boerekamps (CC0 1.0). http://creativecommons.org/publicdomain/zero/1.0/ GBIF occurrence 6163236222.",gbif,yes,
marine-life-palp-worm,crl-438043,palp worm,https://inaturalist-open-data.s3.amazonaws.com/photos/471196255/original.jpg,marine-life-palp-worm,Mesochaetopterus stinapa,invertebrates,worms,,"Palp worms bury into sand, extending two tentacles to feed. This species is recognized by its colored bands.",,0.1,,,,,,,,CC BY 4.0,"""Mesochaetopterus stinapa"" by Jay Brasher (CC BY 4.0). http://creativecommons.org/licenses/by/4.0/ GBIF occurrence 5076896882.",gbif,yes,
marine-life-velvet-shrimp,25356,velvet shrimp,https://inaturalist-open-data.s3.amazonaws.com/photos/129010404/original.jpg,marine-life-velvet-shrimp,Metapenaeopsis goodei,invertebrates,shrimps,Penaeidae,Translucent body with pale red markings and long thin antennae. Buries quickly into sand when disturbed.,,0.07,0,329,,,,,,CC0 1.0,"""Metapenaeopsis goodei"" by Jean-Paul Boerekamps (CC0 1.0). http://creativecommons.org/publicdomain/zero/1.0/ GBIF occurrence 4162109352.",gbif,yes,
marine-life-green-net-alga,111753,green net alga,,,Microdictyon umbilicatum,plants,green-algae,Anadyomenaceae,A fine network of thin tubular threads that interconnect. Pale to dark green. Can cover large areas of the reef.,,0.9,,,,,,,,,,,,
marine-life-banded-pipefish,3288,banded pipefish,https://inaturalist-open-data.s3.amazonaws.com/photos/594240256/original.jpg,marine-life-banded-pipefish,Micrognathus crinitus,fishes,pipefishes,Syngnathidae,Short snout. Pale irregular body bars and sometimes a thin brown central line running the length of the body.,,0.15,1,21,Body shape: eel-like,,,,,CC0 1.0,"""Micrognathus crinitus"" by Justin Philbois (CC0 1.0). http://creativecommons.org/publicdomain/zero/1.0/ GBIF occurrence 5903922724.",gbif,yes,
marine-life-clown-goby,crl-357113,clown goby,https://inaturalist-open-data.s3.amazonaws.com/photos/712805055/original.jpg,marine-life-clown-goby,Microgobius gulosus,fishes,gobies,,Two rows of irregular brown blotches. White lines under eye. White bar behind pectoral. Florida/Gulf of Mexico.,,0.08,,,,,,,,CC BY 4.0,"""Microgobius gulosus"" by anoleinwoods (CC BY 4.0). http://creativecommons.org/licenses/by/4.0/ GBIF occurrence 6480896094.",gbif,yes,
marine-life-banner-goby,3892,Banner goby,,marine-life-banner-goby,Microgobius microlepis,fishes,gobies,Gobiidae,Bluish-gray body. Iridescent blue stripes below eye. Builds burrows in silty bottoms. Florida/W Caribbean.,,0.05,0,36,Body shape: elongated,,,,,© Mickey Charteris — permission required,"Caribbean Reef Life (Mickey Charteris, 4th ed.)",caribbean-reef-life,yes,
marine-life-miniature-melo,7012,Miniature Melo,https://inaturalist-open-data.s3.amazonaws.com/photos/347497248/original.jpeg,marine-life-miniature-melo,Micromelo undatus,invertebrates,nudibranchs,Aplustridae,White shell with reddish-brown wavy lines. Pale mantle with large white spots and greenish-yellow margins.,,0.03,0,5,,,,,,CC0 1.0,"""Micromelo undatus"" by Federico Biguzzi (CC0 1.0). http://creativecommons.org/publicdomain/zero/1.0/ GBIF occurrence 4516747219.",gbif,yes,
marine-life-tawny-conch-shrimp,20696,Tawny conch shrimp,,marine-life-tawny-conch-shrimp,Microprosthema manningi,invertebrates,shrimps,Spongicolidae,Translucent body with small spines and large claws. Found in shallow coral debris and dead conch shells.,,0.02,1,3,,,,,,© Mickey Charteris — permission required,"Caribbean Reef Life (Mickey Charteris, 4th ed.)",caribbean-reef-life,yes,
marine-life-crimson-coral-shrimp,26016,crimson coral Shrimp,https://inaturalist-open-data.s3.amazonaws.com/photos/306178929/original.jpg,marine-life-crimson-coral-shrimp,Microprosthema semilaeve,invertebrates,shrimps,Spongicolidae,Bright red body curving upwards near the tail. Large red claws with pale tips. Found in areas of sand and rubble.,,0.025,1,4,,,,,,CC BY 4.0,"""Microprosthema semilaeve"" by Pauline Walsh Jacobson (CC BY 4.0). http://creativecommons.org/licenses/by/4.0/ GBIF occurrence 4596743243.",gbif,yes,
marine-life-yellowtail-damselfish,1122,yellowtail damselfish (juvenile),https://inaturalist-open-data.s3.amazonaws.com/photos/604925792/original.jpg,marine-life-yellowtail-damselfish,Microspathodon chrysurus,fishes,damselfishes,Pomacentridae,Dark blue with iridescent blue spots over entire body and head. Bright blue borders on fins. Translucent tail.,,0.21,0,120,Body shape: short and / or deep,,,,,CC BY 4.0,"""Microspathodon chrysurus"" by Jess Mullins (CC BY 4.0). http://creativecommons.org/licenses/by/4.0/ GBIF occurrence 5938051329.",gbif,yes,
marine-life-fire-coral,42962,Fire coral,https://inaturalist-open-data.s3.amazonaws.com/photos/626564551/original.jpg,marine-life-fire-coral,Millepora alcicornis,corals,branching-corals,Milleporidae,"Maximum depth from Ref. 116013. Zooxanthellate (Ref. 121684). In reefs and seagrass beds and occasionally on mangrove roots. Very common in shallow protected areas in Bocas del Torro where there can be solid beds of this species (Ref. 415). Colonial (Ref. 19). Known from tidal inlets, sheltered areas of bays, including mangrove shores, exposed areas of bays, including any ledges at their entrance, sounds, shallow reefs and shallow coastal benthic habitats (< 25 m) (Ref. 86643).",,,0,55,,,,,,CC0 1.0,"""Millepora alcicornis"" by Bonnie Isaac (CC0 1.0). http://creativecommons.org/publicdomain/zero/1.0/ GBIF occurrence 6185729549.",gbif,yes,
marine-life-bladed-fire-coral,44337,Bladed fire coral,https://inaturalist-open-data.s3.amazonaws.com/photos/581513280/original.jpg,marine-life-bladed-fire-coral,Millepora complanata,corals,branching-corals,Milleporidae,In shallow reef habitats with surge or more flow that <i>A. alcicornis</i> habitats (Ref. 415). Colonial (Ref. 19). Known from mangroves (Ref. 86642).,,,0,45,,,,,,CC0 1.0,"""Millepora complanata"" by Justin Philbois (CC0 1.0). http://creativecommons.org/publicdomain/zero/1.0/ GBIF occurrence 5867933370.",gbif,yes,
marine-life-banded-clinging-crab,27090,banded clinging crab,https://inaturalist-open-data.s3.amazonaws.com/photos/594242660/original.jpg,marine-life-banded-clinging-crab,Mithraculus cinctimanus,invertebrates,crabs,Majidae,Carapace and legs are hairy. Smooth red-banded claws. Most commonly found under larger anemones (p. 116).,,0.02,0,4,,,,,,CC0 1.0,"""Mithraculus cinctimanus"" by Justin Philbois (CC0 1.0). http://creativecommons.org/publicdomain/zero/1.0/ GBIF occurrence 5903948018.",gbif,yes,
marine-life-nodose-clinging-crab,27091,nodose clinging crab,https://inaturalist-open-data.s3.amazonaws.com/photos/644606160/original.jpg,marine-life-nodose-clinging-crab,Mithraculus coryphe,invertebrates,crabs,Majidae,Deep grooves and knobs on a mottled green to reddish carapace. Three blunt spines to the rear. Banded legs.,,0.025,0,60,,,,,,CC BY 4.0,"""Mithraculus coryphe"" by Cricket Raspet (CC BY 4.0). http://creativecommons.org/licenses/by/4.0/ GBIF occurrence 6321085948.",gbif,yes,
marine-life-red-ridged-clinging-crab,27092,red-ridged clinging crab,https://inaturalist-open-data.s3.amazonaws.com/photos/615471500/original.jpg,marine-life-red-ridged-clinging-crab,Mithraculus forceps,invertebrates,crabs,Majidae,Carapace with long grooved indentations. Two sharp spines found just inside the claw arms. Smooth claws.,,0.025,0,90,,,,,,CC BY 4.0,"""Mithraculus forceps"" by Dan Schofield (CC BY 4.0). http://creativecommons.org/licenses/by/4.0/ GBIF occurrence 6159481369.",gbif,yes,
marine-life-green-clinging-crab,27093,green clinging crab,https://inaturalist-open-data.s3.amazonaws.com/photos/688686127/original.jpg,marine-life-green-clinging-crab,Mithraculus sculptus,invertebrates,crabs,Majidae,Knobby green carapace with green legs and claws. Red spot inside joints of claw arms. Claws tipped with white.,,0.02,0,55,,,,,,CC BY 4.0,"""Mithraculus sculptus"" by Alex Doyle (CC BY 4.0). http://creativecommons.org/licenses/by/4.0/ GBIF occurrence 6423018664.",gbif,yes,
marine-life-coral-clinging-crab,27041,coral clinging crab,https://inaturalist-open-data.s3.amazonaws.com/photos/664495644/original.jpg,marine-life-coral-clinging-crab,Mithrax hispidus,invertebrates,crabs,Majidae,Wide red carapace and bristled legs. Numerous conical white spines on claw arms. Blunt spines around eyes.,,0.15,0,65,,,,,,CC0 1.0,"""Mithrax hispidus"" by Daniel Estabrooks (CC0 1.0). http://creativecommons.org/publicdomain/zero/1.0/ GBIF occurrence 6334012687.",gbif,yes,
marine-life-white-spot-dovesnail,5244,White-spotted dove snail,https://inaturalist-open-data.s3.amazonaws.com/photos/633289715/original.jpg,marine-life-white-spot-dovesnail,Mitrella ocellata,invertebrates,snails,Columbellidae,Glossy elongated brown shell with a long spire. Round to oblong pale spots. Brown proboscis with white blotches.,,0.02,0,15,,,,,,CC0 1.0,"""Mitrella ocellata"" by Tomas Pocius (CC0 1.0). http://creativecommons.org/publicdomain/zero/1.0/ GBIF occurrence 6188115181.",gbif,yes,
marine-life-chilean-devil-ray,13194,Chilean Devil ray,https://inaturalist-open-data.s3.amazonaws.com/photos/538623067/original.jpg,marine-life-chilean-devil-ray,Mobula tarapacana,fishes,rays,Mobulidae,"Olive-brown on top. White below, becoming gray at rear edges. Mouth on underside (compare: M. aff. birostris).",,3.28,0,1896,Body shape: other,,,,,CC BY 4.0,"""Mobula tarapacana"" by Vsevolod Rudyi (CC BY 4.0). http://creativecommons.org/licenses/by/4.0/ GBIF occurrence 5230903686.",gbif,yes,
marine-life-fringed-filefish,4280,fringed filefish,https://inaturalist-open-data.s3.amazonaws.com/photos/28997653/original.jpeg,marine-life-fringed-filefish,Monacanthus ciliatus,fishes,filefishes,Monacanthidae,"Large dewlap on abdomen. Pronounced hump behind dorsal spine. Color varies, usually a white patch on side.",,0.13,1,50,Body shape: short and / or deep,,,,,CC0 1.0,"""Monacanthus ciliatus"" by Allan Harris (CC0 1.0). http://creativecommons.org/publicdomain/zero/1.0/ GBIF occurrence 3067782486.",gbif,yes,
marine-life-slender-filefish,4283,slender filefish,https://inaturalist-open-data.s3.amazonaws.com/photos/587623451/original.jpg,marine-life-slender-filefish,Monacanthus tuckeri,fishes,filefishes,Monacanthidae,Sharply elongated snout. White reticulated body pattern. Can change colors quickly to match surrounding corals.,,0.09,2,50,Body shape: short and / or deep,,,,,CC0 1.0,"""Monacanthus tuckeri"" by Justin Philbois (CC0 1.0). http://creativecommons.org/publicdomain/zero/1.0/ GBIF occurrence 5889561587.",gbif,yes,
marine-life-sponge-84489,84489,red encrusting sponge,https://inaturalist-open-data.s3.amazonaws.com/photos/469740178/original.jpg,marine-life-sponge-84489,Monanchora arbuscula,sponges,encrusting-sponges,Crambeidae,Thin-walled encrusting sponge in shades of pink to red. Large excurrent openings with dark red radiating veins.,,0.25,2,58,,,,,,CC0 1.0,"""Monanchora arbuscula"" by Jean-Paul Boerekamps (CC0 1.0). http://creativecommons.org/publicdomain/zero/1.0/ GBIF occurrence 5069919868.",gbif,yes,
marine-life-goldmouth-triton,166187,goldmouth Triton,https://inaturalist-open-data.s3.amazonaws.com/photos/347721949/original.jpg,marine-life-goldmouth-triton,Monoplex nicobaricus,invertebrates,snails,Ranellidae,Thick-walled shell with irregular knobby surface and rusty brown patches and dark lines. Heavily spotted mantle.,,0.09,0,130,,,,,,CC0 1.0,"""Monoplex nicobaricus"" by Zoltán Stekkelpak (CC0 1.0). http://creativecommons.org/publicdomain/zero/1.0/ GBIF occurrence 4516195172.",gbif,yes,
marine-life-hairy-triton,166188,hairy Triton,https://inaturalist-open-data.s3.amazonaws.com/photos/470631613/original.jpg,marine-life-hairy-triton,Monoplex pilearis,invertebrates,snails,Ranellidae,Yellowish with brown spiral ribs and a large body whorl. Spotted mantle. Juveniles covered in hairy protrusions.,,0.14,25,360,,,,,,CC0 1.0,"""Monoplex pilearis"" by Stari Plativky (CC0 1.0). http://creativecommons.org/publicdomain/zero/1.0/ GBIF occurrence 5133696290.",gbif,yes,
marine-life-dwarf-hairy-triton,4894,dwarf hairy Triton,https://inaturalist-open-data.s3.amazonaws.com/photos/342789625/original.jpg,marine-life-dwarf-hairy-triton,Monoplex vespaceus,invertebrates,snails,Ranellidae,Orange to yellow shell with a sharply pointed spire. Elongated aperture with a distinctively toothed lip.,,0.05,4,10,,,,,,CC0 1.0,"""Monoplex vespaceus"" by Stari Plativky (CC0 1.0). http://creativecommons.org/publicdomain/zero/1.0/ GBIF occurrence 5133368235.",gbif,yes,
marine-life-great-star-coral,46774,Great star coral,https://inaturalist-open-data.s3.amazonaws.com/photos/468789931/original.jpg,marine-life-great-star-coral,Montastraea cavernosa,corals,star-corals,Faviidae,"Zooxanthellate (Refs. 116012, 121684). Found on rocky reef, in shallow to mesophotic waters (Ref. 121684). Common throughout the Caribbean to a depth of 70 m (Ref. 415). In Belize, it was found in a submarine cave near Columbus Cay at a depth of 10 m (Ref. 87209).",,,1,113,,,,,,CC0 1.0,"""Montastraea cavernosa"" by Jean-Paul Boerekamps (CC0 1.0). http://creativecommons.org/publicdomain/zero/1.0/ GBIF occurrence 5063926965.",gbif,yes,
marine-life-hairy-sponge-crab,crl-543249,hairy sponge crab,,,Moreiradromia antillensis,invertebrates,crabs,,Small dense bristles cover entire carapace and walking legs (last pair are longest for holding sponge in place).,,0.06,,,,,,,,,,,,
marine-life-murca-glass-slug-variation,150430,Murca Glass Slug (variation),https://inaturalist-open-data.s3.amazonaws.com/photos/272192496/original.jpg,marine-life-murca-glass-slug-variation,Mourgona murca,invertebrates,sea-slugs,Hermaeidae,"If the animal has not been feeding, the cerata’s digestive tracts are empty and it appears pale or even transparent.",,0.011,,,,,,,,CC BY 4.0,"""Mourgona murca"" by Dan Schofield (CC BY 4.0). http://creativecommons.org/licenses/by/4.0/ GBIF occurrence 4138162570.",gbif,yes,
marine-life-yellow-goatfish,1092,yellow goatfish,https://inaturalist-open-data.s3.amazonaws.com/photos/609032850/original.jpg,marine-life-yellow-goatfish,Mulloidichthys martinicus,fishes,toadfishes,Mullidae,Distinctive yellow stripe from eye to tail base. Deeply forked yellow tail. Two thin fleshy barbels under chin.,,0.4,0,49,Body shape: fusiform / normal,,,,,CC BY 4.0,"""Mulloidichthys martinicus"" by Jan Ebr & Ivana Ebrová (CC BY 4.0). http://creativecommons.org/licenses/by/4.0/ GBIF occurrence 6129839168.",gbif,yes,
marine-life-angular-squat-lobster,26534,Angular squat lobster,,,Munida angulata,invertebrates,shrimps,Munididae,Pink to dark red and may have a pale stripe. Claw arms sometimes banded with yellow. Distinctively long claws.,,0.012,38,166,,,,,,,,,,
marine-life-common-squat-lobster,26536,common squat lobster,,,Munida pusilla,invertebrates,shrimps,Munididae,"Pink to dark red, often with a broad white stripe. White- banded legs and claw arms. Distinctively short claws.",,0.012,18,159,,,,,,,,,,
marine-life-orange-spiny-sea-rod,44047,Orange spiny sea rod,,,Muricea elongata,corals,octocorals,Plexauridae,,,,3,33,,,,,,,,,,
marine-life-delicate-spiny-sea-rod,44048,Delicate spiny sea rod,,marine-life-delicate-spiny-sea-rod,Muricea laxa,corals,octocorals,Plexauridae,"Found on bay and nearshore, and outer continental shelf (Ref. 109199).",,,18,128,,,,,,© Mickey Charteris — permission required,"Caribbean Reef Life (Mickey Charteris, 4th ed.)",caribbean-reef-life,yes,
marine-life-spiny-sea-fan,44051,Spiny sea fan,,marine-life-spiny-sea-fan,Muricea muricata,corals,octocorals,Plexauridae,,,,1,4,,,,,,© Mickey Charteris — permission required,"Caribbean Reef Life (Mickey Charteris, 4th ed.)",caribbean-reef-life,yes,
marine-life-longspine-sea-fan,44050,Longspine sea fan,,,Muricea pinnata,corals,octocorals,Plexauridae,,,,16,27,,,,,,,,,,
marine-life-rough-sea-plume,44059,Rough sea plume,https://inaturalist-open-data.s3.amazonaws.com/photos/127700366/original.jpg,marine-life-rough-sea-plume,Muriceopsis flavida,corals,octocorals,Plexauridae,,,,3,15,,,,,,CC0 1.0,"""Muriceopsis flavida"" by Jean-Paul Boerekamps (CC0 1.0). http://creativecommons.org/publicdomain/zero/1.0/ GBIF occurrence 3113298122.",gbif,yes,
marine-life-large-flower-coral,45784,Large flower coral,https://inaturalist-open-data.s3.amazonaws.com/photos/128425632/original.jpg,marine-life-large-flower-coral,Mussa angulosa,corals,cactus-corals,Faviidae,Maximum depth from Ref. 116012. Zooxanthellate (Ref. 116012). Occurs in most reef environments (Ref. 848). Also in submarine caves (Ref. 87209).,,,0,55,,,,,,CC0 1.0,"""Mussa angulosa"" by Jean-Paul Boerekamps (CC0 1.0). http://creativecommons.org/publicdomain/zero/1.0/ GBIF occurrence 3113542662.",gbif,yes,
marine-life-orange-icing-sponge,84493,Orange icing sponge,https://inaturalist-open-data.s3.amazonaws.com/photos/468802615/original.jpg,marine-life-orange-icing-sponge,Mycale laevis,sponges,encrusting-sponges,Mycalidae,"It is an epibiotic species found on hard substrates (Ref. 108813). In reefs, encrusting the undersides of corals. Occasionally in mangroves where it can grow to record size (Ref. 415). Lines the edges of plate-like or overhanging stony coral colonies (Ref. 85482).",,0.1,5,20,,,,,,CC0 1.0,"""Mycale laevis"" by Jean-Paul Boerekamps (CC0 1.0). http://creativecommons.org/publicdomain/zero/1.0/ GBIF occurrence 5063929211.",gbif,yes,
marine-life-strawberry-vase-sponge,84494,Strawberry vase sponge,https://inaturalist-open-data.s3.amazonaws.com/photos/470833698/original.jpg,marine-life-strawberry-vase-sponge,Mycale laxissima,sponges,vase-sponges,Mycalidae,"Reefs, mangrove peat banks, occasionally on roots (Ref. 415). Association: with two algae <i>Ostreobiium constrictum</i> Lucas a Chlorophyta, <i>Acrochetum spongicolum</i> Webervan Bosse, Rhodophyta) (Ref. 415), and an amphipod <i>Leucothoe ubouhu</i> living within the sponging fibers of <i>M. laxissima</i> was found among Belizean specimens (Ref. 82302).",,0.5,2,61,,,,,,CC0 1.0,"""Mycale laxissima"" by Jean-Paul Boerekamps (CC0 1.0). http://creativecommons.org/publicdomain/zero/1.0/ GBIF occurrence 5076894560.",gbif,yes,
marine-life-knobby-cactus-coral,45789,Knobby cactus coral,https://inaturalist-open-data.s3.amazonaws.com/photos/685669555/original.jpg,marine-life-knobby-cactus-coral,Mycetophyllia aliciae,corals,cactus-corals,Faviidae,Maximum depth from Ref. 116012. Zooxanthellate (Ref. 116012). Occurs in most reef environments (Ref. 848).,,,0,73,,,,,,CC BY 4.0,"""Mycetophyllia aliciae"" by Alex Doyle (CC BY 4.0). http://creativecommons.org/licenses/by/4.0/ GBIF occurrence 6422566060.",gbif,yes,
marine-life-rough-cactus-coral,45791,Rough cactus coral,https://inaturalist-open-data.s3.amazonaws.com/photos/348164615/original.jpg,marine-life-rough-cactus-coral,Mycetophyllia ferox,corals,cactus-corals,Faviidae,Zooxanthellate (Ref. 116012). Occurs in shallow reef environments (Ref. 848).,,,0,40,,,,,,CC BY 4.0,"""Mycetophyllia ferox"" by Jay Brasher (CC BY 4.0). http://creativecommons.org/licenses/by/4.0/ GBIF occurrence 4516724321.",gbif,yes,
marine-life-ridged-cactus-coral,45792,Ridged cactus coral,https://inaturalist-open-data.s3.amazonaws.com/photos/341862221/original.jpg,marine-life-ridged-cactus-coral,Mycetophyllia lamarckiana,corals,cactus-corals,Faviidae,Maximum depth from Ref. 116012. Zooxanthellate (Ref. 116012). Occurs in most reef environments (Ref. 848).,,,0,58,,,,,,CC BY 4.0,"""Mycetophyllia lamarckiana"" by Jay Brasher (CC BY 4.0). http://creativecommons.org/licenses/by/4.0/ GBIF occurrence 4506446748.",gbif,yes,
marine-life-black-grouper,1209,black grouper,https://inaturalist-open-data.s3.amazonaws.com/photos/617073090/original.jpg,marine-life-black-grouper,Mycteroperca bonaci,fishes,groupers,Epinephelidae,Grayish-brown to black body with darker rectangular patches. Thin pale margins on pectoral fin and tail.,,1.5,60,250,Body shape: fusiform / normal,,,,,CC BY 4.0,"""Mycteroperca bonaci"" by datadan (CC BY 4.0). http://creativecommons.org/licenses/by/4.0/ GBIF occurrence 6163333726.",gbif,yes,
marine-life-yellowmouth-grouper-juvenile,1211,Yellowmouth grouper (juvenile),https://inaturalist-open-data.s3.amazonaws.com/photos/613895933/original.jpg,marine-life-yellowmouth-grouper-juvenile,Mycteroperca interstitialis,fishes,groupers,Epinephelidae,Sharply defined dark brown upper body and white lower body. White stripe from chin to bright yellow dorsal fin.,,0.84,2,150,Body shape: fusiform / normal,,,,,CC BY 4.0,"""Mycteroperca interstitialis"" by Dan Schofield (CC BY 4.0). http://creativecommons.org/licenses/by/4.0/ GBIF occurrence 6147212393.",gbif,yes,
marine-life-scamp,1213,Scamp,https://inaturalist-open-data.s3.amazonaws.com/photos/716221897/original.jpg,marine-life-scamp,Mycteroperca phenax,fishes,groupers,Epinephelidae,Light brown body with rectangular brown spots (paw prints) arranged in stripes. Dusky tail with pale margin.,,1.07,30,100,Body shape: fusiform / normal,,,,,CC BY 4.0,"""Mycteroperca phenax"" by Dani Alba (CC BY 4.0). http://creativecommons.org/licenses/by/4.0/ GBIF occurrence 6498237680.",gbif,yes,
marine-life-tiger-grouper,1215,Tiger grouper (juvenile),https://inaturalist-open-data.s3.amazonaws.com/photos/617701244/original.jpg,marine-life-tiger-grouper,Mycteroperca tigris,fishes,groupers,Epinephelidae,"Bright yellow body with an irregular dark brown stripe running from lower lip, through eye to near tail base.",,1.01,10,40,Body shape: fusiform / normal,,,,,CC BY 4.0,"""Mycteroperca tigris"" by Dan Schofield (CC BY 4.0). http://creativecommons.org/licenses/by/4.0/ GBIF occurrence 6163418567.",gbif,yes,
marine-life-yellowfin-grouper,1216,yellowfin grouper,https://inaturalist-open-data.s3.amazonaws.com/photos/182177480/original.jpg,marine-life-yellowfin-grouper,Mycteroperca venenosa,fishes,groupers,Epinephelidae,"Pale lines outline irregular dark blotches on upper body, wavy lines on flank. Broad yellow margin on pectoral fin.",,1,2,137,Body shape: fusiform / normal,,,,,CC0 1.0,"""Mycteroperca venenosa"" by Jean-Paul Boerekamps (CC0 1.0). http://creativecommons.org/publicdomain/zero/1.0/ GBIF occurrence 3712510094.",gbif,yes,
marine-life-sharptail-eel,2649,sharptail eel,https://inaturalist-open-data.s3.amazonaws.com/photos/520695408/original.jpg,marine-life-sharptail-eel,Myrichthys breviceps,fishes,eels,Ophichthidae,"Large white spots on brown to greenish body. Small yellow spots on head, circled in white. Protruding nostrils.",,1.02,0,9,Body shape: eel-like,,,,,CC0 1.0,"""Myrichthys breviceps"" by Chris Spain (CC0 1.0). http://creativecommons.org/publicdomain/zero/1.0/ GBIF occurrence 5198350282.",gbif,yes,
marine-life-goldspotted-eel,2651,goldspotted eel,https://inaturalist-open-data.s3.amazonaws.com/photos/476362463/original.jpeg,marine-life-goldspotted-eel,Myrichthys ocellatus,fishes,eels,Ophichthidae,"Tan body with bright yellow spots inside diffuse black blotches, smaller towards snout. Protruding nostrils.",,1.1,,15,Body shape: eel-like,,,,,CC0 1.0,"""Myrichthys ocellatus"" by Tiago Lubiana (CC0 1.0). http://creativecommons.org/publicdomain/zero/1.0/ GBIF occurrence 5087964287.",gbif,yes,
marine-life-blackbar-soldierfish,1063,Blackbar soldierfish,https://inaturalist-open-data.s3.amazonaws.com/photos/684343332/original.jpg,marine-life-blackbar-soldierfish,Myripristis jacobus,fishes,squirrelfishes,Holocentridae,Distinctive black bar at edge of gill cover to pectoral base. Thin white margins on all fins except the pectoral.,,0.25,0,210,Body shape: fusiform / normal,,,,,CC0 1.0,"""Myripristis jacobus"" by Chris Spain (CC0 1.0). http://creativecommons.org/publicdomain/zero/1.0/ GBIF occurrence 6413695344.",gbif,yes,
marine-life-convoluted-orange-sponge,130747,Convoluted orange sponge,https://inaturalist-open-data.s3.amazonaws.com/photos/610675477/original.jpg,marine-life-convoluted-orange-sponge,Myrmekioderma gyroderma,sponges,ball-sponges,Heteroxyidae,"Maximum depth reported taken from Ref. 128739. Inhabits coralline algae reefs, algal nodules, and lower mesophotic reefs (Ref. 128739).",,,20,72,,,,,,CC BY 4.0,"""Myrmekioderma gyroderma"" by Dan Schofield (CC BY 4.0). http://creativecommons.org/licenses/by/4.0/ GBIF occurrence 6131637170.",gbif,yes,
marine-life-speckled-worm-eel,2652,Speckled worm eel,https://inaturalist-open-data.s3.amazonaws.com/photos/17214583/original.jpg,marine-life-speckled-worm-eel,Myrophis punctatus,fishes,eels,Ophichthidae,"Uniformly pale tan, speckled with small brown spots on upper head and body. Found in shallows and seagrass.",,0.35,0,100,Body shape: eel-like,,,,,CC0 1.0,"""Myrophis punctatus"" by Stunsal (CC0 1.0). http://creativecommons.org/publicdomain/zero/1.0/ GBIF occurrence 4973784407.",gbif,yes,
marine-life-black-aglaja,crl-302287,Black Aglaja,https://inaturalist-open-data.s3.amazonaws.com/photos/653873245/original.jpg,marine-life-black-aglaja,Nakamigawaia felis,invertebrates,nudibranchs,,"Jet-black body with two small lobes on the tail, one slightly longer than the other. May show thin white lines.",,0.01,,,,,,,,CC BY 4.0,"""Nakamigawaia felis"" by Dan Schofield (CC BY 4.0). http://creativecommons.org/licenses/by/4.0/ GBIF occurrence 6273268753.",gbif,yes,
marine-life-nanuca-sebastiani,150446,Orange-spotted Nanuca,https://inaturalist-open-data.s3.amazonaws.com/photos/279042823/original.jpg,marine-life-nanuca-sebastiani,Nanuca sebastiani,invertebrates,nudibranchs,Facelinidae,Green to translucent body with white patches and orange spots. White stripes on separated clusters of cerata.,,0.012,0,3,,,,,,CC BY 4.0,"""Nanuca sebastiani"" by Dan Schofield (CC BY 4.0). http://creativecommons.org/licenses/by/4.0/ GBIF occurrence 4116196480.",gbif,yes,
marine-life-atlantic-yellow-cowrie,412,Atlantic Yellow cowrie,https://inaturalist-open-data.s3.amazonaws.com/photos/655144385/original.jpg,marine-life-atlantic-yellow-cowrie,Naria acicularis,invertebrates,snails,Cypraeidae,Yellow shell with pale blotches. Reddish mantle with numerous highly branched projections. Found on rubble.,,0.04,0,780,,,,,,CC BY 4.0,"""Naria acicularis"" by Cricket Raspet (CC BY 4.0). http://creativecommons.org/licenses/by/4.0/ GBIF occurrence 6273744997.",gbif,yes,
marine-life-nassarius-paucicostatus,141202,Ribbed Mudsnail,,,Nassarius paucicostatus,invertebrates,snails,Nassariidae,Rounded white shell with a blunt spire and well spaced ribs. Mantle and proboscis are pale with white blotches.,,0.012,0,1,,,,,,,,,,
marine-life-colorful-moonsnail,4251,colorful moon snail,https://inaturalist-open-data.s3.amazonaws.com/photos/476074621/original.jpeg,marine-life-colorful-moonsnail,Naticarius canrena,invertebrates,snails,Naticidae,Rounded shell with thin brown bands. White mantle with reddish-brown markings: lines in front and spots at the rear.,,0.07,0,101,,,,,,CC BY 4.0,"""Naticarius canrena"" by Dan Schofield (CC BY 4.0). http://creativecommons.org/licenses/by/4.0/ GBIF occurrence 5087773120.",gbif,yes,
marine-life-crown-jelly,45014,crown jelly,https://collections.nmnh.si.edu/media/?i=14221117&h=2000,marine-life-crown-jelly,Nausithoe maculata,invertebrates,jellies,Nausithoidae,"Small translucent dome with eight thin tentacles, half the width of the dome, with round yellow bulbs at each base.",,0.015,,,,,,,,CC0 1.0,"""USNM 1447969 - Specimen Image 2"" by Karen Osborn (CC0 1.0). http://creativecommons.org/publicdomain/zero/1.0/ GBIF occurrence 1675836261.",gbif,yes,
marine-life-jeweled-aglaja,crl-292209,jeweled aglaja,https://inaturalist-open-data.s3.amazonaws.com/photos/631046646/original.jpg,marine-life-jeweled-aglaja,Navanax gemmatus,invertebrates,nudibranchs,,Light brown to reddish body with white blotches or faint lines. Distinct lobes on head. Blue spots on parapodia.,,0.05,,,,,,,,CC BY 4.0,"""Navanax gemmatus"" by Matteo Bellucci (CC BY 4.0). http://creativecommons.org/licenses/by/4.0/ GBIF occurrence 6188516361.",gbif,yes,
marine-life-lemon-shark,897,Lemon shark,https://inaturalist-open-data.s3.amazonaws.com/photos/477086882/original.jpeg,marine-life-lemon-shark,Negaprion brevirostris,fishes,sharks,Carcharhinidae,Yellowish to brown or gray with pale abdomen. Blunt rounded snout. Second dorsal fin almost as large as first.,,3.4,0,92,Body shape: fusiform / normal,,,,,CC0 1.0,"""Negaprion brevirostris"" by bitsandbugs (CC0 1.0). http://creativecommons.org/publicdomain/zero/1.0/ GBIF occurrence 5088198194.",gbif,yes,
marine-life-black-and-white-crinoid,50202,black and white crinoid,https://inaturalist-open-data.s3.amazonaws.com/photos/461449570/original.jpeg,marine-life-black-and-white-crinoid,Nemaster grandis,invertebrates,crinoids,Comatulidae,"Forty long black arms. Numerous short black side branches, each tipped in white. Short curved legs.",,0.25,,,,,,,,CC BY 4.0,"""Nemaster grandis"" by Josh Noseworthy (CC BY 4.0). http://creativecommons.org/licenses/by/4.0/ GBIF occurrence 6133335760.",gbif,yes,
marine-life-touch-me-not-sponge,51582,Touch-me-not sponge,https://inaturalist-open-data.s3.amazonaws.com/photos/610667129/original.jpg,marine-life-touch-me-not-sponge,Neofibularia nolitangere,sponges,barrel-sponges,Desmacellidae,"Maximum depth reported taken from Ref. 128739. On reef environments, usually under 5 m deep (Ref. 415). Also found in mangroves (Ref. 86836). Dwells in coral reefs or rock pavements in shallow depths. Possibly associated with polychaete worms (Ref. 128739).",,0.8,2,70,,,,,,CC BY 4.0,"""Neofibularia nolitangere"" by Dan Schofield (CC BY 4.0). http://creativecommons.org/licenses/by/4.0/ GBIF occurrence 6130339486.",gbif,yes,
marine-life-mantis-shrimp-93001,93001,dark mantis,https://inaturalist-open-data.s3.amazonaws.com/photos/462625281/original.jpg,marine-life-mantis-shrimp-93001,Neogonodactylus curacaoensis,invertebrates,shrimps,Gonodactylidae,Brown to greenish body with pale spots. Greenish-blue edges on abdominal plates. Colorful club-shaped claws.,,0.05,1,38,,,,,,CC BY 4.0,"""Neogonodactylus curacaoensis"" by Dan Schofield (CC BY 4.0). http://creativecommons.org/licenses/by/4.0/ GBIF occurrence 5037183724.",gbif,yes,
marine-life-fuzzy-tip-alga,127707,fuzzy tip alga,https://inaturalist-open-data.s3.amazonaws.com/photos/342866312/original.jpg,marine-life-fuzzy-tip-alga,Neomeris annulata,plants,green-algae,Dasycladaceae,"Short cylindrical white stalks with green tips. Grows in dense clusters, fused at the base. Tips appear fuzzy.",,0.04,0,30,,,,,,CC BY 4.0,"""Neomeris annulata"" by cello caruso-turiello (CC BY 4.0). http://creativecommons.org/licenses/by/4.0/ GBIF occurrence 4507913568.",gbif,yes,
marine-life-mucus-tip-alga,117873,mucus tip alga,,marine-life-mucus-tip-alga,Neomeris mucosa,plants,green-algae,Dasycladaceae,"Green calcified stalks with darker tips. Grows in clusters, but not fused. Usually only found in very shallow water.",,0.04,22,22,,,,,,© Mickey Charteris — permission required,"Caribbean Reef Life (Mickey Charteris, 4th ed.)",caribbean-reef-life,yes,
marine-life-reef-squirrelfish,crl-597575,reef squirrelfish,https://inaturalist-open-data.s3.amazonaws.com/photos/711625462/original.jpg,marine-life-reef-squirrelfish,Neoniphon coruscum,fishes,squirrelfishes,,Red body with thin white stripes. Dorsal fin red with white tips. Large black blotch across first three dorsal spines.,,0.14,,,,,,,,CC BY 4.0,"""Neoniphon coruscum"" by Matteo Bellucci (CC BY 4.0). http://creativecommons.org/licenses/by/4.0/ GBIF occurrence 6479748474.",gbif,yes,
marine-life-longjaw-squirrelfish,3249,longjaw squirrelfish,https://inaturalist-open-data.s3.amazonaws.com/photos/638389112/original.jpg,marine-life-longjaw-squirrelfish,Neoniphon marianus,fishes,squirrelfishes,Holocentridae,Golden stripes on reddish body. White-tipped spines on first dorsal fin. Distinctively long white anal fin. Red tail.,,0.22,1,70,Body shape: fusiform / normal,,,,,CC BY 4.0,"""Neoniphon marianus"" by Matteo Bellucci (CC BY 4.0). http://creativecommons.org/licenses/by/4.0/ GBIF occurrence 6234600810.",gbif,yes,
marine-life-dusky-squirrelfish,3251,dusky squirrelfish,https://inaturalist-open-data.s3.amazonaws.com/photos/612498613/original.jpg,marine-life-dusky-squirrelfish,Neoniphon vexillarium,fishes,squirrelfishes,Holocentridae,Brownish-red with wide silvery stripes and thinner dark stripes. White leading edge on pelvic and anal fins.,,0.17,0,20,Body shape: fusiform / normal,,,,,CC0 1.0,"""Neoniphon vexillarium"" by steve b (CC0 1.0). http://creativecommons.org/publicdomain/zero/1.0/ GBIF occurrence 6133598842.",gbif,yes,
marine-life-sponge-84481,84481,brown encrusting sponge,https://inaturalist-open-data.s3.amazonaws.com/photos/612790379/original.jpg,marine-life-sponge-84481,Neopetrosia proxima,sponges,encrusting-sponges,Petrosiidae,Smooth-walled lumpy reddish-brown to tan encrusting sponge. Scattered excurrent openings with paler rims.,,0.3,53,60,,,,,,CC BY 4.0,"""Neopetrosia proxima"" by Matteo Bellucci (CC BY 4.0). http://creativecommons.org/licenses/by/4.0/ GBIF occurrence 6147300948.",gbif,yes,
marine-life-sea-plume-shrimp,24507,sea plume shrimp,,,Neopontonides chacei,invertebrates,shrimps,Palaemonidae,"Transparent smooth rounded body, generally taking on color of the host gorgonian. White eyes on short stalks.",,,,,,,,,,,,,,
marine-life-orangespotted-goby,3894,Orangespotted goby,https://inaturalist-open-data.s3.amazonaws.com/photos/612059598/original.jpg,marine-life-orangespotted-goby,Nes longus,fishes,gobies,Gobiidae,"Pairs of dark blotches down side, often joining to form an H shape. Dark bands on tail. Elongated first dorsal spine.",,0.1,,,Body shape: fusiform / normal,,,,,CC BY 4.0,"""Nes longus"" by Matteo Bellucci (CC BY 4.0). http://creativecommons.org/licenses/by/4.0/ GBIF occurrence 6133134654.",gbif,yes,
marine-life-orange-deep-water-fan,44457,Orange deep water fan,,,Nicella goreaui,corals,octocorals,Ellisellidae,,,,,,,,,,,,,,,
marine-life-pink-vase-sponge,51535,Pink vase sponge,https://inaturalist-open-data.s3.amazonaws.com/photos/468792421/original.jpg,marine-life-pink-vase-sponge,Niphates digitalis,sponges,vase-sponges,Niphatidae,"On coral reefs and hard bottoms (Ref. 85482), and in mangroves (Ref. 86836). Commensal with amphipods (Ref. 86735). In Belize, it was found in a submarine cave near Columbus Cay at a depth of 10 m (Ref. 87209).",,,0,18,,,,,,CC0 1.0,"""Niphates digitalis"" by Jean-Paul Boerekamps (CC0 1.0). http://creativecommons.org/publicdomain/zero/1.0/ GBIF occurrence 5063934928.",gbif,yes,
marine-life-lavender-rope-sponge,51534,Lavender rope sponge,https://inaturalist-open-data.s3.amazonaws.com/photos/469373543/original.jpg,marine-life-lavender-rope-sponge,Niphates erecta,sponges,rope-sponges,Niphatidae,"At Bocas, common both in the reef and in the mangroves (Ref. 415). Commensal with amphipods (Ref. 82302, 86735). Inhabits coralline algae reef, algal nodules, and lower mesophotic reefs (Ref. 128739).",,0.02,0,100,,,,,,CC0 1.0,"""Niphates erecta"" by Jean-Paul Boerekamps (CC0 1.0). http://creativecommons.org/publicdomain/zero/1.0/ GBIF occurrence 5064033555.",gbif,yes,
marine-life-glossy-dovesnail,4623,Glossy dove snail,https://inaturalist-open-data.s3.amazonaws.com/photos/665038224/original.jpg,marine-life-glossy-dovesnail,Nitidella nitida,invertebrates,snails,Columbellidae,Elongated brown shell with large white patches and smaller white spots. Longer aperture lip than M. ocellata.,,0.02,0,2,,,,,,CC BY 4.0,"""Nitidella nitida"" by Jacob Weston (CC BY 4.0). http://creativecommons.org/licenses/by/4.0/ GBIF occurrence 6334974581.",gbif,yes,
marine-life-gastropod-8451,8451,Pinball seahare,,marine-life-gastropod-8451,Notarchus punctatus,invertebrates,nudibranchs,Notarchidae,Globular yellowish to translucent gray body covered with short unbranched papillae. Internal organs are visible.,,0.035,60,73,,,,,,© Mickey Charteris — permission required,"Caribbean Reef Life (Mickey Charteris, 4th ed.)",caribbean-reef-life,yes,
marine-life-brown-fanworm,crl-954467,brown fanworm,https://inaturalist-open-data.s3.amazonaws.com/photos/160718697/original.jpg,marine-life-brown-fanworm,Notaulax nudicollis,invertebrates,worms,,Alternating brown and white bands on a circular crown of radioles. The tube below is usually hidden in the reef.,,0.03,,,,,,,,CC BY 4.0,"""Notaulax nudicollis"" by Pauline Walsh Jacobson (CC BY 4.0). http://creativecommons.org/licenses/by/4.0/ GBIF occurrence 5176798327.",gbif,yes,
marine-life-yellow-fanworm,100757,yellow fanworm,https://inaturalist-open-data.s3.amazonaws.com/photos/609013753/original.jpg,marine-life-yellow-fanworm,Notaulax occidentalis,invertebrates,worms,Sabellidae,Circular yellow crown of dense radioles with numerous thin dark bands. The tube is usually hidden in the reef.,,0.03,7,9,,,,,,CC BY 4.0,"""Notaulax occidentalis"" by Jan Ebr & Ivana Ebrová (CC BY 4.0). http://creativecommons.org/licenses/by/4.0/ GBIF occurrence 6147557641.",gbif,yes,
marine-life-rusty-flatworm,crl-700112,rusty flatworm,https://inaturalist-open-data.s3.amazonaws.com/photos/234546371/original.jpg,marine-life-rusty-flatworm,Notocomplana ferruginea,invertebrates,flatworms,,"Translucent white body with visible internal organs on medial line. Black eyespots, set well back from margin.",,0.04,,,,,,,,CC BY 4.0,"""Notocomplana ferruginea"" by Thomas Irvine (CC BY 4.0). http://creativecommons.org/licenses/by/4.0/ GBIF occurrence 3923508461.",gbif,yes,
marine-life-noumeaella-kristenseni,148325,Frosty Mordilla,https://inaturalist-open-data.s3.amazonaws.com/photos/622673191/original.jpg,marine-life-noumeaella-kristenseni,Noumeaella kristenseni,invertebrates,nudibranchs,Facelinidae,"Translucent white with a network of thin white lines. Similar markings on oral tentacles, head and long cerata.",,0.015,0,4,,,,,,CC BY 4.0,"""Noumeaella kristenseni"" by Cricket Raspet (CC BY 4.0). http://creativecommons.org/licenses/by/4.0/ GBIF occurrence 6178458391.",gbif,yes,
marine-life-sponge-84480,84480,Sponge,https://images.marinespecies.org/148189_oceanapia-peltata-at-bocas-del-toro-panama-caribbean.jpg,marine-life-sponge-84480,Oceanapia peltata,sponges,rope-sponges,Phloeodictyidae,"In Bocas del Torro, Panama the species is on seagrass beds; 1 to 3 m deep. The species reported from 50 to 100 deep (Ref. 415). Small and cryptic, partly buried in sediment (Ref. 086786).",,0.04,1,100,,,,,,CC BY NC SA 4.0,"Photo via WoRMS Photogallery — Sponge (Oceanapia peltata); author WoRMS contributor; AphiaID 166984, pic 148189",worms,yes,
marine-life-purple-bush-alga,129678,purple bush alga,,marine-life-purple-bush-alga,Ochtodes secundiramea,plants,red-algae,Rhizophyllidaceae,Dense clusters of fleshy-textured deep purple branches. Branchlets slightly flattened and tapered at the tips.,,0.1,0,15,,,,,,© Mickey Charteris — permission required,"Caribbean Reef Life (Mickey Charteris, 4th ed.)",caribbean-reef-life,yes,
marine-life-common-octopus,crl-124166,common octopus,https://inaturalist-open-data.s3.amazonaws.com/photos/497080164/original.jpg,marine-life-common-octopus,Octopus americanus,invertebrates,octopuses,,Uniformly dark under arms (compare: O. insularis). Color and patterns variable. Eye is dark when startled (above).,,0.9,,,,,,,,CC BY 4.0,"""Octopus americanus"" by Diogo Luiz (CC BY 4.0). http://creativecommons.org/licenses/by/4.0/ GBIF occurrence 5153131539.",gbif,yes,
marine-life-caribbean-reef-octopus,58194,Caribbean reef octopus,https://inaturalist-open-data.s3.amazonaws.com/photos/610276466/original.jpg,marine-life-caribbean-reef-octopus,Octopus briareus,invertebrates,octopuses,Octopodidae,Green to bluish body mottled with brown; may change color rapidly. Distinctive dark brown ring around the eye.,,0.5,0,20,,,,,,CC0 1.0,"""Octopus briareus"" by Lauren Bosch (CC0 1.0). http://creativecommons.org/publicdomain/zero/1.0/ GBIF occurrence 6481017759.",gbif,yes,
marine-life-caribbean-reef-squid,57414,Caribbean reef squid,https://inaturalist-open-data.s3.amazonaws.com/photos/608003304/original.jpg,marine-life-caribbean-reef-squid,Sepioteuthis sepioidea,invertebrates,squids,Loliginidae,The most common squid. Thin unbroken fin runs along the entire length of the body. Color is highly changeable.,,0.3,0,20,,,,,,CC BY 4.0,"""Sepioteuthis sepioidea"" by Jan Ebr & Ivana Ebrová (CC BY 4.0). http://creativecommons.org/licenses/by/4.0/ GBIF occurrence 6130421005.",gbif,yes,
marine-life-caribbean-twospot-octopus,crl-281848,Caribbean twospot octopus,https://inaturalist-open-data.s3.amazonaws.com/photos/627240602/original.jpg,marine-life-caribbean-twospot-octopus,Octopus hummelincki,invertebrates,octopuses,,Two distinctive dark blue ocellated spots near the eyes. These will disappear when the octopus is camouflaged.,,0.25,,,,,,,,CC BY 4.0,"""Octopus hummelincki"" by Matteo Bellucci (CC BY 4.0). http://creativecommons.org/licenses/by/4.0/ GBIF occurrence 6185618655.",gbif,yes,
marine-life-brazil-reef-octopus,2381250,Brazilian Reef octopus,https://inaturalist-open-data.s3.amazonaws.com/photos/609013537/original.jpg,marine-life-brazil-reef-octopus,Octopus insularis,invertebrates,octopuses,Octopodidae,Distinctive red reticulated markings under arms. When startled the eye is white with a dark bar through the iris.,,0.9,0,45,,,,,,CC BY 4.0,"""Octopus insularis"" by Jan Ebr & Ivana Ebrová (CC BY 4.0). http://creativecommons.org/licenses/by/4.0/ GBIF occurrence 6130216141.",gbif,yes,
marine-life-diffuse-ivory-bush-coral,45919,Diffuse ivory bush coral,https://inaturalist-open-data.s3.amazonaws.com/photos/432558845/original.jpeg,marine-life-diffuse-ivory-bush-coral,Oculina diffusa,corals,branching-corals,Oculinidae,Zooxanthellate (Ref. 116012). Found in shallow environments (Ref. 847).,,0.005,0,40,,,,,,CC BY 4.0,"""Oculina diffusa"" by Reanne (""Bean"") Dunn (CC BY 4.0). http://creativecommons.org/licenses/by/4.0/ GBIF occurrence 5932686356.",gbif,yes,
marine-life-crystal-comb-jelly,60753,crystal comb jelly,,,Ocyropsis crystallina,invertebrates,jellies,Ocyropsidae,Short flattened body with widely spaced lobes and visible musculature. Comb rows run perpendicular to the gut.,,0.09,0,15,,,,,,,,,,
marine-life-spotwing-comb-jelly,60754,spotwing comb jelly,https://inaturalist-open-data.s3.amazonaws.com/photos/127038668/original.jpg,marine-life-spotwing-comb-jelly,Ocyropsis maculata,invertebrates,jellies,Ocyropsidae,Transparent to milky-white translucent body. Most often with four brown to black spots on the rounded oral lobes.,,0.1,,,,,,,,CC0 1.0,"""Ocyropsis maculata"" by Jean-Paul Boerekamps (CC0 1.0). http://creativecommons.org/publicdomain/zero/1.0/ GBIF occurrence 3112456989.",gbif,yes,
marine-life-yellowtail-snapper,188,yellowtail snapper,https://inaturalist-open-data.s3.amazonaws.com/photos/609594776/original.jpg,marine-life-yellowtail-snapper,Ocyurus chrysurus,fishes,snappers,Lutjanidae,"Bright yellow line from snout, through eye to a widely forked yellow tail. Large pale yellow spots on upper body.",,0.86,0,180,Body shape: fusiform / normal,,,,,CC BY 4.0,"""Ocyurus chrysurus"" by Matthew Gerke (CC BY 4.0). http://creativecommons.org/licenses/by/4.0/ GBIF occurrence 6130072155.",gbif,yes,
marine-life-havana-mantis,crl-985834,havana mantis,https://inaturalist-open-data.s3.amazonaws.com/photos/653873249/original.jpg,marine-life-havana-mantis,Odontodactylus havanensis,invertebrates,shrimps,,Pale body with green and red highlights. Club-shaped claws. Green and red antennal scales with a black spot.,,0.07,,,,,,,,CC BY 4.0,"""Odontodactylus havanensis"" by Dan Schofield (CC BY 4.0). http://creativecommons.org/licenses/by/4.0/ GBIF occurrence 6273172574.",gbif,yes,
marine-life-reef-croaker,1185,reef croaker,https://inaturalist-open-data.s3.amazonaws.com/photos/417391991/original.png,marine-life-reef-croaker,Odontoscion dentex,fishes,silvery-fishes,Sciaenidae,Gray to coppery body with dark spot at pectoral base. Large reddish eye. Closely related to the drums (p. 348).,,0.3,1,30,Body shape: fusiform / normal,,,,,CC0 1.0,"""Odontoscion dentex"" by Edwin Wilke (CC0 1.0). http://creativecommons.org/publicdomain/zero/1.0/ GBIF occurrence 4923714233.",gbif,yes,
marine-life-polka-dot-batfish,27085,polkadot batfish,https://inaturalist-open-data.s3.amazonaws.com/photos/260442119/original.jpg,marine-life-polka-dot-batfish,Ogcocephalus cubifrons,fishes,batfishes,Ogcocephalidae,Pale brown with yellowish-orange patches behind eye. Dark spots on pale pectorals. Florida/Gulf of Mexico.,,0.38,0,70,Body shape: short and / or deep,,,,,CC0 1.0,"""Ogcocephalus cubifrons"" by Jana Miller (CC0 1.0). http://creativecommons.org/publicdomain/zero/1.0/ GBIF occurrence 4063022156.",gbif,yes,
marine-life-shortnose-batfish,3092,shortnose batfish,https://inaturalist-open-data.s3.amazonaws.com/photos/637201999/original.jpg,marine-life-shortnose-batfish,Ogcocephalus nasutus,fishes,batfishes,Ogcocephalidae,Dark brown to grayish body. Prominent rostrum (horn) above reddish lips. Pectoral fins may have darker edges.,,0.38,0,305,Body shape: short and / or deep,,,,,CC BY 4.0,"""Ogcocephalus nasutus"" by Maude (CC BY 4.0). http://creativecommons.org/licenses/by/4.0/ GBIF occurrence 6251496617.",gbif,yes,
marine-life-roughback-batfish,3093,roughback batfish,,marine-life-roughback-batfish,Ogcocephalus parvus,fishes,batfishes,Ogcocephalidae,Raised head with short rostrum. Conical spines on back. Small mouth with reddish lips. Color is highly variable.,,0.1,29,126,Body shape: short and / or deep,,,,,© Mickey Charteris — permission required,"Caribbean Reef Life (Mickey Charteris, 4th ed.)",caribbean-reef-life,yes,
marine-life-whispy-okeania-alga,crl-139545,whispy Okeania alga,,marine-life-whispy-okeania-alga,Okeania lorea,plants,red-algae,,Dense mat of long filamentous coppery-brown threads. Attaches to the substrate or hard corals and gorgonians.,,0.1,,,,,,,,© Mickey Charteris — permission required,"Caribbean Reef Life (Mickey Charteris, 4th ed.)",caribbean-reef-life,yes,
marine-life-tufted-okeania-alga,crl-143927,Tufted Okeania alga,,marine-life-tufted-okeania-alga,Okeania plumata,plants,red-algae,,"Tangled mass of filamentous threads, pinkish inside and brown outside. Often grows on and around coral heads.",,0.15,,,,,,,,© Mickey Charteris — permission required,"Caribbean Reef Life (Mickey Charteris, 4th ed.)",caribbean-reef-life,yes,
marine-life-leatherjacket,1001,leatherjack,https://inaturalist-open-data.s3.amazonaws.com/photos/380629632/original.jpeg,marine-life-leatherjacket,Oligoplites saurus,fishes,porgies,Carangidae,Elongated silvery body with a low concave forehead. Clear to dark yellow tail. Most often in sandy shallows.,,0.35,0,50,Body shape: fusiform / normal,,,,,CC0 1.0,"""Oligoplites saurus"" by Evelyn Lazzaretti 🏳️‍⚧️ (CC0 1.0). http://creativecommons.org/publicdomain/zero/1.0/ GBIF occurrence 4872580409.",gbif,yes,
marine-life-agua-viva-jelly,43874,agua viva jelly,https://inaturalist-open-data.s3.amazonaws.com/photos/192299585/original.jpeg,marine-life-agua-viva-jelly,Olindias sambaquiensis,invertebrates,jellies,Olindiidae,"Rounded bell, wider than it is tall. Purple radial canals. Short primary tentacles, long thin secondary tentacles.",,0.05,,,,,,,,CC0 1.0,"""Olindias sambaquiensis"" by Lucas Rodrigues (CC0 1.0). http://creativecommons.org/publicdomain/zero/1.0/ GBIF occurrence 6178928741.",gbif,yes,
marine-life-delicate-hydromedusa,43876,delicate hydromedusa,https://inaturalist-open-data.s3.amazonaws.com/photos/668894192/original.jpg,marine-life-delicate-hydromedusa,Olindias tenuis,invertebrates,jellies,Olindiidae,Clear bell with four radial canals. Thick primary tentacles surrounded by numerous thinner marginal tentacles.,,0.05,3,8,,,,,,CC0 1.0,"""Olindias tenuis"" by Daniel Estabrooks (CC0 1.0). http://creativecommons.org/publicdomain/zero/1.0/ GBIF occurrence 6352494767.",gbif,yes,
marine-life-netted-olive,5548,netted olive,https://inaturalist-open-data.s3.amazonaws.com/photos/622559776/original.jpg,marine-life-netted-olive,Oliva sayana,invertebrates,snails,Olividae,Smooth creamy-white shell with a pointed spire. Dark brown wavy interconnecting lines surround the shell.,,0.05,0,130,,,,,,CC0 1.0,"""Oliva sayana"" by Anthony A Simmons (CC0 1.0). http://creativecommons.org/publicdomain/zero/1.0/ GBIF occurrence 6178628566.",gbif,yes,
marine-life-guildings-sea-star,48742,Guilding’s Sea star,https://reefguide.org/pix/cometstar2.jpg,marine-life-guildings-sea-star,Ophidiaster guildingi,invertebrates,sea-stars,Ophidiasteridae,"Five tubular arms, all of the same length. Each arm with a distinctively upturned red tip. Color is highly variable.",,0.1,0,329,,,,,,All Rights Reserved,"Photo © Florent Charpin, reefguide.org — Guilding’s Sea star (Ophidiaster guildingi) — St Thomas, USVI",reefguide,yes,
marine-life-antilles-brittle-star,140790,Antilles brittle star,,marine-life-antilles-brittle-star,Ophioblenna antillensis,invertebrates,brittle-stars,Ophiomyxidae,"Smooth tan to purplish dome, may have yellow spots. Spiny dark brown arms, spines are banded with yellow.",,0.13,,,,,,,,© Mickey Charteris — permission required,"Caribbean Reef Life (Mickey Charteris, 4th ed.)",caribbean-reef-life,yes,
marine-life-redlip-blenny,15330,redlip blenny,https://inaturalist-open-data.s3.amazonaws.com/photos/604927412/original.jpg,marine-life-redlip-blenny,Ophioblennius macclurei,fishes,blennies,Blenniidae,Blunt snout. Red lower lip and pectoral fin. Wide mouth with comb-like teeth. Perches on shallow coral heads.,,0.13,,,Body shape: fusiform / normal,,,,,CC BY 4.0,"""Ophioblennius macclurei"" by Jess Mullins (CC BY 4.0). http://creativecommons.org/licenses/by/4.0/ GBIF occurrence 5938044588.",gbif,yes,
marine-life-black-brittle-star,49017,blunt-spined brittle star,https://inaturalist-open-data.s3.amazonaws.com/photos/181673784/original.jpg,marine-life-black-brittle-star,Ophiocoma echinata,invertebrates,brittle-stars,Ophiocomidae,"Smooth central disc in solid gray or black. Arms have prominent blunt spines, becoming shorter near arm tips.",,0.15,0,24,,,,,,CC BY 4.0,"""Ophiocoma echinata"" by Pauline Walsh Jacobson (CC BY 4.0). http://creativecommons.org/licenses/by/4.0/ GBIF occurrence 3759167870.",gbif,yes,
marine-life-bandedarm-brittle-star,crl-853278,bandedarm brittle star,https://inaturalist-open-data.s3.amazonaws.com/photos/417277341/original.jpeg,marine-life-bandedarm-brittle-star,Ophioderma appressum,invertebrates,brittle-stars,,"Green to gray with distinctively banded arms. Central disc solid green, speckled or with bold irregular patterns.",,0.13,,,,,,,,CC0 1.0,"""Ophioderma appressum"" by Lucas Rodrigues (CC0 1.0). http://creativecommons.org/publicdomain/zero/1.0/ GBIF occurrence 6470425941.",gbif,yes,
marine-life-circle-marked-brittle-star,crl-647559,circle-marked brittle star,https://inaturalist-open-data.s3.amazonaws.com/photos/423049830/original.jpeg,marine-life-circle-marked-brittle-star,Ophioderma cinereum,invertebrates,brittle-stars,,"The central disc has ten spots, each outlined in black, arranged around the rim. Arms are usually banded.",,0.15,,,,,,,,CC0 1.0,"""Ophioderma cinereum"" by Lucas Rodrigues (CC0 1.0). http://creativecommons.org/publicdomain/zero/1.0/ GBIF occurrence 6470364815.",gbif,yes,
marine-life-spotted-brittle-star,crl-146621,spotted brittle star,,marine-life-spotted-brittle-star,Ophioderma guttatum,invertebrates,brittle-stars,,Long arms with very short spines. The smooth central disc and the arms are covered in tiny brownish spots.,,0.2,,,,,,,,© Mickey Charteris — permission required,"Caribbean Reef Life (Mickey Charteris, 4th ed.)",caribbean-reef-life,yes,
marine-life-smooth-brittle-star,49030,smooth brittle star,https://reefguide.org/pix/ophiodermaphoenium1.jpg,marine-life-smooth-brittle-star,Ophioderma phoenium,invertebrates,brittle-stars,Ophiodermatidae,Smooth reddish-brown disc. Arms are always in a contrasting color with darker bands and tiny spines.,,0.09,,,,,,,,All Rights Reserved,"Photo © Florent Charpin, reefguide.org — smooth brittle star (Ophioderma phoenium) — Bonaire",reefguide,yes,
marine-life-ruby-brittle-star,crl-447895,ruby brittle star,https://inaturalist-open-data.s3.amazonaws.com/photos/456602735/original.jpeg,marine-life-ruby-brittle-star,Ophioderma rubicundum,invertebrates,brittle-stars,,Long thin arms have short spines and are banded with red and white. Color and patterns are highly variable.,,0.13,,,,,,,,CC BY 4.0,"""Ophioderma rubicundum"" by Roger Rittmaster (CC BY 4.0). http://creativecommons.org/licenses/by/4.0/ GBIF occurrence 5008014103.",gbif,yes,
marine-life-slimy-brittle-star-variation,49573,slimy brittle star (variation),,,Ophiomyxa flaccida,invertebrates,brittle-stars,Ophiomyxidae,"The central discs of some individuals can be solid color, mottled or spotted pattern of red, green, white or brown.",,,0,320,,,,,,,,,,
marine-life-reticulated-brittle-star,48964,reticulated brittle star,https://inaturalist-open-data.s3.amazonaws.com/photos/473641513/original.jpeg,marine-life-reticulated-brittle-star,Ophionereis reticulata,invertebrates,brittle-stars,Ophionereididae,Brown to light green central disc with thin dark lines in a reticulated pattern. Long arms with thin dark bands.,,0.25,1,221,,,,,,CC0 1.0,"""Ophionereis reticulata"" by Lucas Rodrigues (CC0 1.0). http://creativecommons.org/publicdomain/zero/1.0/ GBIF occurrence 5087388636.",gbif,yes,
marine-life-crevice-brittle-star,49020,crevice brittle star,https://inaturalist-open-data.s3.amazonaws.com/photos/129013424/original.jpg,marine-life-crevice-brittle-star,Ophiopsila riisei,invertebrates,brittle-stars,Ophiocomidae,"Long thin arms with light banding and numerous short spines. Arms extend only at night, disc remains hidden.",,0.16,1,366,,,,,,CC0 1.0,"""Ophiopsila riisei"" by Jean-Paul Boerekamps (CC0 1.0). http://creativecommons.org/publicdomain/zero/1.0/ GBIF occurrence 3117869808.",gbif,yes,
marine-life-angular-brittle-star,49890,angular brittle star,https://inaturalist-open-data.s3.amazonaws.com/photos/252685897/original.jpeg,marine-life-angular-brittle-star,Ophiothrix angulata,invertebrates,brittle-stars,Ophiotrichidae,The central disc has five distinctive lobes bulging out between the arms. Long spines on arms. Color variable.,,0.13,0,540,,,,,,CC BY 4.0,"""Ophiothrix angulata"" by Dan Schofield (CC BY 4.0). http://creativecommons.org/licenses/by/4.0/ GBIF occurrence 5062591315.",gbif,yes,
marine-life-atlantic-thread-herring,1486,Atlantic thread herring,https://inaturalist-open-data.s3.amazonaws.com/photos/671890874/original.jpg,marine-life-atlantic-thread-herring,Opisthonema oglinum,fishes,silvery-fishes,Dorosomatidae,Silvery blue with thin dark stripes. Spot above gill cover. Black tips on tail. Thin trailing filament behind dorsal fin.,,0.48,1,50,Body shape: fusiform / normal,,,,,CC0 1.0,"""Opisthonema oglinum"" by Conway Hawn (CC0 1.0). http://creativecommons.org/publicdomain/zero/1.0/ GBIF occurrence 6400876529.",gbif,yes,
marine-life-yellowhead-jawfish,3684,Yellowhead Jawfish,https://inaturalist-open-data.s3.amazonaws.com/photos/469378700/original.jpg,marine-life-yellowhead-jawfish,Opistognathus aurifrons,fishes,jawfishes,Opistognathidae,Yellow head and pale bluish body. Dark marks on head. Bar through eye. Rounded tail. Found in sandy burrows.,,0.13,3,40,Body shape: elongated,,,,,CC0 1.0,"""Opistognathus aurifrons"" by Jean-Paul Boerekamps (CC0 1.0). http://creativecommons.org/publicdomain/zero/1.0/ GBIF occurrence 5064089653.",gbif,yes,
marine-life-yellow-jawfish-female,16444,Yellow Jawfish (female),,marine-life-yellow-jawfish-female,Opistognathus gilberti,fishes,jawfishes,Opistognathidae,Gray to light blue body with diffuse pale yellow lines on dorsal and anal fins. Yellow tail. Blue markings on head.,,0.0635,,,Body shape: elongated,,,,,© Mickey Charteris — permission required,"Caribbean Reef Life (Mickey Charteris, 4th ed.)",caribbean-reef-life,yes,
marine-life-moustache-jawfish,3685,Moustach Jawfish,,,Opistognathus lonchurus,fishes,jawfishes,Opistognathidae,Yellowish-brown body with blue stripes. Blue on top lip and iris. Distinctive thin blue line from cheek to gill cover.,,0.15,10,91,Body shape: elongated,,,,,,,,,
marine-life-banded-jawfish,3686,banded Jawfish,https://inaturalist-open-data.s3.amazonaws.com/photos/655078099/original.jpg,marine-life-banded-jawfish,Opistognathus macrognathus,fishes,jawfishes,Opistognathidae,"Head sparsely covered in small pores. Finger-like nasal cirrus. 2nd spot on dorsal fin far back, not touching base.",,0.2,0,44,Body shape: elongated,,,,,CC BY 4.0,"""Opistognathus macrognathus"" by Dan Schofield (CC BY 4.0). http://creativecommons.org/licenses/by/4.0/ GBIF occurrence 6273322889.",gbif,yes,
marine-life-mottled-jawfish,3687,mottled Jawfish,https://inaturalist-open-data.s3.amazonaws.com/photos/609013791/original.jpg,marine-life-mottled-jawfish,Opistognathus maxillosus,fishes,jawfishes,Opistognathidae,"Head densely covered in small pores. Dark branched nasal cirrus. 2nd spot on dorsal fin dark, touching base.",,0.1,1,8,Body shape: elongated,,,,,CC BY 4.0,"""Opistognathus maxillosus"" by Jan Ebr & Ivana Ebrová (CC BY 4.0). http://creativecommons.org/licenses/by/4.0/ GBIF occurrence 6130045394.",gbif,yes,
marine-life-dusky-jawfish,3689,dusky Jawfish,https://inaturalist-open-data.s3.amazonaws.com/photos/490379237/original.jpg,marine-life-dusky-jawfish,Opistognathus whitehursti,fishes,jawfishes,Opistognathidae,"Bars and small pores on jaw. Finger-like nasal cirrus. Adults: no dorsal fin spots, juveniles: one spot near front.",,0.05,1,12,Body shape: elongated,,,,,CC BY 4.0,"""Opistognathus whitehursti"" by James-LaFontaine (CC BY 4.0). http://creativecommons.org/licenses/by/4.0/ GBIF occurrence 5140090570.",gbif,yes,
marine-life-carribean-star-coral,46772,Carribean star coral,https://inaturalist-open-data.s3.amazonaws.com/photos/627386200/original.jpg,marine-life-carribean-star-coral,Orbicella annularis,corals,star-corals,Merulinidae,Zooxanthellate (Ref. 116012). Known from a submarine cave at a depth of 10 m (Ref. 87209).,,,0,2000,,,,,,CC0 1.0,"""Orbicella annularis"" by Bonnie Isaac (CC0 1.0). http://creativecommons.org/publicdomain/zero/1.0/ GBIF occurrence 6185367143.",gbif,yes,
marine-life-mountainous-star-coral,46776,Mountainous star coral,https://inaturalist-open-data.s3.amazonaws.com/photos/609536260/original.jpg,marine-life-mountainous-star-coral,Orbicella faveolata,corals,star-corals,Merulinidae,Zooxanthellate (Ref. 116012).,,,2,40,,,,,,CC BY 4.0,"""Orbicella faveolata"" by Jan Ebr & Ivana Ebrová (CC BY 4.0). http://creativecommons.org/licenses/by/4.0/ GBIF occurrence 6130656202.",gbif,yes,
marine-life-boulder-star-coral,46777,Boulder star coral,https://inaturalist-open-data.s3.amazonaws.com/photos/487838885/original.jpg,marine-life-boulder-star-coral,Orbicella franksi,corals,star-corals,Merulinidae,Zooxanthellate (Ref. 116012).,,,2,50,,,,,,CC BY 4.0,"""Orbicella franksi"" by Jay Brasher (CC BY 4.0). http://creativecommons.org/licenses/by/4.0/ GBIF occurrence 6499533241.",gbif,yes,
marine-life-club-hydromedusa,44272,club hydromedusa,https://images.marinespecies.org/150010_orchistoma-pileus-size-15-mm-gulf-stream-off-florida.jpg,marine-life-club-hydromedusa,Orchistoma pileus,invertebrates,jellies,Laodiceidae,Bulbous translucent bell and numerous thin tentacles. Distinctive club-shaped organs where tentacles attach.,,0.025,0,1875,,,,,,WoRMS Photogallery,"Photo via WoRMS Photogallery — club hydromedusa (Orchistoma pileus); author Collins, Richard; AphiaID 285115, pic 150010",worms,yes,
marine-life-killer-whale,69400,orca (Killer Whale),https://inaturalist-open-data.s3.amazonaws.com/photos/610554805/original.jpg,marine-life-killer-whale,Orcinus orca,mammals,,Delphinidae,"Black with distinctive white patches: near eyes, under chin and on abdomen towards tail. Rarely seen, pelagic.",,9.8,0,2652,,,,,yes,CC0 1.0,"""Orcinus orca"" by Ben Keen (CC0 1.0). http://creativecommons.org/publicdomain/zero/1.0/ GBIF occurrence 6131700078.",gbif,yes,
marine-life-cushioned-star,49317,cushion sea star,https://inaturalist-open-data.s3.amazonaws.com/photos/701511274/original.jpg,marine-life-cushioned-star,Oreaster reticulatus,invertebrates,sea-stars,Oreasteridae,Five short triangular arms. Thick reddish-orange body with a network of raised red bumps in radiating lines.,,0.35,0,69,,,,,,CC0 1.0,"""Oreaster reticulatus"" by Paul Manning (CC0 1.0). http://creativecommons.org/publicdomain/zero/1.0/ GBIF occurrence 6452104366.",gbif,yes,
marine-life-atlantic-bird-squid,58135,Atlantic Bird squid,https://collections.nmnh.si.edu/media/?i=14242069&h=1824,marine-life-atlantic-bird-squid,Ornithoteuthis antillarum,invertebrates,squids,Ommastrephidae,"Pale to reddish elongated body. Triangular fins towards a distinctively long pointed rear. Pelagic, rarely on reefs.",,0.45,0,1200,,,,,,CC0 1.0,"""USNM 1450931 - Specimen Image 6"" by Karen Osborn (CC0 1.0). http://creativecommons.org/publicdomain/zero/1.0/ GBIF occurrence 1675859042.",gbif,yes,
marine-life-black-coral-barnacle,crl-482702,black coral barnacle,,,Oxynaspis gracilis,invertebrates,shrimps,,Distinctive hump on the back of the shell. Attach to Black Corals (p. 90). Often encrusted with a layer of sponge.,,0.015,,,,,,,,,,,,
marine-life-antilles-oxynoe,8327,antilles oxynoe,https://inaturalist-open-data.s3.amazonaws.com/photos/354747388/original.jpg,marine-life-antilles-oxynoe,Oxynoe antillarum,invertebrates,sea-slugs,Oxynoidae,Green or yellowish body with conical white papillae and sometimes blue spots. Often on Caulerpa algae (p. 13).,,0.05,0,11,,,,,,CC BY 4.0,"""Oxynoe antillarum"" by Pauline Walsh Jacobson (CC BY 4.0). http://creativecommons.org/licenses/by/4.0/ GBIF occurrence 4535979317.",gbif,yes,
marine-life-blue-spot-oxynoe,8328,Bluespot oxynoe,,marine-life-blue-spot-oxynoe,Oxynoe azuropunctata,invertebrates,sea-slugs,Oxynoidae,Greenish body with blue spots on closed parapodia and on rhinophores. White papillae on parapodia and foot.,,0.02,0,1,,,,,,© Mickey Charteris — permission required,"Caribbean Reef Life (Mickey Charteris, 4th ed.)",caribbean-reef-life,yes,
marine-life-spotfin-goby,3867,Spotfin goby,,marine-life-spotfin-goby,Oxyurichthys stigmalophius,fishes,gobies,Gobiidae,White with large light brown to orange spots down side. Large black spot at lower-rear edge of first dorsal fin.,,0.17,2,60,Body shape: elongated,,,,,© Mickey Charteris — permission required,"Caribbean Reef Life (Mickey Charteris, 4th ed.)",caribbean-reef-life,yes,
marine-life-dark-shore-crab,27205,dark shore crab,https://inaturalist-open-data.s3.amazonaws.com/photos/387985902/original.jpeg,marine-life-dark-shore-crab,Pachygrapsus gracilis,invertebrates,crabs,Grapsidae,Flattened reddish carapace with a distinctively wide front between the eyes. Banded legs. Found in the shallows.,,0.015,0,,,,,,,CC BY 4.0,"""Pachygrapsus gracilis"" by Sam Kieschnick (CC BY 4.0). http://creativecommons.org/licenses/by/4.0/ GBIF occurrence 4875407277.",gbif,yes,
marine-life-mottled-shore-crab,27203,mottled shore crab,https://inaturalist-open-data.s3.amazonaws.com/photos/613423852/original.jpg,marine-life-mottled-shore-crab,Pachygrapsus transversus,invertebrates,crabs,Grapsidae,Flattened green carapace with dark brown lines. Yellow spots on claw arms. Pink claws. Found in the shallows.,,0.015,0,,,,,,,CC0 1.0,"""Pachygrapsus transversus"" by Janine (CC0 1.0). http://creativecommons.org/publicdomain/zero/1.0/ GBIF occurrence 6147347121.",gbif,yes,
marine-life-white-scroll-alga,124113,White scroll alga,https://minka-sdg.org/attachments/local_photos/files/607451/original.jpg,marine-life-white-scroll-alga,Padina pavonica,plants,brown-algae,Dictyotaceae,Rounded spiraling thick-walled blades found growing in dense clumps. Blades concentrically banded in white.,,0.12,0,20,,,,,,CC BY 4.0,"""Padina pavonica"" by giuliponcee (CC BY 4.0). http://creativecommons.org/licenses/by/4.0/ GBIF occurrence 6131734976.",gbif,,
marine-life-red-reef-hermit,26699,red reef hermit,https://inaturalist-open-data.s3.amazonaws.com/photos/615456822/original.jpg,marine-life-red-reef-hermit,Paguristes cadenati,invertebrates,crabs,Diogenidae,"The carapace, legs and claws are a uniform bright red. Indentations on claws. Green eyes on yellow eyestalks.",,0.025,1,52,,,,,,CC BY 4.0,"""Paguristes cadenati"" by Dan Schofield (CC BY 4.0). http://creativecommons.org/licenses/by/4.0/ GBIF occurrence 6159206001.",gbif,yes,
marine-life-red-banded-hermit,26691,red-banded hermit,https://inaturalist-open-data.s3.amazonaws.com/photos/339287993/original.jpeg,marine-life-red-banded-hermit,Paguristes erythrops,invertebrates,crabs,Diogenidae,The claws are of equal size with red bands and scattered small white spots. Gold antennae and eyestalks. Blue eyes.,,0.1,9,48,,,,,,CC BY 4.0,"""Paguristes erythrops"" by Luan Mazzeo (CC BY 4.0). http://creativecommons.org/licenses/by/4.0/ GBIF occurrence 5216747416.",gbif,yes,
marine-life-hermit-crab,26689,white-speckled hermit,https://inaturalist-open-data.s3.amazonaws.com/photos/582296408/original.jpg,marine-life-hermit-crab,Paguristes puncticeps,invertebrates,crabs,Diogenidae,"Claws of equal size. Carapace, legs and eyestalks are covered in tiny white spots. Short light brown bristles.",,0.13,10,31,,,,,,CC0 1.0,"""Paguristes puncticeps"" by Justin Philbois (CC0 1.0). http://creativecommons.org/publicdomain/zero/1.0/ GBIF occurrence 5867851576.",gbif,yes,
marine-life-blue-eye-hermit,26684,blue-eye hermit,https://inaturalist-open-data.s3.amazonaws.com/photos/508481805/original.jpg,marine-life-blue-eye-hermit,Paguristes sericeus,invertebrates,crabs,Diogenidae,Flattened claws of equal size. Small blue eyes on red eyestalks (compare to gold eyestalks on P. erythrops).,,0.065,9,146,,,,,,CC BY 4.0,"""Paguristes sericeus"" by Jacob Weston (CC BY 4.0). http://creativecommons.org/licenses/by/4.0/ GBIF occurrence 5230436699.",gbif,yes,
marine-life-shortfinger-hermit,26233,shortfinger hermit,https://inaturalist-open-data.s3.amazonaws.com/photos/615456802/original.jpg,marine-life-shortfinger-hermit,Pagurus brevidactylus,invertebrates,crabs,Paguridae,Elongated pale eyestalks tapering to small reddish eyes. Banded antennae. Bands of short brown stripes on legs.,,0.02,0,50,,,,,,CC BY 4.0,"""Pagurus brevidactylus"" by Dan Schofield (CC BY 4.0). http://creativecommons.org/licenses/by/4.0/ GBIF occurrence 6162965959.",gbif,yes,
marine-life-crossbanded-grass-shrimp,24523,crossbanded grass shrimp,https://inaturalist-open-data.s3.amazonaws.com/photos/603941268/original.jpg,marine-life-crossbanded-grass-shrimp,Palaemon northropi,invertebrates,shrimps,Palaemonidae,Transparent body with thin dark brown lines and bands. Found in shallows on mangrove roots and under docks.,,0.025,0,5,,,,,,CC0 1.0,"""Palaemon northropi"" by Iago Alves da Silva (CC0 1.0). http://creativecommons.org/publicdomain/zero/1.0/ GBIF occurrence 6452301872.",gbif,yes,
marine-life-caribbean-furry-lobster,26146,copper lobster,https://inaturalist-open-data.s3.amazonaws.com/photos/580395515/original.jpg,marine-life-caribbean-furry-lobster,Palinurellus gundlachi,invertebrates,lobsters,Palinuridae,"Squat reddish-orange body covered with fine hairs. Found deep in crevices, caves and on deeper reefs.",,0.2,1,35,,,,,,CC0 1.0,"""Palinurellus gundlachi"" by Justin Philbois (CC0 1.0). http://creativecommons.org/publicdomain/zero/1.0/ GBIF occurrence 5889346010.",gbif,yes,
marine-life-palisa-papillata,149844,nippled palisa,https://inaturalist-open-data.s3.amazonaws.com/photos/615456831/original.jpg,marine-life-palisa-papillata,Palisa papillata,invertebrates,nudibranchs,Facelinidae,Gray to orange with white spots. Bulbous cerata with white nipples. Pale oral tentacles with thin orange bands.,,0.02,0,1,,,,,,CC BY 4.0,"""Palisa papillata"" by Dan Schofield (CC BY 4.0). http://creativecommons.org/licenses/by/4.0/ GBIF occurrence 6159447957.",gbif,yes,
marine-life-branching-bulb-alga,crl-346877,branching bulb alga,,,Palisada cervicornis,plants,red-algae,,Clumps of short cylindrical reddish-brown stalks. May have iridescent bluish-green bands near tips (above).,,0.04,,,,,,,,,,,,
marine-life-encrusting-zoanthid,crl-428130,encrusting zoanthid,https://inaturalist-open-data.s3.amazonaws.com/photos/623364351/original.jpg,marine-life-encrusting-zoanthid,Palythoa caribaeorum,invertebrates,zoanthids,,Short tentacles arranged around a raised circular disc. Grows in loose clusters within a common fleshy base.,,0.015,,,,,,,,CC0 1.0,"""Palythoa caribaeorum"" by Daniel Estabrooks (CC0 1.0). http://creativecommons.org/publicdomain/zero/1.0/ GBIF occurrence 6185953025.",gbif,yes,
marine-life-sun-zoanthid,44796,sun zoanthid,https://inaturalist-open-data.s3.amazonaws.com/photos/246035346/original.jpg,marine-life-sun-zoanthid,Palythoa grandis,invertebrates,zoanthids,Zoanthidae,"Large flattened disc, often mottled with patches of white. Lines radiate from a pale central mouth. Short tentacles.",,0.03,,,,,,,,CC BY 4.0,"""Palythoa grandis"" by Robin White (CC BY 4.0). http://creativecommons.org/licenses/by/4.0/ GBIF occurrence 4607111395.",gbif,yes,
marine-life-sponge-51536,51536,Sponge,https://inaturalist-open-data.s3.amazonaws.com/photos/617451470/original.jpg,marine-life-sponge-51536,Pandaros acanthifolium,sponges,tube-sponges,Microcionidae,,,,2,35,,,,,,CC BY 4.0,"""Pandaros acanthifolium"" by Dan Schofield (CC BY 4.0). http://creativecommons.org/licenses/by/4.0/ GBIF occurrence 6162979703.",gbif,yes,
marine-life-caribbean-spiny-lobster,26102,caribbean spiny lobster,https://inaturalist-open-data.s3.amazonaws.com/photos/609349921/original.jpg,marine-life-caribbean-spiny-lobster,Panulirus argus,invertebrates,lobsters,Palinuridae,Reddish carapace with large white spots on abdomen. Black and white horns above eyes. Long spiny antennae.,,0.6,0,90,,,,,,CC0 1.0,"""Panulirus argus"" by aiwendil (CC0 1.0). http://creativecommons.org/publicdomain/zero/1.0/ GBIF occurrence 6130021822.",gbif,yes,
marine-life-spotted-spiny-lobster,26129,spotted spiny lobster,https://inaturalist-open-data.s3.amazonaws.com/photos/587623940/original.jpg,marine-life-spotted-spiny-lobster,Panulirus guttatus,invertebrates,lobsters,Palinuridae,Dark red to brown. Upper legs and body are covered with small white spots. Brown stripes on the lower legs.,,0.45,0,23,,,,,,CC0 1.0,"""Panulirus guttatus"" by Justin Philbois (CC0 1.0). http://creativecommons.org/publicdomain/zero/1.0/ GBIF occurrence 5889443971.",gbif,yes,
marine-life-seaweed-blenny,3769,seaweed blenny,https://inaturalist-open-data.s3.amazonaws.com/photos/690959092/original.jpg,marine-life-seaweed-blenny,Parablennius marmoreus,fishes,blennies,Blenniidae,"Highly variable in color: tan, reddish-brown to yellow. Pale blue lines below eye. Branching cirrus over eye.",,0.11,0,10,Body shape: fusiform / normal,,,,,CC BY 4.0,"""Parablennius marmoreus"" by Josiah Londerée (CC BY 4.0). http://creativecommons.org/licenses/by/4.0/ GBIF occurrence 6430878412.",gbif,yes,
marine-life-goatee-blenny,16463,goatee blenny,https://inaturalist-open-data.s3.amazonaws.com/photos/473158595/original.jpg,marine-life-goatee-blenny,Paraclinus barbatus,fishes,blennies,Labrisomidae,"Reddish-orange. Long fleshy appendage on chin. Three blue ocelli on rear dorsal, outlined in yellow and then red.",,0.05,,,Body shape: elongated,,,,,CC BY 4.0,"""Paraclinus barbatus"" by Pauline Walsh Jacobson (CC BY 4.0). http://creativecommons.org/licenses/by/4.0/ GBIF occurrence 5087315437.",gbif,yes,
marine-life-banded-blenny,3744,Banded blenny,https://inaturalist-open-data.s3.amazonaws.com/photos/480517136/original.jpg,marine-life-banded-blenny,Paraclinus fasciatus,fishes,blennies,Labrisomidae,Short first dorsal fin. Rear dorsal fin: one small ocellus or none. Eye and nape cirri are flattened bifurcated tabs.,,0.06,0,2,Body shape: fusiform / normal,,,,,CC BY 4.0,"""Paraclinus fasciatus"" by Pauline Walsh Jacobson (CC BY 4.0). http://creativecommons.org/licenses/by/4.0/ GBIF occurrence 5206643461.",gbif,yes,
marine-life-bald-blenny,3746,bald blenny,https://inaturalist-open-data.s3.amazonaws.com/photos/474793764/original.jpg,marine-life-bald-blenny,Paraclinus infrons,fishes,blennies,Labrisomidae,Tall first dorsal fin. White forehead. Two small ocelli on rear dorsal fin. Single stalk eye cirrus. No nape cirrus.,,0.025,12,45,Body shape: elongated,,,,,CC BY 4.0,"""Paraclinus infrons"" by Pauline Walsh Jacobson (CC BY 4.0). http://creativecommons.org/licenses/by/4.0/ GBIF occurrence 5153509769.",gbif,yes,
marine-life-marbled-blenny,3748,Marbled blenny,,marine-life-marbled-blenny,Paraclinus marmoratus,fishes,blennies,Labrisomidae,"Very tall first dorsal fin. Two ocelli on rear dorsal fin, one on rear anal fin. Branched single stalk cirrus over eye.",,0.08,0,6,Body shape: fusiform / normal,,,,,© Mickey Charteris — permission required,"Caribbean Reef Life (Mickey Charteris, 4th ed.)",caribbean-reef-life,yes,
marine-life-blackfin-blenny,3749,Blackfin blenny,,marine-life-blackfin-blenny,Paraclinus nigripinnis,fishes,blennies,Labrisomidae,Tall first dorsal fin. Orange-ringed bluish ocellus on rear dorsal fin. Branched single stalk cirrus over eye and nape.,,0.05,0,10,Body shape: fusiform / normal,,,,,© Mickey Charteris — permission required,"Caribbean Reef Life (Mickey Charteris, 4th ed.)",caribbean-reef-life,yes,
marine-life-nodose-rubble-crab,26211,Nodose rubble crab,https://inaturalist-open-data.s3.amazonaws.com/photos/587596269/original.jpg,marine-life-nodose-rubble-crab,Paractaea rufopunctata,invertebrates,crabs,Xanthidae,Dome-shaped carapace with nodules in contrasting colors. Short bristles on claw arms. Found in rubble.,,0.025,0,220,,,,,,CC BY 4.0,"""Paractaea rufopunctata"" by Debra Baker (CC BY 4.0). http://creativecommons.org/licenses/by/4.0/ GBIF occurrence 5890376907.",gbif,yes,
marine-life-creole-fish,1217,Creolefish,https://inaturalist-open-data.s3.amazonaws.com/photos/517992593/original.jpg,marine-life-creole-fish,Paranthias furcifer,fishes,basses,Epinephelidae,Color varies from red to purple. Yellowish abdomen. Red spot at pectoral base. Usually on outer edges of reefs.,,0.4,8,100,Body shape: fusiform / normal,,,,,CC BY 4.0,"""Paranthias furcifer"" by Josh Noseworthy (CC BY 4.0). http://creativecommons.org/licenses/by/4.0/ GBIF occurrence 6133048481.",gbif,yes,
marine-life-forktailed-bass,57965,Bantam bass,,marine-life-forktailed-bass,Parasphyraenops incisus,fishes,basslets,Serranidae,"Pale brown body with three brown stripes. Black spot on first dorsal fin, bordered in white. Schools over drop-offs.",,0.07,30,60,Body shape: elongated,,,,,© Mickey Charteris — permission required,"Caribbean Reef Life (Mickey Charteris, 4th ed.)",caribbean-reef-life,yes,
marine-life-high-hat,3583,Highhat (adult),https://inaturalist-open-data.s3.amazonaws.com/photos/604958803/original.jpg,marine-life-high-hat,Pareques acuminatus,fishes,drums,Sciaenidae,Body has numerous black and white longitudinal stripes. The shortened dorsal fin loses its white leading edge.,,0.25,1,100,Body shape: fusiform / normal,,,,,CC BY 4.0,"""Pareques acuminatus"" by Kai Murphy (CC BY 4.0). http://creativecommons.org/licenses/by/4.0/ GBIF occurrence 5938140649.",gbif,yes,
marine-life-antiguan-cave-shrimp,crl-491600,antiguan cave Shrimp,,marine-life-antiguan-cave-shrimp,Parhippolyte antiguensis,invertebrates,shrimps,,Slender orange body banded in red. Long thin legs. Often found on Giant Barrel Sponges (p. 64) at night.,,0.075,,,,,,,,© Mickey Charteris — permission required,"Caribbean Reef Life (Mickey Charteris, 4th ed.)",caribbean-reef-life,yes,
marine-life-dwarf-octopus,crl-185209,Dwarf octopus,https://inaturalist-open-data.s3.amazonaws.com/photos/108109984/original.jpg,marine-life-dwarf-octopus,Paroctopus mercatoris,invertebrates,octopuses,,Small red to brown body with few papillae and broad banding on arms. Juveniles live in empty clam shells.,,0.15,,,,,,,,CC BY 4.0,"""Paroctopus mercatoris"" by Morgan Freese (CC BY 4.0). http://creativecommons.org/licenses/by/4.0/ GBIF occurrence 3008415075.",gbif,yes,
marine-life-bigtooth-cardinalfish,3520,Bigtooth cardinalfish,,marine-life-bigtooth-cardinalfish,Paroncheilus affinis,fishes,cardinalfishes,Apogonidae,"Translucent salmon to bronze with paler abdomen. Indistinct dark stripe from snout, through eye to gill cover.",,0.11,20,300,Body shape: fusiform / normal,,,,,© Mickey Charteris — permission required,"Caribbean Reef Life (Mickey Charteris, 4th ed.)",caribbean-reef-life,yes,
marine-life-sculptured-mitten-lobster,26142,sculptured slipper lobster,https://inaturalist-open-data.s3.amazonaws.com/photos/628345625/original.jpg,marine-life-sculptured-mitten-lobster,Parribacus antarcticus,invertebrates,lobsters,Scyllaridae,Rough tan to yellow body with dark blotches. Tufts of small bristles on flat antennal plates. Small black eyes.,,0.3,0,20,,,,,,CC0 1.0,"""Parribacus antarcticus"" by Chao 江星辰 (CC0 1.0). http://creativecommons.org/publicdomain/zero/1.0/ GBIF occurrence 6185901059.",gbif,yes,
marine-life-purple-lichen-bryozoan,171591,Purple Lichen bryozoan,,,Patinella purpurea,invertebrates,bryozoans,Lichenoporidae,"Small domed circular to oval colonies, depressed in the center. Pale to deep bluish purple zooids in single rows.",,0.02,,,,,,,,,,,,
marine-life-lion-mane-aeolid,141108,white-speckled Aeolid,https://inaturalist-open-data.s3.amazonaws.com/photos/617547525/original.jpg,marine-life-lion-mane-aeolid,Pauleo jubatus,invertebrates,nudibranchs,Facelinidae,Yellow body with tufts of thick dense cerata with white speckles and tips. Yellow rhinophores and oral tentacles.,,0.05,8,25,,,,,,CC BY 4.0,"""Pauleo jubatus"" by Dan Schofield (CC BY 4.0). http://creativecommons.org/licenses/by/4.0/ GBIF occurrence 6162987169.",gbif,yes,
marine-life-warty-jelly,44401,warty jelly,https://inaturalist-open-data.s3.amazonaws.com/photos/665761855/original.jpg,marine-life-warty-jelly,Pelagia noctiluca,invertebrates,jellies,Pelagiidae,Rounded bell with dark yellow or purple spots. Color ranges from translucent pink to yellow. Four oral arms.,,0.1,0,1600,,,,,,CC0 1.0,"""Pelagia noctiluca"" by Cristina Hutchison (CC0 1.0). http://creativecommons.org/publicdomain/zero/1.0/ GBIF occurrence 6334068476.",gbif,yes,
marine-life-cryptic-teardrop-crab,27007,cryptic teardrop crab,https://inaturalist-open-data.s3.amazonaws.com/photos/129013193/original.jpg,marine-life-cryptic-teardrop-crab,Pelia mutica,invertebrates,crabs,Epialtidae,"Triangular red carapace, covered in red sponge and often small zoanthids. Purplish claw arms with darker spots.",,0.02,0,51,,,,,,CC0 1.0,"""Pelia mutica"" by Jean-Paul Boerekamps (CC0 1.0). http://creativecommons.org/publicdomain/zero/1.0/ GBIF occurrence 3117887787.",gbif,yes,
marine-life-shortfin-sweeper,12174,shortfin sweeper,https://collections.nmnh.si.edu/media/?i=10955436&h=2000,marine-life-shortfin-sweeper,Pempheris poeyi,fishes,silvery-fishes,Pempheridae,Silver to gray hatchet-shaped body with no distinctive markings. Found schooling inside caves and caverns.,,0.15,,,Body shape: short and / or deep,,,,,CC0 1.0,"""Pempheris poeyi RAD107355-001"" by Division of Fishes, Murphy, Kris A. (CC0 1.0). http://creativecommons.org/publicdomain/zero/1.0/ GBIF occurrence 1321249158.",gbif,yes,
marine-life-brown-shrimp,14595,brown shrimp,https://inaturalist-open-data.s3.amazonaws.com/photos/402994171/original.jpg,marine-life-brown-shrimp,Penaeus aztecus,invertebrates,shrimps,Penaeidae,Translucent body with bands of tiny brown speckles across the back. A commercially harvested species.,,0.23,0,200,,,,,,CC0 1.0,"""Penaeus aztecus"" by Tyler Radtke (CC0 1.0). http://creativecommons.org/publicdomain/zero/1.0/ GBIF occurrence 6195782923.",gbif,yes,
marine-life-neptunes-shaving-brush,118693,neptune’s shaving brush,https://inaturalist-open-data.s3.amazonaws.com/photos/129008206/original.jpg,marine-life-neptunes-shaving-brush,Penicillus capitatus,plants,green-algae,Udoteaceae,Tufts of bristle-like light green branchlets growing from a common stalk. White skeletal material on the surface.,,0.15,,,,,,,,CC0 1.0,"""Penicillus capitatus"" by Jean-Paul Boerekamps (CC0 1.0). http://creativecommons.org/publicdomain/zero/1.0/ GBIF occurrence 6162971683.",gbif,yes,
marine-life-bristle-ball-brush,crl-757256,bristle ball brush,https://inaturalist-open-data.s3.amazonaws.com/photos/234975408/original.jpg,marine-life-bristle-ball-brush,Penicillus dumetosus,plants,green-algae,,A rounded ball shape of tightly packed filaments growing from a stout green stalk. Often a darker shade of green.,,0.15,,,,,,,,CC BY 4.0,"""Penicillus dumetosus"" by Pauline Walsh Jacobson (CC BY 4.0). http://creativecommons.org/licenses/by/4.0/ GBIF occurrence 4022058697.",gbif,yes,
marine-life-flat-top-bristle-brush,125073,flat-top bristle brush,https://reefguide.org/pix/penicilluspyriformis1.jpg,marine-life-flat-top-bristle-brush,Penicillus pyriformis,plants,green-algae,Udoteaceae,"Tightly packed filaments end in a flat top, forming an inverted cone. Elongated stalk. Found in sandy areas.",,0.13,,,,,,,,All Rights Reserved,"Photo © Florent Charpin, reefguide.org — flat-top bristle brush (Penicillus pyriformis) — Cozumel, Mexico",reefguide,yes,
marine-life-feather-hydroid,43058,Christmas tree hydroid,https://inaturalist-open-data.s3.amazonaws.com/photos/618150909/original.jpg,marine-life-feather-hydroid,Pennaria disticha,invertebrates,hydroids,Pennariidae,Branchlets alternate from a single stalk. White polyps on tips of each branchlet and stalk. Often found in clusters.,,0.09,0,29,,,,,,CC0 1.0,"""Pennaria disticha"" by Phil (CC0 1.0). http://creativecommons.org/publicdomain/zero/1.0/ GBIF occurrence 6162861668.",gbif,yes,
marine-life-nimble-spray-crab,27218,nimble spray crab,https://inaturalist-open-data.s3.amazonaws.com/photos/611196074/original.jpg,marine-life-nimble-spray-crab,Percnon gibbesi,invertebrates,crabs,Plagusiidae,"Flattened carapace, circled by a distinctive thin green line. Yellow bands and red spots on legs. Red eyes.",,0.04,,,,,,,,CC0 1.0,"""Percnon gibbesi"" by Johannes (CC0 1.0). http://creativecommons.org/publicdomain/zero/1.0/ GBIF occurrence 6133261375.",gbif,yes,
marine-life-sharp-eye-flatworm,36497,Sharp eye flatworm,https://inaturalist-open-data.s3.amazonaws.com/photos/546849006/original.jpg,marine-life-sharp-eye-flatworm,Pericelis cata,invertebrates,flatworms,Pericelidae,"Light brown body with darker blotches, concentrated down the medial line. Widely spaced pseudotentacles.",,0.05,,,,,,,,CC BY 4.0,"""Pericelis cata"" by Ben Jobson (CC BY 4.0). http://creativecommons.org/licenses/by/4.0/ GBIF occurrence 5282204885.",gbif,yes,
marine-life-caribbean-ascidian-shrimp,24514,Subtunicate shrimp,,,Periclimenaeus ascidiarum,invertebrates,shrimps,Palaemonidae,Translucent tan to pink body with white speckles. Large claw arms. Lives under encrusting tunicates (p. 135).,,0.01,0,73,,,,,,,,,,
marine-life-black-coral-shrimp,174075,black coral shrimp,https://inaturalist-open-data.s3.amazonaws.com/photos/471194627/original.jpg,marine-life-black-coral-shrimp,Periclimenes antipathophilus,invertebrates,shrimps,Palaemonidae,Transparent body with a thin red stripe. Widely spaced eyes on long eyestalks. Found on black corals (p. 90).,,0.015,,,,,,,,CC BY 4.0,"""Periclimenes antipathophilus"" by Pauline Walsh Jacobson (CC BY 4.0). http://creativecommons.org/licenses/by/4.0/ GBIF occurrence 6163169688.",gbif,yes,
marine-life-golden-crinoid-shrimp,19300,golden crinoid shrimp,https://inaturalist-open-data.s3.amazonaws.com/photos/702332271/original.jpg,marine-life-golden-crinoid-shrimp,Periclimenes crinoidalis,invertebrates,shrimps,Palaemonidae,Pale body with gold eyes and stripe on the back. Sides are transparent. Found only on Golden Crinoids (p. 147).,,0.02,,,,,,,,CC BY 4.0,"""Periclimenes crinoidalis"" by Matteo Bellucci (CC BY 4.0). http://creativecommons.org/licenses/by/4.0/ GBIF occurrence 6470205940.",gbif,yes,
marine-life-bermuda-shrimp,24494,whitefoot shrimp,https://inaturalist-open-data.s3.amazonaws.com/photos/610448402/original.jpg,marine-life-bermuda-shrimp,Periclimenes harringtoni,invertebrates,shrimps,Palaemonidae,Translucent reddish body with distinctively white-tipped claws. Found only inside Touch-Me-Not Sponges (p. 67).,,0.012,0,119,,,,,,CC BY 4.0,"""Periclimenes harringtoni"" by Dan Schofield (CC BY 4.0). http://creativecommons.org/licenses/by/4.0/ GBIF occurrence 6131309136.",gbif,yes,
marine-life-brown-crinoid-shrimp,18339,brown crinoid shrimp,,marine-life-brown-crinoid-shrimp,Periclimenes meyeri,invertebrates,shrimps,Palaemonidae,"Dark brown body with white eyes, eyestalks and tail. Found only on Black and White Crinoids (p. 147).",,0.02,,,,,,,,© Mickey Charteris — permission required,"Caribbean Reef Life (Mickey Charteris, 4th ed.)",caribbean-reef-life,yes,
marine-life-basketstar-shrimp,24493,Basket Star shrimp,,marine-life-basketstar-shrimp,Periclimenes perryae,invertebrates,shrimps,Palaemonidae,Gold to reddish body with white highlights. Banded legs. Wide band on tail. Found on Giant Basket Stars (p. 146).,,0.012,0,10,,,,,,© Mickey Charteris — permission required,"Caribbean Reef Life (Mickey Charteris, 4th ed.)",caribbean-reef-life,yes,
marine-life-shrimp-24956,24956,sun anemone shrimp,https://inaturalist-open-data.s3.amazonaws.com/photos/471180223/original.jpg,marine-life-shrimp-24956,Periclimenes rathbunae,invertebrates,shrimps,Palaemonidae,"Transparent body with brown, white and reddish spots. Patches on the back. Found on Sun Anemones (p. 117).",,0.025,0,2,,,,,,CC BY 4.0,"""Periclimenes rathbunae"" by Dan Schofield (CC BY 4.0). http://creativecommons.org/licenses/by/4.0/ GBIF occurrence 5076912754.",gbif,yes,
marine-life-red-and-white-crinoid-shrimp,crl-220286,red and white crinoid shrimp,,,Periclimenes rincewindi,invertebrates,shrimps,,Pink to tan body with serrated head and purplish-red spots. Transparent sides. Found on Swimming Crinoids (p. 147).,,0.02,,,,,,,,,,,,
marine-life-spotted-cleaner-shrimp,24498,spotted cleaner shrimp,https://inaturalist-open-data.s3.amazonaws.com/photos/580396564/original.jpg,marine-life-spotted-cleaner-shrimp,Periclimenes yucatanicus,invertebrates,shrimps,Palaemonidae,Transparent body with large spots down the back and sides. Purple spots on head. Bands on claws and legs.,,0.025,0,13,,,,,,CC0 1.0,"""Periclimenes yucatanicus"" by Justin Philbois (CC0 1.0). http://creativecommons.org/publicdomain/zero/1.0/ GBIF occurrence 5868206452.",gbif,yes,
marine-life-south-american-rock-mussel,47109,Brown mussel,https://inaturalist-open-data.s3.amazonaws.com/photos/633663701/original.jpg,marine-life-south-american-rock-mussel,Perna perna,invertebrates,oysters,Mytilidae,Smooth flattened brown valves with dark gray to black mantle. Found in clumps on mangrove roots and docks.,,0.1,0,50,,,,,,CC0 1.0,"""Perna perna"" by Lucas Rodrigues (CC0 1.0). http://creativecommons.org/publicdomain/zero/1.0/ GBIF occurrence 6188527379.",gbif,yes,
marine-life-asian-brown-mussel,83835,Asian Green mussel,https://inaturalist-open-data.s3.amazonaws.com/photos/475884642/original.jpeg,marine-life-asian-brown-mussel,Perna viridis,invertebrates,oysters,Mytilidae,"Smooth brown valves with bright green margins. An invasive species, recently introduced to the Caribbean.",,0.1,0,100,,,,,,CC0 1.0,"""Perna viridis"" by Hugo Saulino (CC0 1.0). http://creativecommons.org/publicdomain/zero/1.0/ GBIF occurrence 5087871742.",gbif,yes,
marine-life-creeping-ascidian,54430,honeysuckle tunicate,https://inaturalist-open-data.s3.amazonaws.com/photos/176940036/original.jpg,marine-life-creeping-ascidian,Perophora viridis,invertebrates,tunicates,Perophoridae,Greenish-yellow with faint striations visible inside body. Found in loose clusters under ledges and overhangs.,,0.015,5,8,,,,,,CC BY 4.0,"""Perophora viridis"" by Pauline Walsh Jacobson (CC BY 4.0). http://creativecommons.org/licenses/by/4.0/ GBIF occurrence 4162098379.",gbif,yes,
marine-life-rangs-seahare-variation,8445,Rang’s seahare (Variation),https://images.marinespecies.org/154434_petalifera-petalifera.jpg,marine-life-rangs-seahare-variation,Petalifera petalifera,invertebrates,nudibranchs,Notarchidae,"Highly variable in color and markings. All have a small opening in the parapodia, at middle-rear of the dorsum.",,0.04,,,,,,,,WoRMS Photogallery,"Photo via WoRMS Photogallery — Rang’s seahare (Variation) (Petalifera petalifera); author Kapeller, Rudolf; AphiaID 139597, pic 154434",worms,yes,
marine-life-ramose-sea-hare,8444,baba’s seahare,,,Petalifera ramosa,invertebrates,nudibranchs,Notarchidae,"Green to reddish-brown body with a pattern of pale conical knobs, each outlined in white. Prefers shallows.",,0.07,2,37,,,,,,,,,,
marine-life-giant-hermit,26118,giant hermit,https://inaturalist-open-data.s3.amazonaws.com/photos/613914399/original.jpg,marine-life-giant-hermit,Petrochirus diogenes,invertebrates,crabs,Diogenidae,The largest of the hermit crabs. Rough scaly texture on oversized claws. Long banded antennae. Pale eyestalks.,,0.2,,128,,,,,,CC BY 4.0,"""Petrochirus diogenes"" by weirdguyfromflorida (CC BY 4.0). http://creativecommons.org/licenses/by/4.0/ GBIF occurrence 6147371414.",gbif,yes,
marine-life-green-porcelain-crab,26618,Green porcelain crab,https://inaturalist-open-data.s3.amazonaws.com/photos/632598593/original.jpg,marine-life-green-porcelain-crab,Petrolisthes armatus,invertebrates,shrimps,Porcellanidae,Greenish-brown with thin dark transverse bands. Bristled legs and claws. Often found in lagoons and oyster beds.,,0.04,0,60,,,,,,CC0 1.0,"""Petrolisthes armatus"" by Lucas Rodrigues (CC0 1.0). http://creativecommons.org/publicdomain/zero/1.0/ GBIF occurrence 6499745287.",gbif,yes,
marine-life-caribbean-porcelain-crab,162371,caribbean porcelain crab,,marine-life-caribbean-porcelain-crab,Petrolisthes caribensis,invertebrates,shrimps,Porcellanidae,"Distinctive white cross on frontal region, between eyes. Outer edge of claws bristled. Brownish bands on legs.",,0.03,0,,,,,,,© Mickey Charteris — permission required,"Caribbean Reef Life (Mickey Charteris, 4th ed.)",caribbean-reef-life,yes,
marine-life-banded-porcelain-crab,26619,Banded porcelain crab,https://inaturalist-open-data.s3.amazonaws.com/photos/426361255/original.jpeg,marine-life-banded-porcelain-crab,Petrolisthes galathinus,invertebrates,shrimps,Porcellanidae,,,,0,55,,,,,,CC BY 4.0,"""Petrolisthes galathinus"" by João D'Andretta (CC BY 4.0). http://creativecommons.org/licenses/by/4.0/ GBIF occurrence 5062801737.",gbif,yes,
marine-life-burgundy-crust-alga,113677,burgundy crust alga,,marine-life-burgundy-crust-alga,Peyssonnelia conchicola,plants,red-algae,Peyssonneliaceae,"Deep red encrusting alga. Smooth surface, often shiny. Outer edges may not touch substrate, often overlapping.",,0.45,2,2,,,,,,© Mickey Charteris — permission required,"Caribbean Reef Life (Mickey Charteris, 4th ed.)",caribbean-reef-life,yes,
marine-life-rose-red-crust-alga,crl-333210,Rose-red crust alga,https://oxalis.br.fgov.be/images/V/BR5/010/118/123/329/BR5010118123329V.jpg,marine-life-rose-red-crust-alga,Peyssonnelia inamoena,plants,red-algae,,Rounded pink to red encrusting alga with faint concentric and radial lines. Margins slightly raised from the substrate.,,0.45,,,,,,,,CC BY 4.0,"""Peyssonnelia inamoena Pilger"" by Meise Botanic Garden (CC BY 4.0). http://creativecommons.org/licenses/by/4.0/ GBIF occurrence 3470263461.",gbif,yes,
marine-life-mottled-crust-alga,crl-288968,mottled crust alga,,marine-life-mottled-crust-alga,Peyssonnelia stoechas,plants,red-algae,,Flattened rounded encrusting alga. Orange-brown to rusty base color. Concentric pattern of dark red lines.,,0.45,,,,,,,,© Mickey Charteris — permission required,"Caribbean Reef Life (Mickey Charteris, 4th ed.)",caribbean-reef-life,yes,
marine-life-two-tone-cup-coral,46363,Two-tone cup coral,,marine-life-two-tone-cup-coral,Phacelocyathus flos,corals,cup-corals,Caryophylliidae,Azooxanthellate. Found in slope (Ref. 116012).,,,20,560,,,,,,© Mickey Charteris — permission required,"Caribbean Reef Life (Mickey Charteris, 4th ed.)",caribbean-reef-life,yes,
marine-life-freckled-cardinalfish,3536,freckled cardinalfish,https://inaturalist-open-data.s3.amazonaws.com/photos/581733226/original.jpg,marine-life-freckled-cardinalfish,Phaeoptyx conklini,fishes,cardinalfishes,Apogonidae,Rows of dark crescent-shaped spots. Oblique dark bar down from eye. Dark bar on entire width of tail base.,,0.09,0,22,Body shape: fusiform / normal,,,,,CC BY 4.0,"""Phaeoptyx conklini"" by Jan Ebr & Ivana Ebrová (CC BY 4.0). http://creativecommons.org/licenses/by/4.0/ GBIF occurrence 5892919119.",gbif,yes,
marine-life-dusky-cardinalfish,3537,dusky cardinalfish,https://inaturalist-open-data.s3.amazonaws.com/photos/594243576/original.jpg,marine-life-dusky-cardinalfish,Phaeoptyx pigmentaria,fishes,cardinalfishes,Apogonidae,Pink with single dark spots on scales. Spots on head are often larger. Dark bar under eye. Bar at tail base.,,0.08,13,50,Body shape: fusiform / normal,,,,,CC0 1.0,"""Phaeoptyx pigmentaria"" by Justin Philbois (CC0 1.0). http://creativecommons.org/publicdomain/zero/1.0/ GBIF occurrence 5909079950.",gbif,yes,
marine-life-sponge-cardinalfish,3538,sponge cardinalfish,https://inaturalist-open-data.s3.amazonaws.com/photos/474556193/original.jpg,marine-life-sponge-cardinalfish,Phaeoptyx xenus,fishes,cardinalfishes,Apogonidae,Silver to bronze body with a yellowish snout. Multiple speckles of different sizes are found on each scale.,,0.08,5,60,Body shape: fusiform / normal,,,,,CC BY 4.0,"""Phaeoptyx xenus"" by Pauline Walsh Jacobson (CC BY 4.0). http://creativecommons.org/licenses/by/4.0/ GBIF occurrence 5889659842.",gbif,yes,
marine-life-black-sea-squirt,53888,black tunicate,https://inaturalist-open-data.s3.amazonaws.com/photos/669695872/original.jpg,marine-life-black-sea-squirt,Phallusia nigra,invertebrates,tunicates,Ascidiidae,Solid black body and siphons with no distinctive markings. May be paler when growing under ledges.,,0.1,0,12,,,,,,CC0 1.0,"""Phallusia nigra"" by schneepschnorp (CC0 1.0). http://creativecommons.org/publicdomain/zero/1.0/ GBIF occurrence 6451778927.",gbif,yes,
marine-life-gastropod-8614,8614,lynx nudibranch,https://inaturalist-open-data.s3.amazonaws.com/photos/640531694/original.jpg,marine-life-gastropod-8614,Phidiana lynceus,invertebrates,nudibranchs,Facelinidae,"Distinctive blue line runs along dorsum, divides on the head and continues onto long white-tipped oral tentacles.",,0.045,0,2,,,,,,CC BY 4.0,"""Phidiana lynceus"" by Cricket Raspet (CC BY 4.0). http://creativecommons.org/licenses/by/4.0/ GBIF occurrence 6235064898.",gbif,yes,
marine-life-pusa-aglaja,7058,Pusa aglaja,,marine-life-pusa-aglaja,Philinopsis pusa,invertebrates,nudibranchs,Aglajidae,Color varies from gray to dark brown. Distinctive pointed lobe at midbody. Two equal-sized rounded lobes on tail.,,0.04,,,,,,,,© Mickey Charteris — permission required,"Caribbean Reef Life (Mickey Charteris, 4th ed.)",caribbean-reef-life,yes,
marine-life-red-striped-hermit,26468,red-striped hermit,https://inaturalist-open-data.s3.amazonaws.com/photos/610687030/original.jpg,marine-life-red-striped-hermit,Phimochirus holthuisi,invertebrates,crabs,Paguridae,Legs and claws are orange to cream with thin dark red stripes. The right claw is much larger. Bluish eyes.,,0.025,1,210,,,,,,CC BY 4.0,"""Phimochirus holthuisi"" by Dan Schofield (CC BY 4.0). http://creativecommons.org/licenses/by/4.0/ GBIF occurrence 6130546532.",gbif,yes,
marine-life-polkadotted-hermit,26470,polka-dotted hermit,https://inaturalist-open-data.s3.amazonaws.com/photos/251071241/original.jpeg,marine-life-polkadotted-hermit,Phimochirus operculatus,invertebrates,crabs,Paguridae,Maroon body with a large right claw with white spots. Bright orange legs. Blue eyes on banded eyestalks.,,0.025,0,15,,,,,,CC BY 4.0,"""Phimochirus operculatus"" by Austen Novis (CC BY 4.0). http://creativecommons.org/licenses/by/4.0/ GBIF occurrence 4111617422.",gbif,yes,
marine-life-ridgeclaw-hermit,26469,ridgeclaw hermit,https://reefguide.org/pix/phimochirusrandalli1.jpg,marine-life-ridgeclaw-hermit,Phimochirus randalli,invertebrates,crabs,Paguridae,"Bright orange body, legs and claws. The right claw is much larger. Legs and claw arms have thin white bands.",,0.075,15,91,,,,,,All Rights Reserved,"Photo © Florent Charpin, reefguide.org — ridgeclaw hermit (Phimochirus randalli) — Turks and Caicos",reefguide,yes,
marine-life-sponge-51434,51434,Sponge,https://inaturalist-open-data.s3.amazonaws.com/photos/520923076/original.jpg,marine-life-sponge-51434,Phorbas amaranthus,sponges,encrusting-sponges,Hymedesmiidae,Common on reefs; encrusts dead corals or the bases of live corals or on metamorphic rocks (Ref. 85482).,,,1,36,,,,,,CC BY 4.0,"""Phorbas amaranthus"" by Pauline Walsh Jacobson (CC BY 4.0). http://creativecommons.org/licenses/by/4.0/ GBIF occurrence 5932524447.",gbif,yes,
marine-life-reticulated-flatworm,crl-119996,reticulated flatworm,https://images.marinespecies.org/121120_fig-1.jpg,marine-life-reticulated-flatworm,Phrikoceros mopsus,invertebrates,flatworms,,Light brown body with numerous spots and a darker medial line. Distinctive thin black line around the margin.,,0.025,,,,,,,,CC BY NC SA 4.0,"Photo via WoRMS Photogallery — reticulated flatworm (Phrikoceros mopsus); author A, dorsal view of live specimen. B, detail of the anterior end. Arrow-heads show the interruption of the marginal black line at the apical region of the pseudotentacles. C, dorsal view of the anterior end with cerebral eyes (arrow-head). D, dorsal view of the anterior end; arrow head shows some of the ventral pseudotentacular eyes. E, ventral view of the anterior end with ventral pseudotentacular eyes (arrow heads). Scale bars: A: 5 mm; ?E: 1 mm.; AphiaID 1872102, pic 121120",worms,yes,
marine-life-turtlegrass-seahare,8429,Turtle grass seahare,,marine-life-turtlegrass-seahare,Phyllaplysia engeli,invertebrates,nudibranchs,Notarchidae,"Translucent green body with lighter patches, most often with longitudinal lines. Found flattened on Turtle Grass.",,0.02,0,5,,,,,,© Mickey Charteris — permission required,"Caribbean Reef Life (Mickey Charteris, 4th ed.)",caribbean-reef-life,yes,
marine-life-emerald-leafslug,8430,Emerald Leafslug,,marine-life-emerald-leafslug,Phyllaplysia smaragda,invertebrates,nudibranchs,Notarchidae,Elongated emerald-green body with gray-pink patch on left of dorsum. Gray on rhinophores and oral tentacles.,,0.025,,,,,,,,© Mickey Charteris — permission required,"Caribbean Reef Life (Mickey Charteris, 4th ed.)",caribbean-reef-life,yes,
marine-life-planktonic-nudibranch,150327,planktonic nudibranch,https://reefguide.org/pix/phylliroebucephalum1.jpg,marine-life-planktonic-nudibranch,Phylliroe bucephala,invertebrates,nudibranchs,Phylliroidae,A pelagic nudibranch species that is rarely seen drifting over a reef. Transparent body circled with white spots.,,0.055,,,,,,,,All Rights Reserved,"Photo © Florent Charpin, reefguide.org — planktonic nudibranch (Phylliroe bucephala) — Palm Beach, Florida",reefguide,yes,
marine-life-apple-murex,crl-282907,Apple Murex,https://inaturalist-open-data.s3.amazonaws.com/photos/477944023/original.jpeg,marine-life-apple-murex,Phyllonotus pomum,invertebrates,snails,,Robust shell with a large body whorl and vertical ribs. Sawtooth aperture lip. Feeds on bivalves (seen above).,,0.13,,,,,,,,CC0 1.0,"""Phyllonotus pomum"" by Daniel Estabrooks (CC0 1.0). http://creativecommons.org/publicdomain/zero/1.0/ GBIF occurrence 5104381612.",gbif,yes,
marine-life-beaded-anemone,139412,beaded anemone,https://inaturalist-open-data.s3.amazonaws.com/photos/636007857/original.jpg,marine-life-beaded-anemone,Phymanthus crucifer,invertebrates,anemones,Phymanthidae,Flattened oral disc with small warty projections in radiating lines. Numerous short pointed tentacles.,,0.16,,,,,,,,CC BY 4.0,"""Phymanthus crucifer"" by tunicatedreamz (CC BY 4.0). http://creativecommons.org/licenses/by/4.0/ GBIF occurrence 6195382796.",gbif,yes,
marine-life-portuguese-man-of-war,44728,Portuguese Man-of-war,https://inaturalist-open-data.s3.amazonaws.com/photos/608839614/original.jpg,marine-life-portuguese-man-of-war,Physalia physalis,invertebrates,jellies,Physaliidae,Pale purple gas-filled float with pinched edge along top. Purple trailing tentacles can reach up to 50 m / 160 ft.,,0.15,,,,,,,,CC0 1.0,"""Physalia physalis"" by Damien Wallace (CC0 1.0). http://creativecommons.org/publicdomain/zero/1.0/ GBIF occurrence 6130053954.",gbif,yes,
marine-life-bayers-grass-squid,2381267,Bayer’s Grass squid,,,Pickfordiateuthis bayeri,invertebrates,squids,Loliginidae,"Rounded fins, not connected at the rear. Short arms. Large chromatophores, commonly in red and orange.",,0.02,,,,,,,,,,,,
marine-life-grass-squid,57898,grass squid,https://inaturalist-open-data.s3.amazonaws.com/photos/695151157/original.jpg,marine-life-grass-squid,Pickfordiateuthis pulchella,invertebrates,squids,Loliginidae,"Rounded fins, not connected at the rear. Often displays greenish-yellow. Found in seagrass and shallow reefs.",,0.025,0,30,,,,,,CC BY 4.0,"""Pickfordiateuthis pulchella"" by Gregor Bailar (CC BY 4.0). http://creativecommons.org/licenses/by/4.0/ GBIF occurrence 6441649955.",gbif,yes,
marine-life-longspined-hairy-crab,26196,Longspine Hairy crab,,,Pilumnus spinosissimus,invertebrates,crabs,Pilumnidae,Distinctively hairy carapace and legs. Deep red claw arms with numerous short spines. Black tips on claws.,,0.025,5,20,,,,,,,,,,
marine-life-amber-penshell,47704,amber penshell,https://inaturalist-open-data.s3.amazonaws.com/photos/626001772/original.jpg,marine-life-amber-penshell,Pinna carnea,invertebrates,clams,Pinnidae,Extremely thin fan-shaped valves with rounded tops and faint radiating ribs. Translucent amber to gray in color.,,0.23,0,51,,,,,,CC BY 4.0,"""Pinna carnea"" by Matteo Bellucci (CC BY 4.0). http://creativecommons.org/licenses/by/4.0/ GBIF occurrence 6186157717.",gbif,yes,
marine-life-burnt-placida,87582,Burnt Placida,https://minka-sdg.org/attachments/local_photos/files/881345/original.jpeg,marine-life-burnt-placida,Placida cremoniana,invertebrates,sea-slugs,Limapontiidae,Orange body with pointed orange and black cerata. Black rhinophores with pale blue or white posteriors.,,0.012,,,,,,,,CC BY 4.0,"""Placida cremoniana"" by somines (CC BY 4.0). http://creativecommons.org/licenses/by/4.0/ GBIF occurrence 6131713757.",gbif,,
marine-life-kingstons-placida,crl-157235,Kingston’s Placida,,marine-life-kingstons-placida,Placida kingstoni,invertebrates,sea-slugs,,"Translucent body with green digestive tracts. Cerata on either side of body, leaving the white pericardium visible.",,0.015,,,,,,,,© Mickey Charteris — permission required,"Caribbean Reef Life (Mickey Charteris, 4th ed.)",caribbean-reef-life,yes,
marine-life-long-spined-sea-biscuit,50019,long-spined sea biscuit,https://images.marinespecies.org/132373_plagiobrissus-grandis-lateral.jpg,marine-life-long-spined-sea-biscuit,Plagiobrissus grandis,invertebrates,sea-urchins,Brissidae,Elongated rounded body with short brown spines. Longer clear spines on the top and towards the rear.,,0.2,1,210,,,,,,CC BY NC SA 4.0,"Photo via WoRMS Photogallery — long-spined sea biscuit (Plagiobrissus grandis); author Lessios, Haris; AphiaID 422511, pic 132373",worms,yes,
marine-life-tidal-spray-crab,27220,tidal spray crab,https://inaturalist-open-data.s3.amazonaws.com/photos/588831238/original.jpg,marine-life-tidal-spray-crab,Plagusia depressa,invertebrates,crabs,Plagusiidae,Color varies from olive-green to reddish. Red or purple markings on legs and claws. Found on rocky inshores.,,0.07,,,,,,,,CC0 1.0,"""Plagusia depressa"" by smokeybear33 (CC0 1.0). http://creativecommons.org/publicdomain/zero/1.0/ GBIF occurrence 5892719930.",gbif,yes,
marine-life-melted-sponge,crl-970872,melted sponge,https://inaturalist-open-data.s3.amazonaws.com/photos/351497656/original.jpg,marine-life-melted-sponge,Plakina jamaicensis,sponges,encrusting-sponges,,Bulbous bright yellow to orange sponge. Surface forms lumpy melted blobs around small excurrent openings.,,0.25,,,,,,,,CC BY 4.0,"""Plakina jamaicensis"" by Robin White (CC BY 4.0). http://creativecommons.org/licenses/by/4.0/ GBIF occurrence 4607231798.",gbif,yes,
marine-life-sponge-883340,84443,Sponge,https://inaturalist-open-data.s3.amazonaws.com/photos/333690491/original.jpg,marine-life-sponge-883340,Plakortis angulospiculatus,sponges,encrusting-sponges,Plakinidae,Minimum depth from Ref. 116511. Fore-reef sponge. Found on subvertical to horizontal hard substrates (Ref. 116510).,,,6,34,,,,,,CC BY 4.0,"""Plakortis angulospiculatus"" by Jay Brasher (CC BY 4.0). http://creativecommons.org/licenses/by/4.0/ GBIF occurrence 4596807481.",gbif,yes,
marine-life-bristled-rubble-crab,26829,Bristled rubble crab,,marine-life-bristled-rubble-crab,Platyactaea setigera,invertebrates,crabs,Xanthidae,Red to orange carapace with two pale lines towards the rear. Claw arms and legs bristled with short brown hairs.,,0.025,0,65,,,,,,© Mickey Charteris — permission required,"Caribbean Reef Life (Mickey Charteris, 4th ed.)",caribbean-reef-life,yes,
marine-life-leather-backed-doris-variation,6799,leather-backed doris (Variation),https://inaturalist-open-data.s3.amazonaws.com/photos/262300269/original.jpg,marine-life-leather-backed-doris-variation,Platydoris angustipes,invertebrates,nudibranchs,Discodorididae,Small individuals may show clusters of small white spots on dorsum and white bars or triangles on mantle edges.,,,0,73,,,,,,CC BY 4.0,"""Platydoris angustipes"" by Dan Schofield (CC BY 4.0). http://creativecommons.org/licenses/by/4.0/ GBIF occurrence 4075763109.",gbif,yes,
marine-life-bladetooth-elbow-crab,162419,Bladetooth Elbow crab,,marine-life-bladetooth-elbow-crab,Platylambrus granulatus,invertebrates,crabs,Parthenopidae,"Elongated claw arms, much wider than carapace, with distinctive sharp forward-facing teeth on the outer edge.",,0.075,10,824,,,,,,© Mickey Charteris — permission required,"Caribbean Reef Life (Mickey Charteris, 4th ed.)",caribbean-reef-life,yes,
marine-life-gaudy-clown-crab,26832,gaudy clown crab,https://inaturalist-open-data.s3.amazonaws.com/photos/690997134/original.jpg,marine-life-gaudy-clown-crab,Platypodiella spectabilis,invertebrates,crabs,Xanthidae,"Rounded bumpy orange to red carapace with yellow markings lined in black, also on legs and claw arms.",,0.025,4,62,,,,,,CC BY 4.0,"""Platypodiella spectabilis"" by Paulo Mascaretti (CC BY 4.0). http://creativecommons.org/licenses/by/4.0/ GBIF occurrence 6431381323.",gbif,yes,
marine-life-cardinal-soldierfish,3253,cardinal soldierfish,,,Plectrypops retrospinis,fishes,squirrelfishes,Holocentridae,Oval pink to reddish body with large eye near front of head. Pale fins. Distinctively rounded lobes on tail.,,0.15,,22,Body shape: short and / or deep,,,,,,,,,
marine-life-warty-sidegill-slug,8469,warty sidegill slug,https://inaturalist-open-data.s3.amazonaws.com/photos/610695091/original.jpg,marine-life-warty-sidegill-slug,Pleurobranchus areolatus,invertebrates,nudibranchs,Pleurobranchidae,"Rounded tubercles cover the dorsum. Highly variable in color: yellow, gold or purple. Short fused rhinophores.",,0.15,0,30,,,,,,CC BY 4.0,"""Pleurobranchus areolatus"" by Dan Schofield (CC BY 4.0). http://creativecommons.org/licenses/by/4.0/ GBIF occurrence 6131410215.",gbif,yes,
marine-life-black-sea-rod,43966,Black sea rod,https://inaturalist-open-data.s3.amazonaws.com/photos/504392780/original.png,marine-life-black-sea-rod,Plexaura homomalla,corals,octocorals,Plexauridae,It develops a chemical defense against other invertebrates from the high concentration of prostaglandins in its soft tissues (Ref. 100527).,,,1,15,,,,,,CC0 1.0,"""Plexaura homomalla"" by Daniel Estabrooks (CC0 1.0). http://creativecommons.org/publicdomain/zero/1.0/ GBIF occurrence 5154484722.",gbif,yes,
marine-life-atlantic-kittenpaw,47225,Atlantic Kittenpaw oyster,https://inaturalist-open-data.s3.amazonaws.com/photos/610450593/original.jpg,marine-life-atlantic-kittenpaw,Plicatula gibbosa,invertebrates,oysters,Plicatulidae,Thick fan-shaped valves with large radial ribs. White with red or grayish lines. Found in shallow/intertidal areas.,,0.025,0,120,,,,,,CC BY 4.0,"""Plicatula gibbosa"" by wiregrasser (CC BY 4.0). http://creativecommons.org/licenses/by/4.0/ GBIF occurrence 6130070779.",gbif,yes,
marine-life-orangutan-neck-crab,27026,orangutan neck crab,,,Podochela macrodera,invertebrates,crabs,Inachidae,"Short, almost triangular rostrum. Commonly covered in filamentous red algae. Found in reef and rubble areas.",,0.05,0,91,,,,,,,,,,
marine-life-giant-tunicate,55615,giant tunicate,https://inaturalist-open-data.s3.amazonaws.com/photos/495673645/original.jpg,marine-life-giant-tunicate,Polycarpa spongiabilis,invertebrates,tunicates,Styelidae,"Globular body with two large siphons, often encrusted in algae. Incurrent siphon has thin inward-facing spines.",,0.1,0,60,,,,,,CC BY 4.0,"""Polycarpa spongiabilis"" by Dan Schofield (CC BY 4.0). http://creativecommons.org/licenses/by/4.0/ GBIF occurrence 6422185763.",gbif,yes,
marine-life-tunicates-55622,55622,mottled social tunicate,,,Polycarpa tumida,invertebrates,tunicates,Styelidae,Brownish tunicates growing in clusters from a common tunic. Outer edges of the siphons are pale and mottled.,,0.015,0,1,,,,,,,,,,
marine-life-gray-angelfish,1117,Gray angelfish (juvenile),https://inaturalist-open-data.s3.amazonaws.com/photos/623323953/original.jpg,marine-life-gray-angelfish,Pomacanthus arcuatus,fishes,angelfishes,Pomacanthidae,Three yellow bars. Blue spots on pelvic and anal fins. Squared tail with transparent margin (compare: P. paru).,,0.6,2,60,Body shape: short and / or deep,,,,,CC0 1.0,"""Pomacanthus arcuatus"" by Daniel Estabrooks (CC0 1.0). http://creativecommons.org/publicdomain/zero/1.0/ GBIF occurrence 6178964320.",gbif,yes,
marine-life-french-angelfish,1118,French angelfish,https://inaturalist-open-data.s3.amazonaws.com/photos/623323912/original.jpg,marine-life-french-angelfish,Pomacanthus paru,fishes,angelfishes,Pomacanthidae,"Dark gray with yellow scale edges. Yellow around eye, at base of pectoral fin and on tips of dorsal and anal fins.",,0.4,3,100,Body shape: short and / or deep,,,,,CC0 1.0,"""Pomacanthus paru"" by Daniel Estabrooks (CC0 1.0). http://creativecommons.org/publicdomain/zero/1.0/ GBIF occurrence 6179061347.",gbif,yes,
marine-life-star-horseshoe-worm,100778,Star Horseshoe Worm,https://inaturalist-open-data.s3.amazonaws.com/photos/615012619/original.jpg,marine-life-star-horseshoe-worm,Pomatostegus stellatus,invertebrates,worms,Serpulidae,Radioles form a U-shaped crown. Red and yellow are the most common colors. Calcified tube usually hidden.,,0.04,1,65,,,,,,CC BY 4.0,"""Pomatostegus stellatus"" by Dan Schofield (CC BY 4.0). http://creativecommons.org/licenses/by/4.0/ GBIF occurrence 6159255920.",gbif,yes,
marine-life-caribbean-pen-shrimp,24504,Caribbean pen shrimp,,,Pontonia mexicana,invertebrates,shrimps,Palaemonidae,"Reddish with white reticulated pattern on head, body and claw arms. Found inside living pen shells (p. 215).",,0.025,0,2,,,,,,,,,,
marine-life-red-miniature-sea-star,140838,Red Miniature Sea star,https://inaturalist-open-data.s3.amazonaws.com/photos/31025523/original.jpeg,marine-life-red-miniature-sea-star,Poraniella echinulata,invertebrates,sea-stars,Poraniidae,"Five broad arms tipped with black. Sometimes white markings on the top. Cryptic, found hiding in rubble.",,0.03,3,339,,,,,,CC BY 4.0,"""Poraniella echinulata"" by Vicencio de la Cruz-Francisco (CC BY 4.0). http://creativecommons.org/licenses/by/4.0/ GBIF occurrence 1993750041.",gbif,yes,
marine-life-spotted-porcelain-crab,26639,spotted porcelain crab,https://inaturalist-open-data.s3.amazonaws.com/photos/613915507/original.jpg,marine-life-spotted-porcelain-crab,Porcellana sayana,invertebrates,shrimps,Porcellanidae,"Pale pink to reddish carapace and claws, all covered in bright white and purple spots, each circled in red.",,0.025,0,110,,,,,,CC BY 4.0,"""Porcellana sayana"" by weirdguyfromflorida (CC BY 4.0). http://creativecommons.org/licenses/by/4.0/ GBIF occurrence 6159478355.",gbif,yes,
marine-life-mustard-hill-coral,45694,Mustard hill coral,https://inaturalist-open-data.s3.amazonaws.com/photos/624381083/original.jpg,marine-life-mustard-hill-coral,Porites astreoides,corals,cactus-corals,Poritidae,"Zooxanthellate (Ref. 116012). Reef flat (Ref. 811). In Belize, it was found in a submarine cave near Columbus Cay at a depth of 10 m (Ref. 87209).",,,0,70,,,,,,CC0 1.0,"""Porites astreoides"" by Daniel Estabrooks (CC0 1.0). http://creativecommons.org/publicdomain/zero/1.0/ GBIF occurrence 6186152447.",gbif,yes,
marine-life-blue-crust-coral,45698,Blue crust coral,https://inaturalist-open-data.s3.amazonaws.com/photos/353363657/original.jpeg,marine-life-blue-crust-coral,Porites branneri,corals,star-corals,Poritidae,"Zooxanthellate (Refs. 116012, 121684). On rocky reef of shallow waters (Ref. 121684).",,,1,30,,,,,,CC0 1.0,"""Porites branneri"" by Lucas Rodrigues (CC0 1.0). http://creativecommons.org/publicdomain/zero/1.0/ GBIF occurrence 4987633203.",gbif,yes,
marine-life-honeycomb-plate-coral,45699,Honeycomb plate coral,https://inaturalist-open-data.s3.amazonaws.com/photos/355780074/original.jpg,marine-life-honeycomb-plate-coral,Porites colonensis,corals,plate-corals,Poritidae,,,,,,,,,,,CC BY 4.0,"""Porites colonensis"" by Robin White (CC BY 4.0). http://creativecommons.org/licenses/by/4.0/ GBIF occurrence 4950350255.",gbif,yes,
marine-life-thin-finger-coral,131376,Thin finger coral,https://inaturalist-open-data.s3.amazonaws.com/photos/152227293/original.jpg,marine-life-thin-finger-coral,Porites divaricata,corals,branching-corals,Poritidae,"Found in shallow protected reef environments, especially seagrass beds (Ref. 83917).",,,0,47,,,,,,CC BY 4.0,"""Porites divaricata"" by Jay Brasher (CC BY 4.0). http://creativecommons.org/licenses/by/4.0/ GBIF occurrence 3343743893.",gbif,yes,
marine-life-club-tip-finger-coral,45611,Club tip finger coral,https://inaturalist-open-data.s3.amazonaws.com/photos/666588128/original.jpg,marine-life-club-tip-finger-coral,Porites porites,corals,branching-corals,Poritidae,"Common in shallow water in Bocas del Torro, Panama (Ref. 415). In Belize, it was found in a submarine cave near Columbus Cay at a depth of 10 m (Ref. 87209).",,,0,50,,,,,,CC0 1.0,"""Porites porites"" by Daniel Estabrooks (CC0 1.0). http://creativecommons.org/publicdomain/zero/1.0/ GBIF occurrence 6334405361.",gbif,yes,
marine-life-reef-cement,crl-921497,reef cement,,,Porolithon onkodes,plants,red-algae,,"A broad calcified crust of pink to gray alga that takes on the shape of the underlying reef, holding it in place.",,,,,,,,,,,,,,
marine-life-sargassum-swimming-crab,26811,sargassum swimming crab,https://inaturalist-open-data.s3.amazonaws.com/photos/627250288/original.jpg,marine-life-sargassum-swimming-crab,Portunus sayi,invertebrates,crabs,Portunidae,Brown to gold with white blotches. Yellow edges on arms and claws. Found hiding in floats of sargassum (p. 24).,,0.1,0,,,,,,,CC0 1.0,"""Portunus sayi"" by insect illuminati Get shrekt (CC0 1.0). http://creativecommons.org/publicdomain/zero/1.0/ GBIF occurrence 6185696611.",gbif,yes,
marine-life-bigeye,1149,bigeye,https://inaturalist-open-data.s3.amazonaws.com/photos/684967050/original.jpg,marine-life-bigeye,Priacanthus arenatus,fishes,squirrelfishes,Priacanthidae,Uniformly red to silvery-pink body. May have darker red bar or spots beneath eye. Schools over deeper reefs.,,0.45,10,200,Body shape: fusiform / normal,,,,,CC0 1.0,"""Priacanthus arenatus"" by Chris Spain (CC0 1.0). http://creativecommons.org/publicdomain/zero/1.0/ GBIF occurrence 6422370570.",gbif,yes,
marine-life-rusty-goby,3897,Rusty Goby,https://inaturalist-open-data.s3.amazonaws.com/photos/470868881/original.jpg,marine-life-rusty-goby,Priolepis hipoliti,fishes,gobies,Gobiidae,Wide reddish to orange bars on head and body. Red bands on forehead. Red spots on tail and dorsal fin. Often upside down.,,0.04,1,130,Body shape: fusiform / normal,,,,,CC BY 4.0,"""Priolepis hipoliti"" by Dan Schofield (CC BY 4.0). http://creativecommons.org/licenses/by/4.0/ GBIF occurrence 5069996143.",gbif,yes,
marine-life-bandtail-searobin,4022,bandtail searobin,https://inaturalist-open-data.s3.amazonaws.com/photos/302117081/original.jpg,marine-life-bandtail-searobin,Prionotus ophryas,fishes,batfishes,Triglidae,Coppery-orange body with broad black bars. Dark spots and bands on wide pectorals. Three black bars on tail,,0.2,1,171,Body shape: elongated,,,,,CC BY 4.0,"""Prionotus ophryas"" by Pauline Walsh Jacobson (CC BY 4.0). http://creativecommons.org/licenses/by/4.0/ GBIF occurrence 4165537207.",gbif,yes,
marine-life-bluewing-searobin-juvenile,1245,bluewing searobin (Juvenile),https://inaturalist-open-data.s3.amazonaws.com/photos/534995950/original.jpg,marine-life-bluewing-searobin-juvenile,Prionotus punctatus,fishes,batfishes,Triglidae,Juveniles have smaller pectorals and a distinctive dark spot at rear of first dorsal fin. Spot at center of tail base.,,0.45,,190,Body shape: fusiform / normal,,,,,CC0 1.0,"""Prionotus punctatus"" by Lucas Rodrigues (CC0 1.0). http://creativecommons.org/publicdomain/zero/1.0/ GBIF occurrence 5830994770.",gbif,yes,
marine-life-leopard-searobin,4027,leopard searobin,https://inaturalist-open-data.s3.amazonaws.com/photos/471863289/original.jpg,marine-life-leopard-searobin,Prionotus scitulus,fishes,searobins,Triglidae,Brown body with three or four wide diagonal darker bars. Body and fins have reddish spots. Florida/Gulf of Mexico.,,0.25,1,45,Body shape: elongated,,,,,CC BY 4.0,"""Prionotus scitulus"" by Brynn Fricke (CC BY 4.0). http://creativecommons.org/licenses/by/4.0/ GBIF occurrence 6184934534.",gbif,yes,
marine-life-barbados-miter,5613,Barbados miter,https://inaturalist-open-data.s3.amazonaws.com/photos/342784876/original.jpg,marine-life-barbados-miter,Probata barbadensis,invertebrates,snails,Mitridae,Smooth elongated shell with a long thin spire. Dark brown to reddish. Mantle and proboscis are yellow.,,0.025,0,82,,,,,,CC0 1.0,"""Probata barbadensis"" by Stari Plativky (CC0 1.0). http://creativecommons.org/publicdomain/zero/1.0/ GBIF occurrence 5844332516.",gbif,yes,
marine-life-yellowflap-syllid-worm,crl-626075,Yellowflap Syllid worm,,,Proceraea janetae,invertebrates,worms,,Slender elongated body with dark spots and small bright yellow flap-like cirri. Found on Great Star Coral (p. 82).,,0.045,,,,,,,,,,,,
marine-life-longsnout-butterflyfish,3600,longsnout butterflyfish,https://inaturalist-open-data.s3.amazonaws.com/photos/594240699/original.jpg,marine-life-longsnout-butterflyfish,Prognathodes aculeatus,fishes,butterflyfishes,Chaetodontidae,"Distinctively elongated snout. Orange bar above eye. Dorsal fins are darker, pelvic and anal fins are yellow.",,0.1,1,100,Body shape: short and / or deep,,,,,CC0 1.0,"""Prognathodes aculeatus"" by Justin Philbois (CC0 1.0). http://creativecommons.org/publicdomain/zero/1.0/ GBIF occurrence 5903721701.",gbif,yes,
marine-life-western-bluntnose-flyingfish,60691,Western Bluntnose flyingfish,https://inaturalist-open-data.s3.amazonaws.com/photos/354333002/original.jpg,marine-life-western-bluntnose-flyingfish,Prognichthys occidentalis,fishes,porgies,Exocoetidae,Dark upper body and short snout. Gray dorsal and anal fins. Pectoral fin brownish with pale tip and lower edge.,,0.23,0,,Body shape: elongated,,,,,CC BY 4.0,"""Prognichthys occidentalis"" by James-LaFontaine (CC BY 4.0). http://creativecommons.org/licenses/by/4.0/ GBIF occurrence 5837661303.",gbif,yes,
marine-life-lined-flatworm,crl-154587,lined flatworm,https://inaturalist-open-data.s3.amazonaws.com/photos/620784152/original.jpg,marine-life-lined-flatworm,Prostheceraeus crozieri,invertebrates,flatworms,,White to reddish-brown body with distinctive thin dark lines and a white margin. Close-set pseudotentacles.,,0.05,,,,,,,,CC BY 4.0,"""Prostheceraeus crozieri"" by Cricket Raspet (CC BY 4.0). http://creativecommons.org/licenses/by/4.0/ GBIF occurrence 6178528543.",gbif,yes,
marine-life-newmans-flatworm,crl-465665,newman’s flatworm,https://inaturalist-open-data.s3.amazonaws.com/photos/354745938/original.jpg,marine-life-newmans-flatworm,Prostheceraeus floridanus,invertebrates,flatworms,,White body with a dense reticulated pattern of brown markings. Black lines on the head and around margin.,,0.025,,,,,,,,CC BY 4.0,"""Prostheceraeus floridanus"" by Pauline Walsh Jacobson (CC BY 4.0). http://creativecommons.org/licenses/by/4.0/ GBIF occurrence 4535703306.",gbif,yes,
marine-life-common-atlantic-marginella,4639,Common Atlantic Marginella,https://inaturalist-open-data.s3.amazonaws.com/photos/537241884/original.jpg,marine-life-common-atlantic-marginella,Prunum apicinum,invertebrates,snails,Marginellidae,Translucent pear-shaped shell showing the animal’s markings underneath. Common in sandy shallow areas.,,0.012,0,25,,,,,,CC0 1.0,"""Prunum apicinum"" by David Emmanuel (CC0 1.0). http://creativecommons.org/publicdomain/zero/1.0/ GBIF occurrence 5231679278.",gbif,yes,
marine-life-orange-marginella,1257,orange marginella,https://inaturalist-open-data.s3.amazonaws.com/photos/457400146/original.jpeg,marine-life-orange-marginella,Prunum carneum,invertebrates,snails,Marginellidae,Orange teardrop-shaped shell with narrow white bands. Mantle with white blotches and dense orange spots.,,0.025,0,40,,,,,,CC BY 4.0,"""Prunum carneum"" by Josiah Londerée (CC BY 4.0). http://creativecommons.org/licenses/by/4.0/ GBIF occurrence 6422116506.",gbif,yes,
marine-life-white-spot-marginella,2361,white-spotted Marginella,https://inaturalist-open-data.s3.amazonaws.com/photos/276708518/original.jpg,marine-life-white-spot-marginella,Prunum guttatum,invertebrates,snails,Marginellidae,Glossy cream to brownish shell with white spots and faint banding. Translucent mantle with large white spots.,,0.025,0,31,,,,,,CC0 1.0,"""Prunum guttatum"" by Isaac Collibee (CC0 1.0). http://creativecommons.org/publicdomain/zero/1.0/ GBIF occurrence 5076744910.",gbif,yes,
marine-life-gastropod-141149,141149,Glowing marginella,https://inaturalist-open-data.s3.amazonaws.com/photos/254776379/original.jpg,marine-life-gastropod-141149,Prunum pruinosum,invertebrates,snails,Marginellidae,White to yellowish shell with white spots and blotches and faint bands. Translucent mantle with white blotches.,,0.012,0,55,,,,,,CC BY 4.0,"""Prunum pruinosum"" by Rodolfo Salinas Villarreal (CC BY 4.0). http://creativecommons.org/licenses/by/4.0/ GBIF occurrence 4029097811.",gbif,yes,
marine-life-caribbean-flatworm,crl-969789,Caribbean flatworm,https://images.marinespecies.org/123857_pseudobiceros-carribensis.png,marine-life-caribbean-flatworm,Pseudobiceros caribbensis,invertebrates,flatworms,,"Brownish body with darker blotches. Large white spots, denser along medial line. White-tipped pseudotentacles.",,0.025,,,,,,,,CC BY NC SA 4.0,"Photo via WoRMS Photogallery — Caribbean flatworm (Pseudobiceros caribbensis); author A. Dorsal view of live animal, showing coloration. Scale bar 1mm. B. Ventral view of live animal, showing pharynx, male gonopores, uteri, and patches of sperm from hypodermic insemina- tion. Scale bar 5 mm. C. Cleared whole mount of the anterior end showing pseudotentacles and pseudotentacular eyes. Scale bar 0.5 mm. Inset: Higher magnification of cerebral eye cluster. Scale bar 300 ?m. ph, pharynx; pt, pseudotenta- cles; sp, sperm; u, uteri; arrowheads, male gonopores.; AphiaID 879145, pic 123857",worms,yes,
marine-life-leopard-flatworm,crl-325493,leopard flatworm,https://inaturalist-open-data.s3.amazonaws.com/photos/250476910/original.jpeg,marine-life-leopard-flatworm,Pseudobiceros pardalis,invertebrates,flatworms,,Dark purple body with orange spots outlined in black. Margin and pseudotentacles lined with small white spots.,,0.13,,,,,,,,CC BY 4.0,"""Pseudobiceros pardalis"" by Pauline Walsh Jacobson (CC BY 4.0). http://creativecommons.org/licenses/by/4.0/ GBIF occurrence 4014949785.",gbif,yes,
marine-life-splendid-flatworm,crl-553067,splendid flatworm,https://inaturalist-open-data.s3.amazonaws.com/photos/435436096/original.jpg,marine-life-splendid-flatworm,Pseudobiceros splendidus,invertebrates,flatworms,,Dark purple to black body with thin purple and orange lines around the margin. Orange-tipped pseudotentacles.,,0.05,,,,,,,,CC0 1.0,"""Pseudobiceros splendidus"" by Justin Philbois (CC0 1.0). http://creativecommons.org/publicdomain/zero/1.0/ GBIF occurrence 4952497856.",gbif,yes,
marine-life-bicolored-flatworm-variation,crl-961554,bicolored flatworm (variation),https://inaturalist-open-data.s3.amazonaws.com/photos/235968334/original.jpg,marine-life-bicolored-flatworm-variation,Pseudoceros bicolor,invertebrates,flatworms,,Body may be paler with tiny white speckles. Same thin white margin with irregular white lines pointing inwards.,,,,,,,,,,CC BY 4.0,"""Pseudoceros bicolor"" by Thomas Irvine (CC BY 4.0). http://creativecommons.org/licenses/by/4.0/ GBIF occurrence 4046291580.",gbif,yes,
marine-life-black-velvet-flatworm,crl-976354,black velvet flatworm,https://images.marinespecies.org/123394.gif,marine-life-black-velvet-flatworm,Pseudoceros bolool,invertebrates,flatworms,,Uniformly black body and pseudotentacles. Light gray underside. Found mostly in sandy areas. Circumtropical.,,0.05,,,,,,,,CC BY NC SA 4.0,"Photo via WoRMS Photogallery — black velvet flatworm (Pseudoceros bolool); author WoRMS contributor; AphiaID 878912, pic 123394",worms,yes,
marine-life-rawlinsons-flatworm-variation,crl-825599,rawlinson’s flatworm (Variation),https://inaturalist-open-data.s3.amazonaws.com/photos/357459765/original.jpg,marine-life-rawlinsons-flatworm-variation,Pseudoceros rawlinsonae,invertebrates,flatworms,,The dark area in the center of the body may be speckled with white spots. The mantle margin remains orange.,,,,,,,,,,CC BY 4.0,"""Pseudoceros rawlinsonae"" by Dan Schofield (CC BY 4.0). http://creativecommons.org/licenses/by/4.0/ GBIF occurrence 5069697110.",gbif,yes,
marine-life-knobby-brain-coral,46690,Knobby brain coral,https://inaturalist-open-data.s3.amazonaws.com/photos/609019459/original.jpg,marine-life-knobby-brain-coral,Pseudodiploria clivosa,corals,brain-corals,Faviidae,Zooxanthellate (Ref. 116012).,,,0,41,,,,,,CC BY 4.0,"""Pseudodiploria clivosa"" by Jan Ebr & Ivana Ebrová (CC BY 4.0). http://creativecommons.org/licenses/by/4.0/ GBIF occurrence 6131669072.",gbif,yes,
marine-life-symmetrical-brain-coral,46693,Symmetrical brain coral,https://inaturalist-open-data.s3.amazonaws.com/photos/654571927/original.jpg,marine-life-symmetrical-brain-coral,Pseudodiploria strigosa,corals,brain-corals,Faviidae,"Zooxanthellate (Ref. 116012). In Belize, it was found in submarine cave near Columbus Cay at a depth of 10 m (Ref. 87209).",,,0,47,,,,,,CC0 1.0,"""Pseudodiploria strigosa"" by Tim Kirsten (CC0 1.0). http://creativecommons.org/publicdomain/zero/1.0/ GBIF occurrence 6273640310.",gbif,yes,
marine-life-reef-bass,3352,Reef bass,,,Pseudogramma gregoryi,fishes,basses,Grammistidae,"Reddish-brown body with large dark patch on gill cover. Dark tail, rear dorsal and anal fin. Shy, hides in crevices.",,0.075,1,70,Body shape: fusiform / normal,,,,,,,,,
marine-life-rough-rubble-crab,crl-428459,Rough Rubble crab,,,Pseudomedaeus agassizi,invertebrates,crabs,,Narrow V-shaped notch on front of carapace. White- banded legs. Distinctive ridges on front of claw arms.,,0.03,,,,,,,,,,,,
marine-life-blue-faced-hermit,crl-119880,Blue-faced hermit,,marine-life-blue-faced-hermit,Pseudopaguristes invisisacculus,invertebrates,crabs,,"Pale brown body and dark, banded legs and claw arms. Distinctive blue on eyestalks, antennae and mouth-parts.",,,,,,,,,,© Mickey Charteris — permission required,"Caribbean Reef Life (Mickey Charteris, 4th ed.)",caribbean-reef-life,yes,
marine-life-wire-coral-shrimp,20759,wire coral shrimp,https://inaturalist-open-data.s3.amazonaws.com/photos/176575710/original.jpeg,marine-life-wire-coral-shrimp,Pseudopontonides principis,invertebrates,shrimps,Palaemonidae,Tapering body. Long thin claws and a flattened tail. May have white bands. Usually found on Wire Coral (p. 91).,,0.015,,,,,,,,CC BY 4.0,"""Pseudopontonides principis"" by Dan Schofield (CC BY 4.0). http://creativecommons.org/licenses/by/4.0/ GBIF occurrence 3456784626.",gbif,yes,
marine-life-false-killer-whale,69398,false killer whale,https://inaturalist-open-data.s3.amazonaws.com/photos/265331244/original.jpg,marine-life-false-killer-whale,Pseudorca crassidens,mammals,,Delphinidae,Dark gray with a long tapering forehead. Sickle-shaped dorsal fin and long narrow flippers with pointed tips.,,6,0,2332,,,,,yes,CC0 1.0,"""Pseudorca crassidens"" by Hugo Hulsberg (CC0 1.0). http://creativecommons.org/publicdomain/zero/1.0/ GBIF occurrence 4096523599.",gbif,yes,
marine-life-ciliated-false-squilla,27281,ciliated false squilla,https://inaturalist-open-data.s3.amazonaws.com/photos/525730956/original.jpg,marine-life-ciliated-false-squilla,Pseudosquilla ciliata,invertebrates,shrimps,Pseudosquillidae,Brown to light green body with white spots or stripes. Can change colors and pattern quickly as it moves.,,0.09,1,150,,,,,,CC0 1.0,"""Pseudosquilla ciliata"" by Damien Wallace (CC0 1.0). http://creativecommons.org/publicdomain/zero/1.0/ GBIF occurrence 5205946669.",gbif,yes,
marine-life-spotted-goatfish,1094,Spotted goatfish,https://inaturalist-open-data.s3.amazonaws.com/photos/632022287/original.jpg,marine-life-spotted-goatfish,Pseudupeneus maculatus,fishes,toadfishes,Mullidae,White to pink body with three large reddish-black spots below dorsal fin. Blue lines from mouth to below eye.,,0.3,0,90,Body shape: fusiform / normal,,,,,CC0 1.0,"""Pseudupeneus maculatus"" by Stari Plativky (CC0 1.0). http://creativecommons.org/publicdomain/zero/1.0/ GBIF occurrence 6234188280.",gbif,yes,
marine-life-psilotris-kaufmani,56749,Tunnel goby,,marine-life-psilotris-kaufmani,Psilotris kaufmani,fishes,gobies,Gobiidae,"Silvery blue body with golden saddles. Dark bars below eye. Black upper pectorals, usually held out to the sides.",,0.03,8,50,Body shape: elongated,,,,,© Mickey Charteris — permission required,"Caribbean Reef Life (Mickey Charteris, 4th ed.)",caribbean-reef-life,yes,
marine-life-blue-dartfish,3881,Blue dartfish,https://inaturalist-open-data.s3.amazonaws.com/photos/340116922/original.jpg,marine-life-blue-dartfish,Ptereleotris calliura,fishes,gobies,Microdesmidae,"Similar to Hovering Dartfish (below), but with a long pointed tail in adults and black or dark red margins on dorsal fin.",,0.13,5,50,Body shape: elongated,,,,,CC BY 4.0,"""Ptereleotris calliura"" by Pauline Walsh Jacobson (CC BY 4.0). http://creativecommons.org/licenses/by/4.0/ GBIF occurrence 4919207717.",gbif,yes,
marine-life-hovering-goby,12772,hovering dartfish,https://inaturalist-open-data.s3.amazonaws.com/photos/358263665/original.jpg,marine-life-hovering-goby,Ptereleotris helenae,fishes,gobies,Microdesmidae,"Bluish-gray to lavender with electric blue stripe on head. Rounded tail, not pointed. No black margin on dorsal fin.",,0.12,3,60,Body shape: elongated,,,,,CC BY 4.0,"""Ptereleotris helenae"" by Pauline Walsh Jacobson (CC BY 4.0). http://creativecommons.org/licenses/by/4.0/ GBIF occurrence 4597531944.",gbif,yes,
marine-life-atlantic-wing-oyster,47708,atlantic wing oyster,https://inaturalist-open-data.s3.amazonaws.com/photos/656752647/original.jpg,marine-life-atlantic-wing-oyster,Pteria colymbus,invertebrates,oysters,Pteriidae,"Dark brown valves with a distinctive point near the hinge. Found attached to gorgonians, often heavily encrusted.",,0.075,0,150,,,,,,CC0 1.0,"""Pteria colymbus"" by Tim Kirsten (CC0 1.0). http://creativecommons.org/publicdomain/zero/1.0/ GBIF occurrence 6273161732.",gbif,yes,
marine-life-angular-sea-whip,44140,angular sea whip,https://inaturalist-open-data.s3.amazonaws.com/photos/621334238/original.jpg,marine-life-angular-sea-whip,Pterogorgia anceps,corals,octocorals,Gorgoniidae,Bushy colony of long tapering branches. Each branch divided into X or Y shape when seen in cross section.,,0.6,1,9,,,,,,CC0 1.0,"""Pterogorgia anceps"" by Tommy (CC0 1.0). http://creativecommons.org/publicdomain/zero/1.0/ GBIF occurrence 6179567766.",gbif,yes,
marine-life-yellow-sea-whip,44141,yellow sea whip,https://inaturalist-open-data.s3.amazonaws.com/photos/692890420/original.jpg,marine-life-yellow-sea-whip,Pterogorgia citrina,corals,octocorals,Gorgoniidae,Short bushy colonies of flattened branches. Bright yellow with translucent white polyps on all branch edges.,,0.35,1,27,,,,,,CC BY 4.0,"""Pterogorgia citrina"" by Matteo Bellucci (CC BY 4.0). http://creativecommons.org/licenses/by/4.0/ GBIF occurrence 6431800306.",gbif,yes,
marine-life-grooved-blade-sea-whip,44139,grooved blade sea whip,https://inaturalist-open-data.s3.amazonaws.com/photos/243063112/original.jpg,marine-life-grooved-blade-sea-whip,Pterogorgia guadalupensis,corals,octocorals,Gorgoniidae,Flattened purple branches in fan or bush shapes. White polyps extend from grooves running down both edges.,,0.6,,,,,,,,CC BY 4.0,"""Pterogorgia guadalupensis"" by Robin White (CC BY 4.0). http://creativecommons.org/licenses/by/4.0/ GBIF occurrence 4607414445.",gbif,yes,
marine-life-red-lionfish,5195,Red lionfish,https://inaturalist-open-data.s3.amazonaws.com/photos/612039495/original.jpg,marine-life-red-lionfish,Pterois volitans,fishes,lionfish,Scorpaenidae,Red bars on head and body. Large pectoral arrays. Long dorsal and anal spines. Fleshy appendages around mouth.,,0.49,2,55,Body shape: fusiform / normal,,,,,CC0 1.0,"""Pterois volitans"" by Lauren Bosch (CC0 1.0). http://creativecommons.org/publicdomain/zero/1.0/ GBIF occurrence 6133120143.",gbif,yes,
marine-life-sea-elephant,4244,Sea elephant,https://inaturalist-open-data.s3.amazonaws.com/photos/631466175/original.jpg,marine-life-sea-elephant,Pterotrachea coronata,invertebrates,nudibranchs,Pterotracheidae,Nearly transparent body with a long bulbous proboscis and dark eyes. Foot appears as a single swimming fin.,,0.26,0,400,,,,,,CC BY 4.0,"""Pterotrachea coronata"" by Mário de Pinto Balsemão (CC BY 4.0). http://creativecommons.org/licenses/by/4.0/ GBIF occurrence 6480519615.",gbif,yes,
marine-life-coffeebean-trivia,2290,coffee bean Trivia,https://inaturalist-open-data.s3.amazonaws.com/photos/711575775/original.jpg,marine-life-coffeebean-trivia,Pusula pediculus,invertebrates,snails,Triviidae,Pale grooved shell with dark patches. Brownish mantle covering the shell may have many knobby protrusions.,,0.03,0,129,,,,,,CC0 1.0,"""Pusula pediculus"" by Lucas Rodrigues (CC0 1.0). http://creativecommons.org/publicdomain/zero/1.0/ GBIF occurrence 6479293100.",gbif,yes,
marine-life-giant-atlantic-pyram,6915,giant atlantic pyram,https://inaturalist-open-data.s3.amazonaws.com/photos/342800716/original.jpg,marine-life-giant-atlantic-pyram,Pyramidella dolabrata,invertebrates,snails,Pyramidellidae,Elongated shell with a sharply pointed spire. Thin brown lines encircle the shell. White mantle. Buries into sand.,,0.05,0,57,,,,,,CC0 1.0,"""Pyramidella dolabrata"" by Stari Plativky (CC0 1.0). http://creativecommons.org/publicdomain/zero/1.0/ GBIF occurrence 5133354258.",gbif,yes,
marine-life-atlantic-pyrosome,55860,Atlantic Pyrosome,https://inaturalist-open-data.s3.amazonaws.com/photos/461972490/original.jpeg,marine-life-atlantic-pyrosome,Pyrosoma atlanticum,invertebrates,tunicates,Pyrosomatidae,"A colony of thousands of tunicate clones, joined to form a long cylindrical structure. Pelagic, rarely seen over reefs.",,0.6,0,250,,,,,,CC0 1.0,"""Pyrosoma atlanticum"" by Alison K (CC0 1.0). http://creativecommons.org/publicdomain/zero/1.0/ GBIF occurrence 5007746382.",gbif,yes,
marine-life-blackspotted-snake-eel,16520,blackspotted Snake eel,https://collections.nmnh.si.edu/media/?i=11402973&h=2000,marine-life-blackspotted-snake-eel,Quassiremus ascensionis,fishes,eels,Ophichthidae,Pale brown body with reddish spots with black centers. Small black spots on face and head. Protruding nostrils.,,0.7,,12,Body shape: eel-like,,,,,CC0 1.0,"""Quassiremus goslingi RAD118439-001"" by Division of Fishes (CC0 1.0). http://creativecommons.org/publicdomain/zero/1.0/ GBIF occurrence 1456312517.",gbif,yes,
marine-life-solitary-gorgonian-hydroid,77616,solitary gorgonian hydroid,https://inaturalist-open-data.s3.amazonaws.com/photos/610675489/original.jpg,marine-life-solitary-gorgonian-hydroid,Ralpharia gorgoniae,invertebrates,hydroids,Tubulariidae,Single white or pinkish polyp surrounded by numerous thin curling tentacles. Often found with amphipods (p. 265).,,0.025,3,15,,,,,,CC BY 4.0,"""Ralpharia gorgoniae"" by Dan Schofield (CC BY 4.0). http://creativecommons.org/licenses/by/4.0/ GBIF occurrence 6131127983.",gbif,yes,
marine-life-whitefin-sharksucker,1751,whitefin sharksucker,https://inaturalist-open-data.s3.amazonaws.com/photos/676630284/original.jpg,marine-life-whitefin-sharksucker,Remora remora,fishes,sharksuckers,Echeneidae,The most common sharksucker on Green Sea Turtles. May be seen aggressively feeding on the turtle’s waste.,,0.75,0,200,Body shape: elongated,,,,,CC0 1.0,"""Remora remora"" by Светлана Царахова (CC0 1.0). http://creativecommons.org/publicdomain/zero/1.0/ GBIF occurrence 6400859520.",gbif,yes,
marine-life-whale-shark,2081,whale shark,https://inaturalist-open-data.s3.amazonaws.com/photos/621167313/original.jpg,marine-life-whale-shark,Rhincodon typus,fishes,sharks,Rhincodontidae,Dark gray to black body covered in white spots and thin white lines. Three distinct ridges running along sides.,,17,0,1928,Body shape: elongated,,,,,CC0 1.0,"""Rhincodon typus"" by Justin Philbois (CC0 1.0). http://creativecommons.org/publicdomain/zero/1.0/ GBIF occurrence 6178377645.",gbif,yes,
marine-life-elongated-pinecone-alga,crl-691792,elongated pinecone alga,,,Rhipocephalus brevifolius,plants,green-algae,,Short dense dark green leaves growing upwards from a central stalk. More elongated than similar species.,,0.13,,,,,,,,,,,,
marine-life-ragged-pinecone-alga,crl-903718,ragged pinecone alga,,,Rhipocephalus longifolius,plants,green-algae,,Flat olive-green leaves growing upwards from a central stalk. Leaves are not as dense and end in a blunt top.,,0.13,,,,,,,,,,,,
marine-life-pinecone-alga,121325,pinecone alga,https://inaturalist-open-data.s3.amazonaws.com/photos/469377443/original.jpg,marine-life-pinecone-alga,Rhipocephalus phoenix,plants,green-algae,Udoteaceae,Thin plate-like leaves growing upwards in a concentric pattern and forming a ball shape. Often pointed at the tip.,,0.1,,,,,,,,CC0 1.0,"""Rhipocephalus phoenix"" by Jean-Paul Boerekamps (CC0 1.0). http://creativecommons.org/publicdomain/zero/1.0/ GBIF occurrence 5064100909.",gbif,yes,
marine-life-caribbean-sharpnose-shark,crl-420504,Caribbean sharpnose shark,,,Rhizoprionodon porosus,fishes,sharks,,Dusky gray. Dorsal fin starts above pectoral edge. 2nd dorsal fin above middle of anal fin. Found in shallows.,,,,,,,,,,,,,,
marine-life-coral,46615,Coral,,,Rhizopsammia goesi,corals,cup-corals,Dendrophylliidae,Azooxanthellate. Found in the outer continental shelf (Ref. 116012).,,,5,119,,,,,,,,,,
marine-life-warty-corallimorph,crl-518541,warty corallimorph,https://inaturalist-open-data.s3.amazonaws.com/photos/612790344/original.jpg,marine-life-warty-corallimorph,Rhodactis osculifera,invertebrates,corallimorphs,,Flattened disc with tentacles ending in forked projections. Shorter tentacles around rim. May be found in clusters.,,0.09,,,,,,,,CC BY 4.0,"""Rhodactis osculifera"" by Matteo Bellucci (CC BY 4.0). http://creativecommons.org/licenses/by/4.0/ GBIF occurrence 6147378951.",gbif,yes,
marine-life-reef-tunicate,53251,reef tunicate,https://inaturalist-open-data.s3.amazonaws.com/photos/610686943/original.jpg,marine-life-reef-tunicate,Rhopalaea abdominalis,invertebrates,tunicates,Diazonidae,Smooth rounded body with large incurrent and excurrent siphons. Color variable from brown to lavender or purple.,,0.04,0,80,,,,,,CC BY 4.0,"""Rhopalaea abdominalis"" by Dan Schofield (CC BY 4.0). http://creativecommons.org/licenses/by/4.0/ GBIF occurrence 6130795959.",gbif,yes,
marine-life-florida-corallimorph-variation,44830,florida corallimorph (variation),https://inaturalist-open-data.s3.amazonaws.com/photos/609284598/original.jpg,marine-life-florida-corallimorph-variation,Ricordea florida,invertebrates,corallimorphs,Ricordeidae,"Grows singly or in dense clusters. This corallimorph is also able to fluoresce, seeming to give off its own light.",,,,,,,,,,CC BY 4.0,"""Ricordea florida"" by Jan Ebr & Ivana Ebrová (CC BY 4.0). http://creativecommons.org/licenses/by/4.0/ GBIF occurrence 6451577352.",gbif,yes,
marine-life-tusked-goby,3898,tusked goby,https://inaturalist-open-data.s3.amazonaws.com/photos/401758789/original.jpg,marine-life-tusked-goby,Risor ruber,fishes,gobies,Gobiidae,Brownish-gray with dense dark speckles. Often white bar at midbody. Low jaw on blunt snout. Found on sponges.,,0.025,,,Body shape: fusiform / normal,,,,,CC BY 4.0,"""Risor ruber"" by Pauline Walsh Jacobson (CC BY 4.0). http://creativecommons.org/licenses/by/4.0/ GBIF occurrence 4903856778.",gbif,yes,
marine-life-monogram-isopod,21901,Monogram isopod,https://inaturalist-open-data.s3.amazonaws.com/photos/527178245/original.jpg,marine-life-monogram-isopod,Rocinela signata,invertebrates,shrimps,Aegidae,Light brown segments often with dark edges. Distinctive rounded W marking on tail. Usually attaches near gills.,,0.03,0,93,,,,,,CC0 1.0,"""Rocinela signata"" by Lucas Rodrigues (CC0 1.0). http://creativecommons.org/publicdomain/zero/1.0/ GBIF occurrence 5215682292.",gbif,yes,
marine-life-slope-soapfish,66505,Slope Soapfish,,marine-life-slope-soapfish,Rypticus carpenteri,fishes,basses,Grammistidae,"Yellowish-brown with black spots. Spots on yellow-edged tail, dorsal and anal fins. Shy, often hides under ledges.",,0.1,0,40,Body shape: Elongated,,,,,© Mickey Charteris — permission required,"Caribbean Reef Life (Mickey Charteris, 4th ed.)",caribbean-reef-life,yes,
marine-life-greater-soapfish,1056,Greater soapfish,https://inaturalist-open-data.s3.amazonaws.com/photos/594241667/original.jpg,marine-life-greater-soapfish,Rypticus saponaceus,fishes,basses,Grammistidae,Grayish-brown body with white blotches and a pointed snout. Rounded fins and tail. Often found lying on its side.,,0.35,1,70,Body shape: fusiform / normal,,,,,CC0 1.0,"""Rypticus saponaceus"" by Justin Philbois (CC0 1.0). http://creativecommons.org/publicdomain/zero/1.0/ GBIF occurrence 5903993463.",gbif,yes,
marine-life-spotted-soapfish,3355,Spotted Soapfish,https://inaturalist-open-data.s3.amazonaws.com/photos/615004886/original.jpg,marine-life-spotted-soapfish,Rypticus subbifrenatus,fishes,basses,Grammistidae,Brown with dark spots behind eye and only few spots on body. Fins match body color. Found in shallow rubble.,,0.18,1,26,Body shape: fusiform / normal,,,,,CC BY 4.0,"""Rypticus subbifrenatus"" by Dan Schofield (CC BY 4.0). http://creativecommons.org/licenses/by/4.0/ GBIF occurrence 6159646802.",gbif,yes,
marine-life-magnificent-feather-duster,40829,magnificent feather duster,https://inaturalist-open-data.s3.amazonaws.com/photos/613986925/original.jpg,marine-life-magnificent-feather-duster,Sabellastarte magnifica,invertebrates,feather-dusters,Sabellidae,"The largest of the feather dusters, with a double row of banded radioles. Variable in color: tan, yellow or purple.",,0.15,,,,,,,,CC0 1.0,"""Sabellastarte magnifica"" by Lauren Bosch (CC0 1.0). http://creativecommons.org/publicdomain/zero/1.0/ GBIF occurrence 6159448481.",gbif,yes,
marine-life-sea-frost,100770,sea frost,https://inaturalist-open-data.s3.amazonaws.com/photos/161554307/original.jpg,marine-life-sea-frost,Salmacina huxleyi,invertebrates,worms,Serpulidae,Encrusting tangles of thin white tubes that the tiny worms build as shelters. Tiny red radioles are visible at each tip.,,0.15,,,,,,,,CC BY 4.0,"""Salmacina huxleyi"" by Pauline Walsh Jacobson (CC BY 4.0). http://creativecommons.org/licenses/by/4.0/ GBIF occurrence 3747161459.",gbif,yes,
marine-life-whitespotted-toadfish,47246,whitespotted toadfish,https://inaturalist-open-data.s3.amazonaws.com/photos/454390557/original.jpg,marine-life-whitespotted-toadfish,Sanopus astrifer,fishes,toadfishes,Batrachoididae,"Black body and pointed barbels, covered with small white spots. Found only in Belize and surrounding atolls.",,0.28,,,Body shape: elongated,,,,,CC BY 4.0,"""Sanopus astrifer"" by Andrew McKinlay (CC BY 4.0). http://creativecommons.org/licenses/by/4.0/ GBIF occurrence 4994025480.",gbif,yes,
marine-life-bearded-toadfish,970,Bearded toadfish,https://inaturalist-open-data.s3.amazonaws.com/photos/71636856/original.jpeg,marine-life-bearded-toadfish,Sanopus barbatus,fishes,toadfishes,Batrachoididae,Elongated brown body with broad head. Thick branching barbels around chin. Large blue eyes. Belize to Panama.,,0.41,,,Body shape: elongated,,,,,CC0 1.0,"""Sanopus barbatus"" by TheMongrelKoi (CC0 1.0). http://creativecommons.org/publicdomain/zero/1.0/ GBIF occurrence 3337386383.",gbif,yes,
marine-life-whitelined-toadfish,26095,whitelined toadfish,,,Sanopus greenfieldorum,fishes,toadfishes,Batrachoididae,Black body with solid white lines on head and radiating from eyes. White spots on body. Found only in Belize.,,0.31,,,Body shape: elongated,,,,,,,,,
marine-life-cozumel-toadfish,53939,Cozumel toadfish,,,Sanopus johnsoni,fishes,toadfishes,Batrachoididae,"Long thin fleshy barbels around chin, rarely branching. Large whitish nostrils in front of eyes. Yucatan to Belize.",,0.3,,,Body shape: elongated,,,,,,,,,
marine-life-splendid-toadfish,12024,splendid toadfish,https://inaturalist-open-data.s3.amazonaws.com/photos/594241365/original.jpg,marine-life-splendid-toadfish,Sanopus splendidus,fishes,toadfishes,Batrachoididae,"Thin white lines on head. Yellow border on pectoral fins. Yellow ventral, dorsal and anal fins. Endemic to Yucatan.",,0.29,8,25,Body shape: elongated,,,,,CC0 1.0,"""Sanopus splendidus"" by Justin Philbois (CC0 1.0). http://creativecommons.org/publicdomain/zero/1.0/ GBIF occurrence 5903724018.",gbif,yes,
marine-life-sargassum-alga,123055,sargassum alga,,marine-life-sargassum-alga,Sargassum acinarium,plants,brown-algae,Sargassaceae,Tough leathery greenish-brown leaves with darker brown blotches. Gas floats connect by a flattened stalk.,,0.045,0,3,,,,,,© Mickey Charteris — permission required,"Caribbean Reef Life (Mickey Charteris, 4th ed.)",caribbean-reef-life,yes,
marine-life-wiry-sargassum-alga,112880,wiry sargassum alga,https://inaturalist-open-data.s3.amazonaws.com/photos/183635332/original.jpeg,marine-life-wiry-sargassum-alga,Sargassum filipendula,plants,brown-algae,Sargassaceae,"Sparse elongated brown leaves, often forking near the base. Attaches to the reef with a strong conical holdfast.",,0.6,0,33,,,,,,CC BY 4.0,"""Sargassum filipendula"" by Hill Craddock (CC BY 4.0). http://creativecommons.org/licenses/by/4.0/ GBIF occurrence 4852387952.",gbif,yes,
marine-life-sargassum-seaweed,114912,sargassum seaweed,https://inaturalist-open-data.s3.amazonaws.com/photos/611959884/original.jpg,marine-life-sargassum-seaweed,Sargassum fluitans,plants,brown-algae,Sargassaceae,Long serrated blades with pale central vein. Gas floats are rounded. Gathers in wide mats of floating vegetation.,,0.9,,,,,,,,CC0 1.0,"""Sargassum fluitans"" by Daniel F (CC0 1.0). http://creativecommons.org/publicdomain/zero/1.0/ GBIF occurrence 6133229379.",gbif,yes,
marine-life-white-vein-sargassum-alga,114658,white-vein sargassum alga,https://inaturalist-open-data.s3.amazonaws.com/photos/205998202/original.jpg,marine-life-white-vein-sargassum-alga,Sargassum hystrix,plants,brown-algae,Sargassaceae,Elongated oval leaves with a whitish central vein. Olive to light brown. Often found growing in small clusters.,,0.4,0,137,,,,,,CC BY 4.0,"""Sargassum hystrix"" by Donald Davesne (CC BY 4.0). http://creativecommons.org/licenses/by/4.0/ GBIF occurrence 6479366860.",gbif,yes,
marine-life-sargasso-weed,126761,sargasso weed,https://inaturalist-open-data.s3.amazonaws.com/photos/501483386/original.jpg,marine-life-sargasso-weed,Sargassum natans,plants,brown-algae,Sargassaceae,Narrow brown blades with serrated edges. No prominent central vein. Gas floats with distinctively pointed tips.,,0.45,,,,,,,,CC0 1.0,"""Sargassum natans"" by Bonnie Isaac (CC0 1.0). http://creativecommons.org/publicdomain/zero/1.0/ GBIF occurrence 5153134607.",gbif,yes,
marine-life-flat-blade-sargassum-alga,116680,Flat-blade sargassum alga,,,Sargassum platycarpum,plants,brown-algae,Sargassaceae,Thin leaves with toothed edges are sparsely distributed along a stalk attached to the reef. Fewer gas floats.,,0.45,,,,,,,,,,,,
marine-life-doubtful-lizardfish,16512,Doubtful lizardfish,,marine-life-doubtful-lizardfish,Saurida suspicio,fishes,lizardfishes,Synodontidae,Slender light brown body with dark saddles. Large dark spots along the lateral line. Distinctive tiny oval pupil.,,0.09,,,Body shape: elongated,,,,,© Mickey Charteris — permission required,"Caribbean Reef Life (Mickey Charteris, 4th ed.)",caribbean-reef-life,yes,
marine-life-molly-miller,3770,Molly Miller,https://inaturalist-open-data.s3.amazonaws.com/photos/519375818/original.jpg,marine-life-molly-miller,Scartella cristata,fishes,blennies,Blenniidae,Olive-green with dark bars. Pearly spots on upper back and head. Distinctive mohawk of red and white filaments.,,0.1,0,10,Body shape: fusiform / normal,,,,,CC0 1.0,"""Scartella cristata"" by Stuart (CC0 1.0). http://creativecommons.org/publicdomain/zero/1.0/ GBIF occurrence 5199162832.",gbif,yes,
marine-life-midnight-parrotfish,1152,midnight parrotfish (terminal),https://inaturalist-open-data.s3.amazonaws.com/photos/470240984/original.jpg,marine-life-midnight-parrotfish,Scarus coelestinus,fishes,parrotfishes,Scaridae,Dark blue body and fins. Paler blue facial markings. Large beak often covered in algae. Pointed lobes on tail.,,0.77,5,75,Body shape: fusiform / normal,,,,,CC0 1.0,"""Scarus coelestinus"" by Jean-Paul Boerekamps (CC0 1.0). http://creativecommons.org/publicdomain/zero/1.0/ GBIF occurrence 5069981312.",gbif,yes,
marine-life-blue-parrotfish,1153,blue parrotfish (terminal),https://inaturalist-open-data.s3.amazonaws.com/photos/468804737/original.jpg,marine-life-blue-parrotfish,Scarus coeruleus,fishes,parrotfishes,Scaridae,Uniformly light blue body with gray area on cheek. All fins are blue. Distinctively blunt head. Small pale blue eyes.,,1.2,3,25,Body shape: fusiform / normal,,,,,CC0 1.0,"""Scarus coeruleus"" by Jean-Paul Boerekamps (CC0 1.0). http://creativecommons.org/publicdomain/zero/1.0/ GBIF occurrence 5063969115.",gbif,yes,
marine-life-rainbow-parrotfish,1155,rainbow parrotfish (terminal),https://inaturalist-open-data.s3.amazonaws.com/photos/609337635/original.jpg,marine-life-rainbow-parrotfish,Scarus guacamaia,fishes,parrotfishes,Scaridae,The largest of the parrotfishes. Orange-bronze head and green body. Large scales. Orange tail with pointed lobes.,,1.2,3,25,Body shape: fusiform / normal,,,,,CC0 1.0,"""Scarus guacamaia"" by aiwendil (CC0 1.0). http://creativecommons.org/publicdomain/zero/1.0/ GBIF occurrence 6131144955.",gbif,yes,
marine-life-striped-parrotfish,1154,striped parrotfish (juvenile),https://inaturalist-open-data.s3.amazonaws.com/photos/608986786/original.jpg,marine-life-striped-parrotfish,Scarus iseri,fishes,parrotfishes,Scaridae,Pale body with three dark stripes from snout to tail base. Reddish eyes. Clear tail (compare: S. taeniopterus).,,0.35,3,25,Body shape: fusiform / normal,,,,,CC0 1.0,"""Scarus iseri"" by rockybajada (CC0 1.0). http://creativecommons.org/publicdomain/zero/1.0/ GBIF occurrence 6131036598.",gbif,yes,
marine-life-princess-parrotfish,1156,princess parrotfish (juvenile),https://inaturalist-open-data.s3.amazonaws.com/photos/468802877/original.jpg,marine-life-princess-parrotfish,Scarus taeniopterus,fishes,parrotfishes,Scaridae,Pale body with three dark stripes from snout to tail base. Diffuse dark borders on tail (compare: S. iseri juvenile).,,0.35,2,25,Body shape: fusiform / normal,,,,,CC0 1.0,"""Scarus taeniopterus"" by Jean-Paul Boerekamps (CC0 1.0). http://creativecommons.org/publicdomain/zero/1.0/ GBIF occurrence 5063948238.",gbif,yes,
marine-life-queen-parrotfish,1157,queen parrotfish (initial),https://inaturalist-open-data.s3.amazonaws.com/photos/667287744/original.jpg,marine-life-queen-parrotfish,Scarus vetula,fishes,parrotfishes,Scaridae,Brownish-gray upper body with diffuse white stripe from pectoral to lower tail base. No markings on a gray face.,,0.61,3,25,Body shape: fusiform / normal,,,,,CC0 1.0,"""Scarus vetula"" by Daniel Estabrooks (CC0 1.0). http://creativecommons.org/publicdomain/zero/1.0/ GBIF occurrence 6352272495.",gbif,yes,
marine-life-sea-rod-basket-star,crl-701882,sea rod basket star,,marine-life-sea-rod-basket-star,Schizostella bifurcata,invertebrates,crinoids,,Banded reddish-brown arms that only branch once or twice. Found on sea rods (p. 97). Curled up by day.,,0.05,,,,,,,,© Mickey Charteris — permission required,"Caribbean Reef Life (Mickey Charteris, 4th ed.)",caribbean-reef-life,yes,
marine-life-schizothrix-alga,115652,Schizothrix alga,,marine-life-schizothrix-alga,Schizothrix calcicola,plants,red-algae,Schizotrichaceae,"Small clumps of undulating masses formed by fine, hair-like filaments. Whitish with rose-red to purple highlights.",,0.04,,,,,,,,© Mickey Charteris — permission required,"Caribbean Reef Life (Mickey Charteris, 4th ed.)",caribbean-reef-life,yes,
marine-life-school-bass,3340,school bass,https://inaturalist-open-data.s3.amazonaws.com/photos/167733609/original.jpg,marine-life-school-bass,Schultzea beta,fishes,basslets,Serranidae,"Pale, with brown stripes and small white spots. Yellowish tail. Often found among Masked/Glass Gobies (p. 295).",,0.15,15,110,Body shape: elongated,,,,,CC0 1.0,"""Schultzea beta"" by Thomas Menut (CC0 1.0). http://creativecommons.org/publicdomain/zero/1.0/ GBIF occurrence 3415902418.",gbif,yes,
marine-life-sclerodoris-prea,148328,Knobby Doris,,marine-life-sclerodoris-prea,Sclerodoris prea,invertebrates,nudibranchs,Discodorididae,Creamy-brown dorsum with brownish spots. Two distinct rows of knobby tubercles run from rhinophores to gills.,,0.04,1,3,,,,,,© Mickey Charteris — permission required,"Caribbean Reef Life (Mickey Charteris, 4th ed.)",caribbean-reef-life,yes,
marine-life-works-doris,crl-140910,Work’s Doris,,,Sclerodoris worki,invertebrates,nudibranchs,,"Creamy-brown dorsum, often with darker patches. Large orange tubercles in a cauliflower shape, ringed in white.",,0.05,,,,,,,,,,,,
marine-life-artichoke-coral,45795,Artichoke coral,https://inaturalist-open-data.s3.amazonaws.com/photos/470241123/original.jpg,marine-life-artichoke-coral,Scolymia cubensis,corals,cup-corals,Faviidae,"Maximum depth from Ref. 116012. Zooxanthellate (Ref. 116012). Occurs in lower reef slopes, soft substrates (Ref. 848) and hard substrate (Ref. 116012), occasionally on deep reefs and shaded walls (Ref. 415).",,,0,80,,,,,,CC0 1.0,"""Scolymia cubensis"" by Jean-Paul Boerekamps (CC0 1.0). http://creativecommons.org/publicdomain/zero/1.0/ GBIF occurrence 5069895263.",gbif,yes,
marine-life-atlantic-mushroom-coral,45796,Atlantic mushroom coral,https://inaturalist-open-data.s3.amazonaws.com/photos/242578913/original.jpeg,marine-life-atlantic-mushroom-coral,Scolymia lacera,corals,cup-corals,Faviidae,Zooxanthellate (Ref. 116012).,,,3,80,,,,,,CC BY 4.0,"""Scolymia lacera"" by Dan Schofield (CC BY 4.0). http://creativecommons.org/licenses/by/4.0/ GBIF occurrence 3966596787.",gbif,yes,
marine-life-king-mackerel,120,king mackerel,https://inaturalist-open-data.s3.amazonaws.com/photos/418206564/original.jpg,marine-life-king-mackerel,Scomberomorus cavalla,fishes,barracudas,Scombridae,Silvery with iridescent blue sheen. Distinctive lateral line drops sharply down below dorsal fin. Deeply forked tail.,,1.84,5,140,Body shape: fusiform / normal,,,,,CC0 1.0,"""Scomberomorus cavalla"" by Jim (CC0 1.0). http://creativecommons.org/publicdomain/zero/1.0/ GBIF occurrence 4935777177.",gbif,yes,
marine-life-cero,134,cero,https://inaturalist-open-data.s3.amazonaws.com/photos/582296138/original.jpg,marine-life-cero,Scomberomorus regalis,fishes,barracudas,Scombridae,Silvery to greenish-blue body. Rows of spots above and below a broken orange midbody stripe. Dark dorsal fin.,,0.89,1,20,Body shape: fusiform / normal,,,,,CC0 1.0,"""Scomberomorus regalis"" by Justin Philbois (CC0 1.0). http://creativecommons.org/publicdomain/zero/1.0/ GBIF occurrence 5867792035.",gbif,yes,
marine-life-orange-lumpy-encrusting-sponge,84504,Orange lumpy encrusting sponge,https://inaturalist-open-data.s3.amazonaws.com/photos/587623988/original.jpg,marine-life-orange-lumpy-encrusting-sponge,Scopalina ruetzleri,sponges,encrusting-sponges,Dictyonellidae,"Maximum thickness: 2 cm (Ref. 415). Maximum depth reported taken from Ref. 128739. It is common on mangrove roots; peat banks; and on shallow reefs habitats (Ref. 415). Inhabits coralline algae reefs, algal nodules, shallow coral reefs and mangroves (Ref. 128739).",,0.02,2,50,,,,,,CC0 1.0,"""Scopalina ruetzleri"" by Justin Philbois (CC0 1.0). http://creativecommons.org/publicdomain/zero/1.0/ GBIF occurrence 5889897588.",gbif,yes,
marine-life-coral-scorpionfish,3935,coral scorpionfish,,,Scorpaena albifimbria,fishes,scorpionfishes,Scorpaenidae,Pink to bright red on a pale background. Dark saddle above pectoral fin. Tail with red bar and red margin.,,0.09,1,36,Body shape: fusiform / normal,,,,,,,,,
marine-life-mushroom-scorpionfish,3944,mushroom scorpionfish,https://inaturalist-open-data.s3.amazonaws.com/photos/654250891/original.jpg,marine-life-mushroom-scorpionfish,Scorpaena inermis,fishes,scorpionfishes,Scorpaenidae,Tiny upside-down mushroom shapes over top of eye. Mottled red to brownish body. Two indistinct bars on tail.,,0.11,1,73,Body shape: fusiform / normal,,,,,CC BY 4.0,"""Scorpaena inermis"" by Dan Schofield (CC BY 4.0). http://creativecommons.org/licenses/by/4.0/ GBIF occurrence 6273389427.",gbif,yes,
marine-life-spotted-scorpionfish,1201,Spotted scorpionfish,https://inaturalist-open-data.s3.amazonaws.com/photos/608003327/original.jpg,marine-life-spotted-scorpionfish,Scorpaena plumieri,fishes,scorpionfishes,Scorpaenidae,The largest of the scorpionfishes. Pale tail with three dark bars. Often fleshy cirrus over eye. Color highly variable.,,0.45,1,70,Body shape: fusiform / normal,,,,,CC BY 4.0,"""Scorpaena plumieri"" by Jan Ebr & Ivana Ebrová (CC BY 4.0). http://creativecommons.org/licenses/by/4.0/ GBIF occurrence 6130733082.",gbif,yes,
marine-life-reef-scorpionfish,3946,reef scorpionfish,https://inaturalist-open-data.s3.amazonaws.com/photos/615471709/original.jpg,marine-life-reef-scorpionfish,Scorpaenodes caribbaeus,fishes,scorpionfishes,Scorpaenidae,Dark brown to red body. Yellow spots on large pectoral fins and tail. Small black spot on rear of first dorsal fin.,,0.12,0,70,Body shape: fusiform / normal,,,,,CC BY 4.0,"""Scorpaenodes caribbaeus"" by Dan Schofield (CC BY 4.0). http://creativecommons.org/licenses/by/4.0/ GBIF occurrence 6159477488.",gbif,yes,
marine-life-deepreef-scorpionfish,3947,deepreef scorpionfish,,marine-life-deepreef-scorpionfish,Scorpaenodes tredecimspinosus,fishes,scorpionfishes,Scorpaenidae,Reddish-brown body. Black blotch at rear edge of first dorsal fin. White bar on tail base and red bar onto tail.,,0.07,7,82,Body shape: fusiform / normal,,,,,© Mickey Charteris — permission required,"Caribbean Reef Life (Mickey Charteris, 4th ed.)",caribbean-reef-life,yes,
marine-life-sargassum-nudibranch,8554,sargassum nudibranch,https://inaturalist-open-data.s3.amazonaws.com/photos/631028033/original.jpg,marine-life-sargassum-nudibranch,Scyllaea pelagica,invertebrates,nudibranchs,Scyllaeidae,Light brown with white blotches or blue spots. Tall lobes on back. Found camouflaged in sargassum rafts (p. 24).,,0.1,0,11,,,,,,CC BY 4.0,"""Scyllaea pelagica"" by Rajan Rao (CC BY 4.0). http://creativecommons.org/licenses/by/4.0/ GBIF occurrence 6185032322.",gbif,yes,
marine-life-spanish-slipper-lobster,26140,spanish slipper lobster,https://inaturalist-open-data.s3.amazonaws.com/photos/594243088/original.jpg,marine-life-spanish-slipper-lobster,Scyllarides aequinoctialis,invertebrates,lobsters,Scyllaridae,Rounded brown to orange body. Brown spots on legs. Smooth antennal plates. Distinctively purple antennae.,,0.3,0,180,,,,,,CC0 1.0,"""Scyllarides aequinoctialis"" by Justin Philbois (CC0 1.0). http://creativecommons.org/publicdomain/zero/1.0/ GBIF occurrence 5903737674.",gbif,yes,
marine-life-bigeye-scad,387,bigeye scad,https://inaturalist-open-data.s3.amazonaws.com/photos/610576459/original.jpg,marine-life-bigeye-scad,Selar crumenophthalmus,fishes,jacks,Carangidae,"Silvery-blue body. Large eyes (larger than snout length). Mostly pelagic, but may form dense inshore schools.",,0.3,0,170,Body shape: fusiform / normal,,,,,CC BY 4.0,"""Selar crumenophthalmus"" by Ashwin A (CC BY 4.0). http://creativecommons.org/licenses/by/4.0/ GBIF occurrence 6133462562.",gbif,yes,
marine-life-lookdown,1004,Lookdown,https://inaturalist-open-data.s3.amazonaws.com/photos/628198020/original.jpg,marine-life-lookdown,Selene vomer,fishes,jacks,Carangidae,Narrow silvery body with bluish tinge. Very steep head profile. Long dorsal and anal fins. Prefers shallow areas.,,0.48,1,53,Body shape: fusiform / normal,,,,,CC0 1.0,"""Selene vomer"" by Paulo Mascaretti (CC0 1.0). http://creativecommons.org/publicdomain/zero/1.0/ GBIF occurrence 6185881191.",gbif,yes,
marine-life-smooth-scotch-bonnet,4885,smooth scotch bonnet,https://inaturalist-open-data.s3.amazonaws.com/photos/626585508/original.jpg,marine-life-smooth-scotch-bonnet,Semicassis granulata,invertebrates,snails,Cassidae,Delicate rounded shell with a low conical spire. Irregular reddish-brown bands. Light brown mantle.,,0.075,0,183,,,,,,CC0 1.0,"""Semicassis granulata"" by JD Flores (CC0 1.0). http://creativecommons.org/publicdomain/zero/1.0/ GBIF occurrence 6185061725.",gbif,yes,
marine-life-greater-amberjack,1005,greater amberjack,https://inaturalist-open-data.s3.amazonaws.com/photos/707779198/original.jpg,marine-life-greater-amberjack,Seriola dumerili,fishes,jacks,Carangidae,"The largest of the jacks. Oblique dark bar from snout, through eye to dorsal fin base. Pale dorsal and anal fins.",,1.9,1,385,Body shape: fusiform / normal,,,,,CC0 1.0,"""Seriola dumerili"" by Theodoros Alexandropoulos (CC0 1.0). http://creativecommons.org/publicdomain/zero/1.0/ GBIF occurrence 6479656422.",gbif,yes,
marine-life-almaco-jack,1007,almaco jack,https://inaturalist-open-data.s3.amazonaws.com/photos/622573666/original.jpg,marine-life-almaco-jack,Seriola rivoliana,fishes,jacks,Carangidae,"Silvery body with prominent dark fins. Oblique dark bar from snout, through eye to dorsal fin. Mostly pelagic.",,0.016,5,245,Body shape: short and / or deep,,,,,CC0 1.0,"""Seriola rivoliana"" by Justin Philbois (CC0 1.0). http://creativecommons.org/publicdomain/zero/1.0/ GBIF occurrence 6178298927.",gbif,yes,
marine-life-orangeback-bass,3342,Orangeback bass,,,Serranus annularis,fishes,basses,Serranidae,"Upper head and body dark orange. Two orange squares just behind eye, circled in black. Orange bar on snout.",,0.09,10,70,Body shape: fusiform / normal,,,,,,,,,
marine-life-lantern-bass,3344,lantern bass,https://inaturalist-open-data.s3.amazonaws.com/photos/412892247/original.png,marine-life-lantern-bass,Serranus baldwini,fishes,basses,Serranidae,Head and upper front of body mottled brown. Dark and orange bars on pale abdomen. Dark spots on tail base.,,0.075,1,80,Body shape: fusiform / normal,,,,,CC0 1.0,"""Serranus baldwini"" by Edwin Wilke (CC0 1.0). http://creativecommons.org/publicdomain/zero/1.0/ GBIF occurrence 4919332927.",gbif,yes,
marine-life-snow-bass,3345,Snow bass,,marine-life-snow-bass,Serranus chionaraia,fishes,basses,Serranidae,Brown head and upper body. Large white patch on front of abdomen. Blue stripes on face. Spots on tail borders.,,0.065,45,90,Body shape: Elongated,,,,,© Mickey Charteris — permission required,"Caribbean Reef Life (Mickey Charteris, 4th ed.)",caribbean-reef-life,yes,
marine-life-twinspot-bass,12339,twinspot bass,https://inaturalist-open-data.s3.amazonaws.com/photos/700113051/original.jpg,marine-life-twinspot-bass,Serranus flaviventris,fishes,basses,Serranidae,Pale brown with dark brown spots and bars. Two dark ocelli at tail base. Large dark blotch on front of dorsal fin.,,0.08,2,402,Body shape: fusiform / normal,,,,,CC BY 4.0,"""Serranus flaviventris"" by Donald Davesne (CC BY 4.0). http://creativecommons.org/licenses/by/4.0/ GBIF occurrence 6452647726.",gbif,yes,
marine-life-belted-sandfish,3348,Belted Sandfish,https://inaturalist-open-data.s3.amazonaws.com/photos/552961647/original.jpg,marine-life-belted-sandfish,Serranus subligarius,fishes,basses,Serranidae,Reddish-brown. Black bars onto dorsal fin. Dark stripe through eye. Dark spots on tail. Florida/Gulf of Mexico.,,0.1,,18,Body shape: fusiform / normal,,,,,CC0 1.0,"""Serranus subligarius"" by schneepschnorp (CC0 1.0). http://creativecommons.org/publicdomain/zero/1.0/ GBIF occurrence 5292404016.",gbif,yes,
marine-life-tobaccofish,3349,Tobaccofish,https://inaturalist-open-data.s3.amazonaws.com/photos/582296375/original.jpg,marine-life-tobaccofish,Serranus tabacarius,fishes,basses,Serranidae,White body with broad orange stripe from chin to tail base. Dark saddles on upper body. Dark stripes on tail.,,0.22,4,70,Body shape: fusiform / normal,,,,,CC0 1.0,"""Serranus tabacarius"" by Justin Philbois (CC0 1.0). http://creativecommons.org/publicdomain/zero/1.0/ GBIF occurrence 5868315964.",gbif,yes,
marine-life-harlequin-bass,3350,harlequin bass (Juvenile),https://inaturalist-open-data.s3.amazonaws.com/photos/469378277/original.jpg,marine-life-harlequin-bass,Serranus tigrinus,fishes,basses,Serranidae,Pale tan with faint body bars. Dark stripe on snout. Row of irregular white blotches from behind eye to a clear tail.,,0.29,0,40,Body shape: fusiform / normal,,,,,CC0 1.0,"""Serranus tigrinus"" by Jean-Paul Boerekamps (CC0 1.0). http://creativecommons.org/publicdomain/zero/1.0/ GBIF occurrence 5064066802.",gbif,yes,
marine-life-chalk-bass,3351,chalk bass,https://inaturalist-open-data.s3.amazonaws.com/photos/594239092/original.jpg,marine-life-chalk-bass,Serranus tortugarum,fishes,basses,Serranidae,Bluish-gray to pinkish-brown with darker bars across upper body. Pale blotches on side. Translucent fins.,,0.08,12,396,Body shape: fusiform / normal,,,,,CC0 1.0,"""Serranus tortugarum"" by Justin Philbois (CC0 1.0). http://creativecommons.org/publicdomain/zero/1.0/ GBIF occurrence 5903721565.",gbif,yes,
marine-life-diaphanous-hydroid,43298,Diaphanous hydroid,https://reefguide.org/pix/branchinghydroid2.jpg,marine-life-diaphanous-hydroid,Sertularella diaphana,invertebrates,hydroids,Sertulariidae,Colonial (Ref. 19). Known from deeper coastal substrates (25- 100m) of the offshore fore-reef slope and Banks (Ref. 86643).,,,5,306,,,,,,All Rights Reserved,"Photo © Florent Charpin, reefguide.org — Diaphanous hydroid (Sertularella diaphana) — Grand Cayman",reefguide,yes,
marine-life-lesser-starlet-coral,45500,Lesser starlet coral,https://inaturalist-open-data.s3.amazonaws.com/photos/613055724/original.jpg,marine-life-lesser-starlet-coral,Siderastrea radians,corals,star-corals,Siderastreidae,Zooxanthellate (Ref. 116012). Found on shallow reef (Ref. 847).,,0.003,0,40,,,,,,CC BY 4.0,"""Siderastrea radians"" by stephen (CC BY 4.0). http://creativecommons.org/licenses/by/4.0/ GBIF occurrence 6147626561.",gbif,yes,
marine-life-massive-starlet-coral,45502,Massive starlet coral,https://inaturalist-open-data.s3.amazonaws.com/photos/623371114/original.jpg,marine-life-massive-starlet-coral,Siderastrea siderea,corals,star-corals,Siderastreidae,Zooxanthellate (Ref. 116012). Common throughout the Caribbean on protected shallow reefs or deeper reefs (Ref. 415).,,,0,2000,,,,,,CC0 1.0,"""Siderastrea siderea"" by Daniel Estabrooks (CC0 1.0). http://creativecommons.org/publicdomain/zero/1.0/ GBIF occurrence 6186151952.",gbif,yes,
marine-life-lace-coral-brittle-star,140788,lace coral brittle star,,,Sigsbeia conifera,invertebrates,crinoids,Hemieuryalidae,Cream to reddish-brown disc. Red-banded arms with tiny spines. Found only on Rose Lace Coral (p. 73).,,0.025,4,24,,,,,,,,,,
marine-life-onetooth-simnia,3912,onetooth simnia,https://inaturalist-open-data.s3.amazonaws.com/photos/547433067/original.jpg,marine-life-onetooth-simnia,Simnialena uniplicata,invertebrates,snails,Ovulidae,"Unmarked mantle is uniform in color. Can be purple, pale pink or white, depending on the host gorgonian.",,0.02,1,116,,,,,,CC BY 4.0,"""Simnialena uniplicata"" by João D'Andretta (CC BY 4.0). http://creativecommons.org/licenses/by/4.0/ GBIF occurrence 5238370863.",gbif,yes,
marine-life-variable-boring-sponge,84478,Variable boring sponge,https://inaturalist-open-data.s3.amazonaws.com/photos/580393978/original.jpg,marine-life-variable-boring-sponge,Siphonodictyon coralliphagum,sponges,encrusting-sponges,Phloeodictyidae,"Depth based on the Caribbean from Ref. 415. Restricted to the lower buttress zone, fore reef, and fore reef slope of fringing barrier-type reefs at depths between 1.5 to 70 m (Ref. 892). Also found in mangroves (Ref. 86836).",,0.06,3,5,,,,,,CC0 1.0,"""Siphonodictyon coralliphagum"" by Justin Philbois (CC0 1.0). http://creativecommons.org/publicdomain/zero/1.0/ GBIF occurrence 5868221760.",gbif,yes,
marine-life-emerald-nerite,2697,emerald nerite,https://inaturalist-open-data.s3.amazonaws.com/photos/255983290/original.jpg,marine-life-emerald-nerite,Smaragdia viridis,invertebrates,snails,Neritidae,"Small bright green shell with white spots or bands. Long thin tentacles. Found on Turtle Grass, on which it feeds.",,0.01,0,200,,,,,,CC0 1.0,"""Smaragdia viridis"" by Peter Gabler (CC0 1.0). http://creativecommons.org/publicdomain/zero/1.0/ GBIF occurrence 4034919637.",gbif,yes,
marine-life-seafan-hydroid,43141,seafan hydroid,,marine-life-seafan-hydroid,Solanderia gracilis,invertebrates,hydroids,Solanderiidae,"Reddish stalks branch repeatedly, growing in a single plane like a fan. Covered with tiny white stinging polyps.",,0.45,,,,,,,,© Mickey Charteris — permission required,"Caribbean Reef Life (Mickey Charteris, 4th ed.)",caribbean-reef-life,yes,
marine-life-knobby-star-coral,46806,Knobby star coral,https://inaturalist-open-data.s3.amazonaws.com/photos/377915140/original.jpeg,marine-life-knobby-star-coral,Solenastrea hyades,corals,star-corals,Faviidae,Zooxanthellate (Ref. 116012).,,,1,30,,,,,,CC BY 4.0,"""Solenastrea hyades"" by Josiah Londerée (CC BY 4.0). http://creativecommons.org/licenses/by/4.0/ GBIF occurrence 5892658582.",gbif,yes,
marine-life-tubular-pink-alga,119541,tubular pink alga,,,Solieria filiformis,plants,red-algae,Areschougiaceae,"Rounded semi-transparent tubes of pale pink to red, branching near the tips and growing into tangled clumps.",,0.25,,,,,,,,,,,,
marine-life-greenblotch-parrotfish,3675,greenblotch parrotfish (initial),https://inaturalist-open-data.s3.amazonaws.com/photos/585971418/original.jpg,marine-life-greenblotch-parrotfish,Sparisoma atomarium,fishes,parrotfishes,Scaridae,"Uniformly red body and tail. Pearly spots above pale abdomen. Red dorsal fin, yellow pelvic and anal fins. Greenish-brown upper body. Short blue bar at upper corner of gill cover. Dark spot at pectoral base. Red eye.",,0.15,20,55,Body shape: fusiform / normal,,,,,CC BY 4.0,"""Sparisoma atomarium"" by Jan Ebr & Ivana Ebrová (CC BY 4.0). http://creativecommons.org/licenses/by/4.0/ GBIF occurrence 5909178920.",gbif,yes,
marine-life-redband-parrotfish,1158,redband parrotfish (initial),https://inaturalist-open-data.s3.amazonaws.com/photos/623323761/original.jpg,marine-life-redband-parrotfish,Sparisoma aurofrenatum,fishes,parrotfishes,Scaridae,"Solid greenish-blue body. All fins are pink to red, except a clear pectoral. Often a white spot at upper tail base.",,0.28,2,20,Body shape: fusiform / normal,,,,,CC0 1.0,"""Sparisoma aurofrenatum"" by Daniel Estabrooks (CC0 1.0). http://creativecommons.org/publicdomain/zero/1.0/ GBIF occurrence 6178831557.",gbif,yes,
marine-life-redtail-parrotfish,1159,redtail parrotfish (terminal),https://inaturalist-open-data.s3.amazonaws.com/photos/607012464/original.jpg,marine-life-redtail-parrotfish,Sparisoma chrysopterum,fishes,parrotfishes,Scaridae,"Bluish-green body, pale abdomen. Dark spot at base of pectoral, large blue blotch behind it. Red crescent on tail.",,0.45,1,15,Body shape: fusiform / normal,,,,,CC BY 4.0,"""Sparisoma chrysopterum"" by Steven Wang (CC BY 4.0). http://creativecommons.org/licenses/by/4.0/ GBIF occurrence 6129911973.",gbif,yes,
marine-life-bucktooth-parrotfish,3676,bucktooth parrotfish (initial),https://inaturalist-open-data.s3.amazonaws.com/photos/611320819/original.jpg,marine-life-bucktooth-parrotfish,Sparisoma radians,fishes,parrotfishes,Scaridae,"Greenish-brown upper body and creamy white below. Often green blotch behind gill cover, onto pectoral base.",,0.2,1,12,Body shape: fusiform / normal,,,,,CC BY 4.0,"""Sparisoma radians"" by Rob Foster (CC BY 4.0). http://creativecommons.org/licenses/by/4.0/ GBIF occurrence 6133354570.",gbif,yes,
marine-life-redfin-parrotfish,1160,yellowtail parrotfish (terminal),https://inaturalist-open-data.s3.amazonaws.com/photos/623323850/original.jpg,marine-life-redfin-parrotfish,Sparisoma rubripinne,fishes,parrotfishes,Scaridae,"Uniformly greenish body. Dorsal, anal and pelvic fins tinged with red. Black spot at base of pectoral. Red eye.",,0.48,1,15,Body shape: fusiform / normal,,,,,CC0 1.0,"""Sparisoma rubripinne"" by Daniel Estabrooks (CC0 1.0). http://creativecommons.org/publicdomain/zero/1.0/ GBIF occurrence 6178769210.",gbif,yes,
marine-life-stoplight-parrotfish,1161,stoplight parrotfish (terminal),https://inaturalist-open-data.s3.amazonaws.com/photos/608988324/original.jpg,marine-life-stoplight-parrotfish,Sparisoma viride,fishes,parrotfishes,Scaridae,"Green body with pink stripes on cheek. Pink edge on gill cover, yellow spot at top corner. Yellow markings on tail.",,0.64,3,50,Body shape: fusiform / normal,,,,,CC0 1.0,"""Sparisoma viride"" by rockybajada (CC0 1.0). http://creativecommons.org/publicdomain/zero/1.0/ GBIF occurrence 6131376172.",gbif,yes,
marine-life-loggerhead-sponge,51654,Loggerhead sponge,https://inaturalist-open-data.s3.amazonaws.com/photos/41835489/original.png,marine-life-loggerhead-sponge,Spheciospongia vesparium,sponges,barrel-sponges,Clionaidae,"Common on hard, inshore, shallow bottoms and on seagrass beds; less common on shallow reefs. Internal canal system supports an abundance and diverse invertebrate fauna. Known from depths between 0.5 to about 18 m (Ref. 85482).",,,5,15,,,,,,CC0 1.0,"""Spheciospongia vesparium"" by Daniel Estabrooks (CC0 1.0). http://creativecommons.org/publicdomain/zero/1.0/ GBIF occurrence 3383847369.",gbif,yes,
marine-life-marbled-puffer,4294,Marbled puffer,https://inaturalist-open-data.s3.amazonaws.com/photos/48266926/original.jpeg,marine-life-marbled-puffer,Sphoeroides dorsalis,fishes,puffers,Tetraodontidae,Gray to light tan body with diffuse dark blotches behind pectoral fin. Two distinctive skin flaps on upper back.,,0.2,18,100,Body shape: short and / or deep,,,,,CC BY 4.0,"""Sphoeroides dorsalis"" by Jaime Eduardo García Zúñiga (CC BY 4.0). http://creativecommons.org/licenses/by/4.0/ GBIF occurrence 2350442348.",gbif,yes,
marine-life-bandtail-puffer,1241,Bandtail puffer,https://inaturalist-open-data.s3.amazonaws.com/photos/470773742/original.jpeg,marine-life-bandtail-puffer,Sphoeroides spengleri,fishes,puffers,Tetraodontidae,Grayish-brown body. Distinctive row of black spots from chin to tail base. Pale abdomen. Two black bars on tail.,,0.15,2,70,Body shape: fusiform / normal,,,,,CC0 1.0,"""Sphoeroides spengleri"" by Robert Hongen (CC0 1.0). http://creativecommons.org/publicdomain/zero/1.0/ GBIF occurrence 5069951119.",gbif,yes,
marine-life-checkered-puffer,1242,checkered puffer,https://inaturalist-open-data.s3.amazonaws.com/photos/607012631/original.jpg,marine-life-checkered-puffer,Sphoeroides testudineus,fishes,puffers,Tetraodontidae,Pale cream body with dark patches and spots. White abdomen. Bright orange eyes. Shallow sandy areas.,,0.3,,48,Body shape: fusiform / normal,,,,,CC BY 4.0,"""Sphoeroides testudineus"" by Steven Wang (CC BY 4.0). http://creativecommons.org/licenses/by/4.0/ GBIF occurrence 6130028250.",gbif,yes,
marine-life-great-barracuda,1235,Great barracuda,https://inaturalist-open-data.s3.amazonaws.com/photos/609337629/original.jpg,marine-life-great-barracuda,Sphyraena barracuda,fishes,barracudas,Sphyraenidae,Silvery-gray upper body with oblique bars. Pointed snout and protruding lower jaw. Dorsal and anal fins close to tail.,,2,0,100,Body shape: elongated,,,,,CC0 1.0,"""Sphyraena barracuda"" by aiwendil (CC0 1.0). http://creativecommons.org/publicdomain/zero/1.0/ GBIF occurrence 6131396210.",gbif,yes,
marine-life-northern-sennet,3679,sennet,https://inaturalist-open-data.s3.amazonaws.com/photos/650889178/original.jpg,marine-life-northern-sennet,Sphyraena borealis,fishes,barracudas,Sphyraenidae,Elongated silvery body with faint yellow body stripes. Two dorsal fins are widely separated. Usually schooling.,,0.5,10,65,Body shape: elongated,,,,,CC0 1.0,"""Sphyraena borealis"" by Wyatt Rorex (CC0 1.0). http://creativecommons.org/publicdomain/zero/1.0/ GBIF occurrence 6251628734.",gbif,yes,
marine-life-scalloped-hammerhead,912,scalloped hammerhead,https://inaturalist-open-data.s3.amazonaws.com/photos/610578525/original.jpg,marine-life-scalloped-hammerhead,Sphyrna lewini,fishes,sharks,Sphyrnidae,Deep notches on very curved snout. Tall rounded dorsal fin. Straight rear edge on pelvic fin (compare: S. mokarran).,,4.3,0,1043,Body shape: elongated,,,,,CC0 1.0,"""Sphyrna lewini"" by Kathy Daniel (CC0 1.0). http://creativecommons.org/publicdomain/zero/1.0/ GBIF occurrence 6131578979.",gbif,yes,
marine-life-great-hammerhead,914,Great Hammerhead,https://specify.saiab.ac.za/fileget?coll=Biodiversity+Occurrences&type=O&filename=6779.tif,marine-life-great-hammerhead,Sphyrna mokarran,fishes,sharks,Sphyrnidae,"Slightly notched snout, only slightly curved. Tall pointed dorsal fin. Small eye. Curved rear edge on pelvic fin.",,6.1,1,300,Body shape: elongated,,,,,CC BY 4.0,"""187 cm TL; immature male; after Bass, 1985; ventral view of head"" by Unknown (CC BY 4.0). http://creativecommons.org/licenses/by/4.0/ GBIF occurrence 6227249540.",gbif,,
marine-life-pink-and-red-encrusting-sponge,51647,pink and red encrusting sponge,https://inaturalist-open-data.s3.amazonaws.com/photos/469368940/original.jpg,marine-life-pink-and-red-encrusting-sponge,Spirastrella coccinea,sponges,encrusting-sponges,Spirastrellidae,Pink encrusting sponge with red speckles. Excurrent openings are a lighter pink and slightly protruding.,,,0,15,,,,,,CC0 1.0,"""Spirastrella coccinea"" by Jean-Paul Boerekamps (CC0 1.0). http://creativecommons.org/publicdomain/zero/1.0/ GBIF occurrence 5064098390.",gbif,yes,
marine-life-high-veined-encrusting-sponge,84511,high-veined encrusting sponge,https://inaturalist-open-data.s3.amazonaws.com/photos/610667101/original.jpg,marine-life-high-veined-encrusting-sponge,Spirastrella hartmani,sponges,encrusting-sponges,Spirastrellidae,Salmon to dull orange encrusting sponge with distinctively protruding star-shaped veins. Large excurrent openings.,,0.04,1,10,,,,,,CC BY 4.0,"""Spirastrella hartmani"" by Dan Schofield (CC BY 4.0). http://creativecommons.org/licenses/by/4.0/ GBIF occurrence 6130398394.",gbif,yes,
marine-life-christmas-tree-worm,41105,christmas tree worm,https://inaturalist-open-data.s3.amazonaws.com/photos/623323942/original.jpg,marine-life-christmas-tree-worm,Spirobranchus giganteus,invertebrates,worms,Serpulidae,"Two spiraling crowns of radioles. Usually found in contrasting shades of purple, white and orange.",,0.04,,,,,,,,CC0 1.0,"""Spirobranchus giganteus"" by Daniel Estabrooks (CC0 1.0). http://creativecommons.org/publicdomain/zero/1.0/ GBIF occurrence 6178967728.",gbif,yes,
marine-life-miniature-christmas-tree-worm,crl-483917,Miniature christmas tree worm,,,Spirobranchus polycerus,invertebrates,worms,,"Only found on shallow corals or encrusting fire corals. Colors vary, often combinations of pastels and black.",,0.02,,,,,,,,,,,,
marine-life-gelatinous-ball-alga,crl-810198,gelatinous ball alga,,,Spirocoleus fragilis,plants,red-algae,,Mucilaginous mass of tiny yellow filaments. Attaches to and eventually overgrows substrates and living corals.,,0.6,,,,,,,,,,,,
marine-life-atlantic-thorny-oyster,47226,atlantic thorny oyster,https://inaturalist-open-data.s3.amazonaws.com/photos/346433152/original.jpg,marine-life-atlantic-thorny-oyster,Spondylus americanus,invertebrates,oysters,Spondylidae,Rounded deep red valves with numerous pointed spines on both top and bottom. Brownish mantle with white blotches.,,0.15,0,140,,,,,,CC BY 4.0,"""Spondylus americanus"" by Robin White (CC BY 4.0). http://creativecommons.org/licenses/by/4.0/ GBIF occurrence 4606625151.",gbif,yes,
marine-life-spondylus-tenuis,166520,Digitate Thorny Oyster,https://inaturalist-open-data.s3.amazonaws.com/photos/605191453/original.jpg,marine-life-spondylus-tenuis,Spondylus tenuis,invertebrates,oysters,Spondylidae,"Brick-red to pale orange. Upper valve with radial ribs and long flattened spines, lower valve cemented to the reef.",,0.07,0,45,,,,,,CC BY 4.0,"""Spondylus tenuis"" by David Garza (CC BY 4.0). http://creativecommons.org/licenses/by/4.0/ GBIF occurrence 5938259773.",gbif,yes,
marine-life-golden-tuft-alga,crl-947661,Golden Tuft alga,https://inaturalist-open-data.s3.amazonaws.com/photos/166253470/original.jpg,marine-life-golden-tuft-alga,Sporochnus pedunculatus,plants,brown-algae,,Golden brown fluffy tufts growing from a central axis. Found growing on rocky substrates on deeper reefs.,,0.3,,,,,,,,CC BY 4.0,"""Sporochnus pedunculatus"" by Bernard Picton (CC BY 4.0). http://creativecommons.org/licenses/by/4.0/ GBIF occurrence 3415755923.",gbif,yes,
marine-life-brazilian-spurilla,2385515,Brazilian spurilla,https://inaturalist-open-data.s3.amazonaws.com/photos/656511537/original.jpg,marine-life-brazilian-spurilla,Spurilla braziliana,invertebrates,nudibranchs,Aeolidiidae,"Pale orange with white spots on both head and dorsum. Lamellate rhinophores, shorter than the oral tentacles.",,0.04,,,,,,,,CC BY 4.0,"""Spurilla braziliana"" by Patrick Connolly (CC BY 4.0). http://creativecommons.org/licenses/by/4.0/ GBIF occurrence 6413025355.",gbif,yes,
marine-life-annes-spurilla,crl-534147,Anne’s spurilla,https://inaturalist-open-data.s3.amazonaws.com/photos/301807117/original.jpg,marine-life-annes-spurilla,Spurilla dupontae,invertebrates,nudibranchs,,"Translucent brown dorsum with white spots. Distinctive brown reticulated pattern, continuing onto rhinophores.",,0.04,,,,,,,,CC BY 4.0,"""Spurilla dupontae"" by Pauline Walsh Jacobson (CC BY 4.0). http://creativecommons.org/licenses/by/4.0/ GBIF occurrence 4165362146.",gbif,yes,
marine-life-sargassum-spurilla,147453,sargassum spurilla,https://inaturalist-open-data.s3.amazonaws.com/photos/678959435/original.jpg,marine-life-sargassum-spurilla,Spurilla sargassicola,invertebrates,nudibranchs,Aeolidiidae,"White spots on dorsum may join as patches, the sides are solid brown. Curved tapering cerata with white tips.",,0.04,,,,,,,,CC BY 4.0,"""Spurilla sargassicola"" by Pauline Walsh Jacobson (CC BY 4.0). http://creativecommons.org/licenses/by/4.0/ GBIF occurrence 6399541538.",gbif,yes,
marine-life-ringed-blenny,23736,Ringed blenny,https://inaturalist-open-data.s3.amazonaws.com/photos/692744332/original.jpg,marine-life-ringed-blenny,Starksia hassi,fishes,blennies,Labrisomidae,Inhabits rich coral tops of drop-offs (Ref. 9710) to at least 175 m. Associated with <i>Condylactis gigantea</i> (Ref. 9710).,,0.04,6,175,Body shape: elongated,,,,,CC BY 4.0,"""Starksia hassi"" by Gregor Bailar (CC BY 4.0). http://creativecommons.org/licenses/by/4.0/ GBIF occurrence 6431933688.",gbif,yes,
marine-life-dwarf-blenny,16467,Dwarf Blenny,,marine-life-dwarf-blenny,Starksia nanodes,fishes,blennies,Labrisomidae,Inhabits patch reefs and coral heads in relatively deep water (Ref. 5521).,,0.0215,,,Body shape: elongated,,,,,© Mickey Charteris — permission required,"Caribbean Reef Life (Mickey Charteris, 4th ed.)",caribbean-reef-life,yes,
marine-life-checkered-blenny,3750,Checkered blenny,https://inaturalist-open-data.s3.amazonaws.com/photos/479863669/original.jpg,marine-life-checkered-blenny,Starksia ocellata,fishes,blennies,Labrisomidae,"Inhabits rocky and coral reefs, often inside tube sponges (Ref. 9710).",,0.06,2,20,Body shape: elongated,,,,,CC BY 4.0,"""Starksia ocellata"" by Pauline Walsh Jacobson (CC BY 4.0). http://creativecommons.org/licenses/by/4.0/ GBIF occurrence 5759770449.",gbif,yes,
marine-life-dusky-damselfish,12416,dusky damselfish,https://inaturalist-open-data.s3.amazonaws.com/photos/474660639/original.png,marine-life-dusky-damselfish,Stegastes adustus,fishes,damselfishes,Pomacentridae,Dorsal and anal fins extend only to the end of the tail base. Thin dark border on lower edge of the anal fin.,,0.1,0,3,Body shape: short and / or deep,,,,,CC0 1.0,"""Stegastes adustus"" by Carter Dorscht (CC0 1.0). http://creativecommons.org/publicdomain/zero/1.0/ GBIF occurrence 5087707946.",gbif,yes,
marine-life-longfin-damselfish,3649,longfin damselfish,https://inaturalist-open-data.s3.amazonaws.com/photos/468801081/original.jpg,marine-life-longfin-damselfish,Stegastes diencaeus,fishes,damselfishes,Pomacentridae,Black to dark gray. Both dorsal and anal fins extend well beyond tail base. Bright blue leading edge on anal fin.,,0.12,2,45,Body shape: short and / or deep,,,,,CC0 1.0,"""Stegastes diencaeus"" by Jean-Paul Boerekamps (CC0 1.0). http://creativecommons.org/publicdomain/zero/1.0/ GBIF occurrence 5063919027.",gbif,yes,
marine-life-beaugregory,3651,beaugregory,https://inaturalist-open-data.s3.amazonaws.com/photos/621275158/original.jpg,marine-life-beaugregory,Stegastes leucostictus,fishes,damselfishes,Pomacentridae,Blue spots on top of head form lines on snout. Thin blue edge on anal fin. Black spot outlined in blue on dorsal fin.,,0.12,0,10,Body shape: short and / or deep,,,,,CC0 1.0,"""Stegastes leucostictus"" by Tommy (CC0 1.0). http://creativecommons.org/publicdomain/zero/1.0/ GBIF occurrence 6179144525.",gbif,yes,
marine-life-bicolor-damselfish,3652,bicolor damselfish (Variation),https://inaturalist-open-data.s3.amazonaws.com/photos/666588454/original.jpg,marine-life-bicolor-damselfish,Stegastes partitus,fishes,damselfishes,Pomacentridae,"A common variation of S. partitus: white body with darker dorsal and anal fins, tail base and tail. Yellow pectoral fin.",,0.1,0,100,Body shape: fusiform / normal,,,,,CC0 1.0,"""Stegastes partitus"" by Daniel Estabrooks (CC0 1.0). http://creativecommons.org/publicdomain/zero/1.0/ GBIF occurrence 6334208980.",gbif,yes,
marine-life-threespot-damselfish,3653,threespot damselfish,https://inaturalist-open-data.s3.amazonaws.com/photos/468790065/original.jpg,marine-life-threespot-damselfish,Stegastes planifrons,fishes,damselfishes,Pomacentridae,Brown to tan. Dark spot at base of pectoral fin. Usually a dark spot at upper tail base. Yellow crescent above eye.,,0.13,1,30,Body shape: short and / or deep,,,,,CC0 1.0,"""Stegastes planifrons"" by Jean-Paul Boerekamps (CC0 1.0). http://creativecommons.org/publicdomain/zero/1.0/ GBIF occurrence 5063902985.",gbif,yes,
marine-life-cocoa-damselfish,67997,cocoa damselfish,https://inaturalist-open-data.s3.amazonaws.com/photos/623368060/original.jpg,marine-life-cocoa-damselfish,Stegastes xanthurus,fishes,damselfishes,Pomacentridae,"Dark body, often with yellow abdomen, anal fin and tail. Dark scale borders form lines. Often a dark spot at tail base.",,0.12,,,Body shape: short and / or deep,,,,,CC0 1.0,"""Stegastes xanthurus"" by Daniel Estabrooks (CC0 1.0). http://creativecommons.org/publicdomain/zero/1.0/ GBIF occurrence 6178304118.",gbif,yes,
marine-life-pantropical-spotted-dolphin,69378,pantropical spotted dolphin,https://inaturalist-open-data.s3.amazonaws.com/photos/608439202/original.jpg,marine-life-pantropical-spotted-dolphin,Stenella attenuata,mammals,,Delphinidae,Pointed rostrum has a distinctively white tip. Dark patch around eye. Larger or coastal individuals develop spots.,,2.6,0,5300,,,,,yes,CC BY 4.0,"""Stenella attenuata"" by Derek Duplessis (CC BY 4.0). http://creativecommons.org/licenses/by/4.0/ GBIF occurrence 6130072500.",gbif,yes,
marine-life-spinner-dolphin,69377,spinner dolphin,https://inaturalist-open-data.s3.amazonaws.com/photos/607191276/original.jpg,marine-life-spinner-dolphin,Stenella longirostris,mammals,,Delphinidae,"Elongated gray body with a long pointed rostrum. Dark streak near eye. Fast playful swimmers, often jumping.",,2.4,0,4330,,,,,yes,CC0 1.0,"""Stenella longirostris"" by Eugene Eric Kim (CC0 1.0). http://creativecommons.org/publicdomain/zero/1.0/ GBIF occurrence 6130693621.",gbif,yes,
marine-life-rough-toothed-dolphin,69372,rough-toothed dolphin,https://inaturalist-open-data.s3.amazonaws.com/photos/498555718/original.jpg,marine-life-rough-toothed-dolphin,Steno bredanensis,mammals,,Delphinidae,Long narrow head with a sloping forehead and long rostrum. White patch above eye continues onto back.,,2.8,0,3290,,,,,yes,CC0 1.0,"""Steno bredanensis"" by Jun MATSUI (CC0 1.0). http://creativecommons.org/publicdomain/zero/1.0/ GBIF occurrence 5153134196.",gbif,yes,
marine-life-furcate-spider-crab,21151,Furcate Spider crab,,marine-life-furcate-spider-crab,Stenocionops furcatus,invertebrates,crabs,Majidae,Reddish tan with pointed lateral spines (often covered). Purplish claws. Often has Hitchhiking Anemone (p. 119).,,0.14,2,180,,,,,,© Mickey Charteris — permission required,"Caribbean Reef Life (Mickey Charteris, 4th ed.)",caribbean-reef-life,yes,
marine-life-purplish-slender-chiton,58269,slender chiton,https://inaturalist-open-data.s3.amazonaws.com/photos/240139089/original.jpeg,marine-life-purplish-slender-chiton,Stenoplax purpurascens,invertebrates,chitons,Ischnochitonidae,Elongated body with narrow rounded plates. Plates are often mottled in white. Scaly gray to brown girdle.,,0.05,0,3,,,,,,CC BY 4.0,"""Stenoplax purpurascens"" by Dan Schofield (CC BY 4.0). http://creativecommons.org/licenses/by/4.0/ GBIF occurrence 3961129076.",gbif,yes,
marine-life-banded-coral-shrimp,25798,banded coral shrimp,https://inaturalist-open-data.s3.amazonaws.com/photos/609558791/original.jpg,marine-life-banded-coral-shrimp,Stenopus hispidus,invertebrates,shrimps,Stenopodidae,Rear body and claws are white with wide red bands. Long white antennae. Pale blue eggs are often visible.,,0.05,1,200,,,,,,CC BY 4.0,"""Stenopus hispidus"" by Thomas Irvine (CC BY 4.0). http://creativecommons.org/licenses/by/4.0/ GBIF occurrence 6130556424.",gbif,yes,
marine-life-golden-coral-shrimp,25797,golden coral shrimp,https://inaturalist-open-data.s3.amazonaws.com/photos/182176847/original.jpg,marine-life-golden-coral-shrimp,Stenopus scutellatus,invertebrates,shrimps,Stenopodidae,"Golden to pale yellow body. Claws banded with white, red and orange. Red bands on tail. Long pale antennae.",,0.04,1,182,,,,,,CC0 1.0,"""Stenopus scutellatus"" by Jean-Paul Boerekamps (CC0 1.0). http://creativecommons.org/publicdomain/zero/1.0/ GBIF occurrence 3961334426.",gbif,yes,
marine-life-yellowline-arrow-crab,27017,yellowline arrow crab,https://inaturalist-open-data.s3.amazonaws.com/photos/610686956/original.jpg,marine-life-yellowline-arrow-crab,Stenorhynchus seticornis,invertebrates,crabs,Inachidae,Long tapering rostrum. Carapace with yellow and black stripes. Long legs with yellow stripes. Small blue claws.,,0.07,1,366,,,,,,CC BY 4.0,"""Stenorhynchus seticornis"" by Dan Schofield (CC BY 4.0). http://creativecommons.org/licenses/by/4.0/ GBIF occurrence 6129949103.",gbif,yes,
marine-life-blushing-star-coral,46149,Blushing star coral,https://inaturalist-open-data.s3.amazonaws.com/photos/706947492/original.jpg,marine-life-blushing-star-coral,Stephanocoenia intersepta,corals,star-corals,Astrocoeniidae,Zooxanthellate (Ref. 116012).,,,0,100,,,,,,CC BY 4.0,"""Stephanocoenia intersepta"" by Jay Brasher (CC BY 4.0). http://creativecommons.org/licenses/by/4.0/ GBIF occurrence 6480122156.",gbif,yes,
marine-life-pygmy-filefish,1195,pygmy filefish,https://inaturalist-open-data.s3.amazonaws.com/photos/408106697/original.jpeg,marine-life-pygmy-filefish,Stephanolepis setifer,fishes,filefishes,Monacanthidae,Pale tan body with dark longitudinal lines of broken spots and dashes. Often found hiding in sargassum (p. 24).,,0.2,,80,Body shape: short and / or deep,,,,,CC BY 4.0,"""Stephanolepis setifer"" by Dan Schofield (CC BY 4.0). http://creativecommons.org/licenses/by/4.0/ GBIF occurrence 4919526520.",gbif,yes,
marine-life-orangeback-squid,58133,Orangeback squid,,,Sthenoteuthis pteropus,invertebrates,squids,Ommastrephidae,"Elongated, with rounded fins and long hunting tentacles. Photophore patch on dorsal mantle near head. Pelagic.",,0.6,0,1500,,,,,,,,,,
marine-life-sun-anemone,41604,sun anemone,https://inaturalist-open-data.s3.amazonaws.com/photos/609511064/original.jpg,marine-life-sun-anemone,Stichodactyla helianthus,invertebrates,anemones,Stichodactylidae,Flattened oral disc is completely covered with short rounded green or brown tentacles. Prefers shallows.,,0.15,,,,,,,,CC BY 4.0,"""Stichodactyla helianthus"" by Jan Ebr & Ivana Ebrová (CC BY 4.0). http://creativecommons.org/licenses/by/4.0/ GBIF occurrence 6130076246.",gbif,yes,
marine-life-cannonball-jelly,44383,cannonball jelly,https://inaturalist-open-data.s3.amazonaws.com/photos/645231506/original.jpg,marine-life-cannonball-jelly,Stomolophus meleagris,invertebrates,jellies,Stomolophidae,"Spherical bell with a short skirt of tentacles below. Red, yellow or bluish markings, mostly around the rim.",,0.25,0,85,,,,,,CC0 1.0,"""Stomolophus meleagris"" by Jim Rusconi (CC0 1.0). http://creativecommons.org/publicdomain/zero/1.0/ GBIF occurrence 6234189545.",gbif,yes,
marine-life-florida-fighting-conch,2797,Florida Fighting conch,,marine-life-florida-fighting-conch,Strombus alatus,invertebrates,conchs,Strombidae,"Orange to brownish shell with pointed spines, always largest on final whorl. Aperture lip slants downwards.",,0.13,0,183,,,,,,© Mickey Charteris — permission required,"Caribbean Reef Life (Mickey Charteris, 4th ed.)",caribbean-reef-life,yes,
marine-life-fighting-conch,2801,West Indian Fighting conch,https://inaturalist-open-data.s3.amazonaws.com/photos/606485273/original.jpg,marine-life-fighting-conch,Strombus pugilis,invertebrates,conchs,Strombidae,Orange to brownish shell with evenly sized pointed spines on the whorls. Aperture lip slants upwards.,,0.1,0,55,,,,,,CC0 1.0,"""Strombus pugilis"" by Vijay Barve (CC0 1.0). http://creativecommons.org/publicdomain/zero/1.0/ GBIF occurrence 6129878979.",gbif,yes,
marine-life-redfin-needlefish,crl-481742,redfin needlefish,https://inaturalist-open-data.s3.amazonaws.com/photos/701274931/original.jpg,marine-life-redfin-needlefish,Strongylura notata,fishes,needlefishes,,Distinctive reddish to orange highlights on dorsal and anal fins and lobes of tail. Long dark bar on gill cover.,,0.45,,,,,,,,CC0 1.0,"""Strongylura notata"" by David Emmanuel (CC0 1.0). http://creativecommons.org/publicdomain/zero/1.0/ GBIF occurrence 6451541476.",gbif,yes,
marine-life-black-brotula,3127,Black brotula,,,Stygnobrotula latebricola,fishes,brotulas,Bythitidae,Dark brown with short snout and overhanging mouth. Black vertical fins fused with tail. May act as a cleaner.,,0.08,,,Body shape: fusiform / normal,,,,,,,,,
marine-life-hydrozoans,44001,Hydrozoans,https://inaturalist-open-data.s3.amazonaws.com/photos/469740994/original.jpg,marine-life-hydrozoans,Stylaster roseus,corals,branching-corals,Stylasteridae,Maximum depth from Ref. 116013. Common but inconspicuous on reefs throughout the Caribbean (Ref. 415).,,,0,73,,,,,,CC0 1.0,"""Stylaster roseus"" by Jean-Paul Boerekamps (CC0 1.0). http://creativecommons.org/publicdomain/zero/1.0/ GBIF occurrence 5069814918.",gbif,yes,
marine-life-striated-seahare,crl-408514,striated seahare,https://inaturalist-open-data.s3.amazonaws.com/photos/430426253/original.jpeg,marine-life-striated-seahare,Stylocheilus polyomma,invertebrates,nudibranchs,,Tan body with thin brown lines and a large hump on the back. Long tapering tail. Tiny blue spots circled in red.,,0.045,,,,,,,,CC0 1.0,"""Stylocheilus polyomma"" by Ricardo Lima (CC0 1.0). http://creativecommons.org/publicdomain/zero/1.0/ GBIF occurrence 4945943283.",gbif,yes,
marine-life-latticed-flatworm,crl-217278,Latticed Flatworm,,marine-life-latticed-flatworm,Styloplanocera fasciata,invertebrates,flatworms,,Pale brown to whitish body covered with scattered brown spots and blotches. Two long pointed nuchal tentacles.,,0.05,,,,,,,,© Mickey Charteris — permission required,"Caribbean Reef Life (Mickey Charteris, 4th ed.)",caribbean-reef-life,yes,
marine-life-leafy-flat-blade-alga,111644,leafy flat blade alga,https://inaturalist-open-data.s3.amazonaws.com/photos/614472441/original.jpg,marine-life-leafy-flat-blade-alga,Stypopodium zonale,plants,brown-algae,Dictyotaceae,"Fan-shaped blades in shades of green to brown, with pale green bands. Grows in bushes from a central stalk.",,0.15,2,260,,,,,,CC BY 4.0,"""Stypopodium zonale"" by Christian Berg (CC BY 4.0). http://creativecommons.org/licenses/by/4.0/ GBIF occurrence 6147186613.",gbif,yes,
marine-life-caribbean-whiptail-stingray,1249,Caribbean whiptail stingray,https://inaturalist-open-data.s3.amazonaws.com/photos/611076475/original.jpg,marine-life-caribbean-whiptail-stingray,Styracura schmardae,fishes,rays,Potamotrygonidae,Circular gray body with large gill openings behind eyes. Snout and tips of fins are rounded. Inshore shallows.,,2,,,Body shape: other,,,,,CC0 1.0,"""Styracura schmardae"" by Lauren Bosch (CC0 1.0). http://creativecommons.org/publicdomain/zero/1.0/ GBIF occurrence 6133499709.",gbif,yes,
marine-life-sponge-130744,130744,Sponge,https://inaturalist-open-data.s3.amazonaws.com/photos/608296476/original.jpg,marine-life-sponge-130744,Svenzea zeai,sponges,encrusting-sponges,Dictyonellidae,Commensal with amphipods (Ref. 82302). Known from depths between 20 to 40 m (Ref. 081714).,,,6,30,,,,,,CC BY 4.0,"""Svenzea zeai"" by Dan Schofield (CC BY 4.0). http://creativecommons.org/licenses/by/4.0/ GBIF occurrence 6130383269.",gbif,yes,
marine-life-channel-flounder,4232,channel flounder,https://inaturalist-open-data.s3.amazonaws.com/photos/445256987/original.jpeg,marine-life-channel-flounder,Syacium micrurum,fishes,flounders,Cyclopsettidae,Eyes are distinctively close together. Two dark spots on lateral line: under laid-down pectoral and at base of tail.,,0.3,,412,Body shape: fusiform / normal,,,,,CC BY 4.0,"""Syacium micrurum"" by James-LaFontaine (CC BY 4.0). http://creativecommons.org/licenses/by/4.0/ GBIF occurrence 4987756671.",gbif,yes,
marine-life-caribbean-tonguefish,4261,Coral Reef tonguefish,,,Symphurus arawak,fishes,toadfishes,Cynoglossidae,"Elongated yellowish body with four or five faint body bars. Dorsal and anal fins pale, darkening towards tail.",,0.06,3,39,Body shape: short and / or deep,,,,,,,,,
marine-life-ocellated-tonguefish,16432,Ocellated tonguefish,,marine-life-ocellated-tonguefish,Symphurus ommaspilus,fishes,toadfishes,Cynoglossidae,"White to pale brownish body with scattered dots. Two distinctive black spots near tail base, circled in white.",,0.06,1,27,Body shape: short and / or deep,,,,,© Mickey Charteris — permission required,"Caribbean Reef Life (Mickey Charteris, 4th ed.)",caribbean-reef-life,yes,
marine-life-tunicates-55729,55729,encrusting social tunicate,https://inaturalist-open-data.s3.amazonaws.com/photos/608803578/original.jpg,marine-life-tunicates-55729,Symplegma viride,invertebrates,tunicates,Styelidae,Tiny individual tunicates growing from a common tunic that spreads across the substrate. Color varies greatly.,,,0,32,,,,,,CC BY 4.0,"""Symplegma viride"" by Dan Schofield (CC BY 4.0). http://creativecommons.org/licenses/by/4.0/ GBIF occurrence 6159585769.",gbif,yes,
marine-life-fuzz-ball-alga,114564,fuzz ball alga,,marine-life-fuzz-ball-alga,Symploca hydnoides,plants,red-algae,Phormidiaceae,"A very dense ball of fine hair-like filaments. Gray, blue-green or burgundy on the outer layer and paler inside.",,0.1,,,,,,,,© Mickey Charteris — permission required,"Caribbean Reef Life (Mickey Charteris, 4th ed.)",caribbean-reef-life,yes,
marine-life-sea-cucumber,49936,seaweed Sea cucumber,https://inaturalist-open-data.s3.amazonaws.com/photos/561551394/original.jpg,marine-life-sea-cucumber,Synaptula hydriformis,invertebrates,sea-cucumbers,Synaptidae,Green to reddish-brown body with twelve feather-like feeding tentacles. Found in algae and seagrass beds.,,0.1,0,7,,,,,,CC BY 4.0,"""Synaptula hydriformis"" by Luan Mazzeo (CC BY 4.0). http://creativecommons.org/licenses/by/4.0/ GBIF occurrence 5759707421.",gbif,yes,
marine-life-chain-pipefish,3304,Chain pipefish,https://inaturalist-open-data.s3.amazonaws.com/photos/485069995/original.jpg,marine-life-chain-pipefish,Syngnathus louisianae,fishes,pipefishes,Syngnathidae,Elongated snout with a dark stripe. Bright patch on gill cover. Thin dark bars along body. Florida/Gulf of Mexico.,,0.38,10,128,Body shape: eel-like,,,,,CC BY 4.0,"""Syngnathus louisianae"" by James-LaFontaine (CC BY 4.0). http://creativecommons.org/licenses/by/4.0/ GBIF occurrence 5133099172.",gbif,yes,
marine-life-sargassum-pipefish,3305,sargassum pipefish,https://inaturalist-open-data.s3.amazonaws.com/photos/465276364/original.jpg,marine-life-sargassum-pipefish,Syngnathus pelagicus,fishes,pipefishes,Syngnathidae,Brownish-gold body with thin pale bars and long snout. Found hiding in sargassum (p. 24). Rarely seen on reefs.,,0.21,,,Body shape: eel-like,,,,,CC BY 4.0,"""Syngnathus pelagicus"" by James-LaFontaine (CC BY 4.0). http://creativecommons.org/licenses/by/4.0/ GBIF occurrence 5063245065.",gbif,yes,
marine-life-inshore-lizardfish,2719,inshore lizardfish,https://inaturalist-open-data.s3.amazonaws.com/photos/705562339/original.jpg,marine-life-inshore-lizardfish,Synodus foetens,fishes,lizardfishes,Synodontidae,Gray to greenish-brown. Dark diamond-shaped blotches with pale centers. Row of pale spots along upper body.,,0.43,0,200,Body shape: elongated,,,,,CC0 1.0,"""Synodus foetens"" by Evan Feusi (CC0 1.0). http://creativecommons.org/publicdomain/zero/1.0/ GBIF occurrence 6470185406.",gbif,yes,
marine-life-sand-diver,2720,sand diver,https://inaturalist-open-data.s3.amazonaws.com/photos/685457397/original.jpg,marine-life-sand-diver,Synodus intermedius,fishes,lizardfishes,Synodontidae,Brown bars join diamond-shaped blotches on sides. Final bar is an inverted Y. Dark spot at upper edge of gill cover.,,0.44,3,320,Body shape: elongated,,,,,CC0 1.0,"""Synodus intermedius"" by Chris Spain (CC0 1.0). http://creativecommons.org/publicdomain/zero/1.0/ GBIF occurrence 6422760395.",gbif,yes,
marine-life-red-lizardfish,2723,red lizardfish,https://inaturalist-open-data.s3.amazonaws.com/photos/640294562/original.jpg,marine-life-red-lizardfish,Synodus synodus,fishes,lizardfishes,Synodontidae,Brown to reddish body with small blue markings. Broken white line down side. Small dark spot just behind snout.,,0.33,0,144,Body shape: elongated,,,,,CC0 1.0,"""Synodus synodus"" by Andra Waagmeester (CC0 1.0). http://creativecommons.org/publicdomain/zero/1.0/ GBIF occurrence 6234838524.",gbif,yes,
marine-life-geographic-sea-hare,8442,Geographic seahare,https://inaturalist-open-data.s3.amazonaws.com/photos/313270608/original.jpeg,marine-life-geographic-sea-hare,Syphonota geographica,invertebrates,nudibranchs,Aplysiidae,"Tan to greenish body with long white lines or reticulated patterns. Rhinophores close-set, between parapodia.",,0.17,6,8,,,,,,CC0 1.0,"""Syphonota geographica"" by Beth Addison-smith (CC0 1.0). http://creativecommons.org/publicdomain/zero/1.0/ GBIF occurrence 4405157057.",gbif,yes,
marine-life-manatee-grass,140687,manatee grass,https://inaturalist-open-data.s3.amazonaws.com/photos/612247081/original.jpg,marine-life-manatee-grass,Syringodium filiforme,plants,seagrasses,Cymodoceaceae,Thin tubular green leaves growing in clumps that can cover a wide area. Often found among Turtle Grass.,,0.46,0,5,,,,,,CC0 1.0,"""Syringodium filiforme"" by monkeyjodey (CC0 1.0). http://creativecommons.org/publicdomain/zero/1.0/ GBIF occurrence 6133151581.",gbif,yes,
marine-life-banded-box-jelly,166963,Banded box Jelly,,marine-life-banded-box-jelly,Tamoya ohboya,invertebrates,jellies,Carybdeidae,Gelatinous bell with nematocyst warts. Four tentacles with red banding (may be retracted while swimming).,,0.15,,,,,,,,© Mickey Charteris — permission required,"Caribbean Reef Life (Mickey Charteris, 4th ed.)",caribbean-reef-life,yes,
marine-life-blue-banded-alga,crl-833547,blue banded alga,,,Taonia abbottiana,plants,brown-algae,,Rounded and flattened leaf with pale filamentous edges. Thin bright green or blue bands. Forms small clusters.,,0.1,,,,,,,,,,,,
marine-life-taringa-telopia,7720,Orangeball Taringa (Variation),https://inaturalist-open-data.s3.amazonaws.com/photos/621074700/original.jpg,marine-life-taringa-telopia,Taringa telopia,invertebrates,nudibranchs,Discodorididae,"Small individuals are often darker brown, with radiating white spots on gill and rhinophore sheaths more visible.",,0.04,0,1,,,,,,CC BY 4.0,"""Taringa telopia"" by Cricket Raspet (CC BY 4.0). http://creativecommons.org/licenses/by/4.0/ GBIF occurrence 6178494535.",gbif,yes,
marine-life-lilacina-doris,166528,lilacina doris,https://inaturalist-open-data.s3.amazonaws.com/photos/641047128/original.jpg,marine-life-lilacina-doris,Tayuva lilacina,invertebrates,nudibranchs,Discodorididae,Flattened gray to purple dorsum with dark blotches and raised central area. Brown rhinophores with white tips.,,0.05,,,,,,,,CC BY 4.0,"""Tayuva lilacina"" by Borja Fierro (CC BY 4.0). http://creativecommons.org/licenses/by/4.0/ GBIF occurrence 6236519969.",gbif,yes,
marine-life-fire-sponge,50751,Fire sponge,https://inaturalist-open-data.s3.amazonaws.com/photos/486439012/original.jpeg,marine-life-fire-sponge,Tedania ignis,sponges,encrusting-sponges,Tedaniidae,"Shallow reefs, mangroves, and seagrass beds. Very common in the Caribbean (Ref. 415). Commensal with amphipods (Ref. 82302, 86735).",,,0,37,,,,,,CC0 1.0,"""Tedania ignis"" by Kevin Achtmeyer (CC0 1.0). http://creativecommons.org/publicdomain/zero/1.0/ GBIF occurrence 5909337647.",gbif,yes,
marine-life-gem-tegula,1846,Gem Tegula,,,Tegula gruneri,invertebrates,snails,Tegulidae,Rounded shell with a low spire. Spirals blotched in red and white over golden brown. Found in the shallows.,,0.02,0,35,,,,,,,,,,
marine-life-red-clinging-crab,crl-948738,Red clinging crab,https://inaturalist-open-data.s3.amazonaws.com/photos/695778733/original.jpg,marine-life-red-clinging-crab,Teleophrys ruber,invertebrates,crabs,,Flattened red carapace with white markings. Red and white bands on legs. Smooth red claws with white tips.,,0.02,,,,,,,,CC BY 4.0,"""Teleophrys ruber"" by Jay Brasher (CC BY 4.0). http://creativecommons.org/licenses/by/4.0/ GBIF occurrence 6441567966.",gbif,yes,
marine-life-sunrise-tellin,48576,sunrise tellin,https://inaturalist-open-data.s3.amazonaws.com/photos/621127463/original.jpg,marine-life-sunrise-tellin,Tellina radiata,invertebrates,clams,Tellinidae,Cream to yellowish valves with broad radiating pink lines. Only empty valves are found; usually buried under sand.,,0.075,0,100,,,,,,CC0 1.0,"""Tellina radiata"" by Tommy (CC0 1.0). http://creativecommons.org/publicdomain/zero/1.0/ GBIF occurrence 6178695224.",gbif,yes,
marine-life-club-tipped-anemone,41591,club-tipped anemone,https://inaturalist-open-data.s3.amazonaws.com/photos/641517983/original.jpg,marine-life-club-tipped-anemone,Telmatactis cricoides,invertebrates,anemones,Isophelliidae,"Flattened disc, sometimes flecked with pale spots. Large bulbous tips on tapering tentacles. Variable in color.",,0.1,,,,,,,,CC BY 4.0,"""Telmatactis cricoides"" by Borja Fierro (CC BY 4.0). http://creativecommons.org/licenses/by/4.0/ GBIF occurrence 6235255062.",gbif,yes,
marine-life-brazilian-rock-anemone,crl-127994,Brazilian Rock anemone,,marine-life-brazilian-rock-anemone,Telmatactis vernonia,invertebrates,anemones,,"Short grayish-blue bulbous tentacles, often with paler tips. Translucent pedal disc. Shallow reefs to intertidal. Pale tentacles become maroon towards the mouth. The oral disc has large pale blotches. Shallow reefs or sand. An undescribed species. Anemones in this genus are characterized by having swollen tips on the tentacles.",,0.05,,,,,,,,© Mickey Charteris — permission required,"Caribbean Reef Life (Mickey Charteris, 4th ed.)",caribbean-reef-life,yes,
marine-life-ribbed-barnacle,32290,Ribbed barnacle,https://inaturalist-open-data.s3.amazonaws.com/photos/621286681/original.jpg,marine-life-ribbed-barnacle,Tetraclita stalactifera,invertebrates,shrimps,Tetraclitidae,Thick-walled shells with pitted grooves. Opening covered by stony plates when not feeding. Shallow to intertidal.,,0.03,,,,,,,,CC0 1.0,"""Tetraclita stalactifera"" by Tommy (CC0 1.0). http://creativecommons.org/publicdomain/zero/1.0/ GBIF occurrence 6178474546.",gbif,yes,
marine-life-baroque-cave-coral,46428,Baroque cave coral,,marine-life-baroque-cave-coral,Thalamophyllia riisei,corals,cup-corals,Caryophylliidae,Azooxanthellate. Found in slope (Ref. 116012).,,,4,1317,,,,,,© Mickey Charteris — permission required,"Caribbean Reef Life (Mickey Charteris, 4th ed.)",caribbean-reef-life,yes,
marine-life-turtle-grass,139644,Turtle grass,https://inaturalist-open-data.s3.amazonaws.com/photos/612247144/original.jpg,marine-life-turtle-grass,Thalassia testudinum,plants,seagrasses,Hydrocharitaceae,"Flat thin green leaves about 1.5 cm wide, with rounded tips. Covers vast areas, dominating other seagrasses.",,0.6,0,10,,,,,,CC0 1.0,"""Thalassia testudinum"" by monkeyjodey (CC0 1.0). http://creativecommons.org/publicdomain/zero/1.0/ GBIF occurrence 6133097548.",gbif,yes,
marine-life-bluehead,3673,Bluehead wrasse (juvenile),https://inaturalist-open-data.s3.amazonaws.com/photos/612498598/original.jpg,marine-life-bluehead,Thalassoma bifasciatum,fishes,wrasses,Labridae,Dark upper body with yellow stripe. White abdomen. Large black spot at front of dorsal fin. Other fins clear.,,0.25,0,40,Body shape: fusiform / normal,,,,,CC0 1.0,"""Thalassoma bifasciatum"" by steve b (CC0 1.0). http://creativecommons.org/publicdomain/zero/1.0/ GBIF occurrence 6133164538.",gbif,yes,
marine-life-green-algae-crab,140973,green algae crab,https://inaturalist-open-data.s3.amazonaws.com/photos/380297294/original.jpg,marine-life-green-algae-crab,Thersandrus compressus,invertebrates,crabs,Majidae,Flattened green bristed carapace and legs. Often holds strips of algae over head. Found on blade algae (p. 21).,,0.025,,,,,,,,CC BY 4.0,"""Thersandrus compressus"" by Robin White (CC BY 4.0). http://creativecommons.org/licenses/by/4.0/ GBIF occurrence 4863437666.",gbif,yes,
marine-life-scarlet-mime-crab,27081,Scarlet Mime crab,https://inaturalist-open-data.s3.amazonaws.com/photos/655050278/original.jpg,marine-life-scarlet-mime-crab,Thoe puella,invertebrates,crabs,Majidae,"Triangular carapace, similar to P. mutica (above), but covered in lumpy projections. Found among coral rubble.",,0.015,0,27,,,,,,CC BY 4.0,"""Thoe puella"" by Dan Schofield (CC BY 4.0). http://creativecommons.org/licenses/by/4.0/ GBIF occurrence 6274282576.",gbif,yes,
marine-life-squat-anemone-shrimp,172200,squat anemone shrimp,https://inaturalist-open-data.s3.amazonaws.com/photos/594236877/original.jpg,marine-life-squat-anemone-shrimp,Thor dicaprio,invertebrates,shrimps,Thoridae,Reddish body with large head and small tail. Pale spots with blue rims. Short antennae. Found on anemones.,,0.02,,,,,,,,CC0 1.0,"""Thor dicaprio"" by Justin Philbois (CC0 1.0). http://creativecommons.org/publicdomain/zero/1.0/ GBIF occurrence 5903863922.",gbif,yes,
marine-life-manning-grass-shrimp,25866,manning’s grass shrimp,https://inaturalist-open-data.s3.amazonaws.com/photos/482169301/original.jpg,marine-life-manning-grass-shrimp,Thor manningi,invertebrates,shrimps,Thoridae,"Translucent body with highly variable green, brown and white highlights. Banded legs. Often near anemones.",,0.01,0,62,,,,,,CC BY 4.0,"""Thor manningi"" by Pauline Walsh Jacobson (CC BY 4.0). http://creativecommons.org/licenses/by/4.0/ GBIF occurrence 5133955956.",gbif,yes,
marine-life-harriss-thordisa,149544,Harris’s Thordisa,,marine-life-harriss-thordisa,Thordisa harrisi,invertebrates,nudibranchs,Discodorididae,Orange dorsum covered with distinctive sharply pointed dark papillae. Pale brown gills with six branching leaves.,,0.04,2,2,,,,,,© Mickey Charteris — permission required,"Caribbean Reef Life (Mickey Charteris, 4th ed.)",caribbean-reef-life,yes,
marine-life-thuridilla-mazda,150612,mazda elysia,,marine-life-thuridilla-mazda,Thuridilla mazda,invertebrates,sea-slugs,Plakobranchidae,Dark body with yellowish area on back of the head and rhinophores. Blue and orange half-moons on the sides.,,0.006,20,20,,,,,,© Mickey Charteris — permission required,"Caribbean Reef Life (Mickey Charteris, 4th ed.)",caribbean-reef-life,yes,
marine-life-painted-elysia,1860,painted elysia,https://inaturalist-open-data.s3.amazonaws.com/photos/580392089/original.jpg,marine-life-painted-elysia,Thuridilla picta,invertebrates,sea-slugs,Plakobranchidae,"Prominent curling rhinophores tipped in red. Parapodia lined with red, blue and green. Yellow Y on the head.",,0.03,0,3,,,,,,CC0 1.0,"""Thuridilla picta"" by Justin Philbois (CC0 1.0). http://creativecommons.org/publicdomain/zero/1.0/ GBIF occurrence 5868097541.",gbif,yes,
marine-life-branching-hydroid,43687,branching hydroid,https://inaturalist-open-data.s3.amazonaws.com/photos/470044434/original.jpg,marine-life-branching-hydroid,Thyroscyphus ramosus,invertebrates,hydroids,Thyroscyphidae,Branchlets alternate at right angles from a single stalk. Tiny polyps are found on both sides of the branchlets. Thick reddish-brown central stalk. Branchlets in a single plane with alternating polyps. Often found in clusters.,,0.13,0,457,,,,,,CC0 1.0,"""Thyroscyphus ramosus"" by Jean-Paul Boerekamps (CC0 1.0). http://creativecommons.org/publicdomain/zero/1.0/ GBIF occurrence 5069898697.",gbif,yes,
marine-life-diamondback-squid-egg-case,58136,diamondback squid egg case,https://inaturalist-open-data.s3.amazonaws.com/photos/694007453/original.jpg,marine-life-diamondback-squid-egg-case,Thysanoteuthis rhombus,invertebrates,squids,Thysanoteuthidae,A long tubular mass of tiny purple eggs encased in a transparent jelly. The squid itself is from very deep water.,,1.3,0,2604,,,,,,CC BY 4.0,"""Thysanoteuthis rhombus"" by Gregor Bailar (CC BY 4.0). http://creativecommons.org/licenses/by/4.0/ GBIF occurrence 6441316004.",gbif,yes,
marine-life-orangesided-goby,16644,orangesided goby,https://inaturalist-open-data.s3.amazonaws.com/photos/615394334/original.jpg,marine-life-orangesided-goby,Tigrigobius dilepis,fishes,gobies,Gobiidae,"Translucent with two red patches on abdomen, outlined in black and then white. Similar dashes along spinal column.",,0.025,5,30,Body shape: elongated,,,,,CC BY 4.0,"""Tigrigobius dilepis"" by Dan Schofield (CC BY 4.0). http://creativecommons.org/licenses/by/4.0/ GBIF occurrence 6159245705.",gbif,yes,
marine-life-frecklefin-goby,16642,Frecklefin goby,,marine-life-frecklefin-goby,Tigrigobius gemmatus,fishes,gobies,Gobiidae,Uniform dark brownish body with inconspicuous bars. Dark head with scattered small white spots. Dark fins.,,0.025,0,10,Body shape: elongated,,,,,© Mickey Charteris — permission required,"Caribbean Reef Life (Mickey Charteris, 4th ed.)",caribbean-reef-life,yes,
marine-life-tiger-goby,3875,Tiger goby,https://inaturalist-open-data.s3.amazonaws.com/photos/480182815/original.jpg,marine-life-tiger-goby,Tigrigobius macrodon,fishes,gobies,Gobiidae,Translucent head and body with prominent thin black bars. Found in coral rubble or sponges. From Florida.,,0.05,0,7,Body shape: elongated,,,,,CC BY 4.0,"""Tigrigobius macrodon"" by Pauline Walsh Jacobson (CC BY 4.0). http://creativecommons.org/licenses/by/4.0/ GBIF occurrence 5108133257.",gbif,yes,
marine-life-greenbanded-goby,12444,Greenbanded goby,,,Tigrigobius multifasciatus,fishes,gobies,Gobiidae,Inhabits pitted limestone faces and tide pools in surf areas in clear waters. Usually found among spines of rock-boring sea urchins (Ref. 26938). A protogynous hermaphrodite (Ref. 55367). Has been reared in captivity (Ref. 35420).,,0.05,,,Body shape: elongated,,,,,,,,,
marine-life-semiscaled-goby,16643,semiscaled goby,https://inaturalist-open-data.s3.amazonaws.com/photos/653895482/original.jpg,marine-life-semiscaled-goby,Tigrigobius pallens,fishes,gobies,Gobiidae,"Translucent with dark bars, more widely spaced towards rear. Pink head with brown bands. Dark spots below eye.",,0.02,0,20,Body shape: elongated,,,,,CC BY 4.0,"""Tigrigobius pallens"" by Dan Schofield (CC BY 4.0). http://creativecommons.org/licenses/by/4.0/ GBIF occurrence 6273843704.",gbif,yes,
marine-life-redcheek-goby,65483,Redcheek goby,,marine-life-redcheek-goby,Tigrigobius rubrigenis,fishes,gobies,Gobiidae,"Pale head with red bands. Over 20 thin bars. Honduras/ Belize: T. multifasciatus elsewhere, without cheek bands.",,0.025,,,Body shape: elongated,,,,,© Mickey Charteris — permission required,"Caribbean Reef Life (Mickey Charteris, 4th ed.)",caribbean-reef-life,yes,
marine-life-leopard-goby,57964,leopard goby,,marine-life-leopard-goby,Tigrigobius saucrus,fishes,gobies,Gobiidae,Translucent with rows of oval brown spots. Two large brown patches on abdomen outlined only in white.,,0.015,,,Body shape: elongated,,,,,© Mickey Charteris — permission required,"Caribbean Reef Life (Mickey Charteris, 4th ed.)",caribbean-reef-life,yes,
marine-life-tomicodon-cryptus,61484,Cryptic clingfish,,marine-life-tomicodon-cryptus,Tomicodon cryptus,fishes,clingfishes,Gobiesocidae,Dark brown bars edged with blue or blue spots. Second and third bars are an inverted Y. Thin dark bars from eye.,,0.02,0,8,Body shape: elongated,,,,,© Mickey Charteris — permission required,"Caribbean Reef Life (Mickey Charteris, 4th ed.)",caribbean-reef-life,yes,
marine-life-tomicodon-rupestris,61487,Surge clingfish,,marine-life-tomicodon-rupestris,Tomicodon rupestris,fishes,clingfishes,Gobiesocidae,Pale brown body with six hourglass saddles down back. Dark bars under eye. Dark patch on upper pectoral base.,,0.035,0,3,Body shape: elongated,,,,,© Mickey Charteris — permission required,"Caribbean Reef Life (Mickey Charteris, 4th ed.)",caribbean-reef-life,yes,
marine-life-gold-flecked-chiton,58401,ornate chiton,https://inaturalist-open-data.s3.amazonaws.com/photos/615005005/original.jpg,marine-life-gold-flecked-chiton,Tonicia schrammi,invertebrates,chitons,Chitonidae,"Plates are patterned in green, brown or red. Deep red girdle sometimes showing pale spots or thin bands.",,0.025,0,49,,,,,,CC BY 4.0,"""Tonicia schrammi"" by Dan Schofield (CC BY 4.0). http://creativecommons.org/licenses/by/4.0/ GBIF occurrence 6171244995.",gbif,yes,
marine-life-atlantic-partridge-tun,1864,Atlantic Partridge tun,https://inaturalist-open-data.s3.amazonaws.com/photos/608252738/original.jpg,marine-life-atlantic-partridge-tun,Tonna pennata,invertebrates,snails,Tonnidae,Shell may be solid brown or with bands. Broad brown to black mantle with irregular white spots and long blotches.,,0.15,0,13,,,,,,CC BY 4.0,"""Tonna pennata"" by Ben Jobson (CC BY 4.0). http://creativecommons.org/licenses/by/4.0/ GBIF occurrence 6130678760.",gbif,yes,
marine-life-florida-torpedo,53902,Florida torpedo,,,Torpedo andersoni,fishes,rays,Torpedinidae,"Pale circular body with brown blotches, straight at front of head. Short snout. Rounded dorsal fins set close to tail.",,0.3,,229,Body shape: other,,,,,,,,,
marine-life-arrow-shrimp,25861,arrow shrimp,https://inaturalist-open-data.s3.amazonaws.com/photos/605080404/original.jpg,marine-life-arrow-shrimp,Tozeuma carolinense,invertebrates,shrimps,Hippolytidae,"Long slender body with a distinctive hump towards tail. Long tapering snout. Color varies, matching the host.",,0.04,0,75,,,,,,CC BY 4.0,"""Tozeuma carolinense"" by Nick Tobler (Cowturtle) (CC BY 4.0). http://creativecommons.org/licenses/by/4.0/ GBIF occurrence 5938707171.",gbif,yes,
marine-life-gorgonian-toothpick-shrimp,25863,Gorgonian Toothpick shrimp,,marine-life-gorgonian-toothpick-shrimp,Tozeuma cornutum,invertebrates,shrimps,Hippolytidae,Elongated translucent body with red and white speckles and small hump. Found mostly on Sea Plumes (p. 101).,,0.03,,73,,,,,,© Mickey Charteris — permission required,"Caribbean Reef Life (Mickey Charteris, 4th ed.)",caribbean-reef-life,yes,
marine-life-snakefish,2724,Snakefish,https://inaturalist-open-data.s3.amazonaws.com/photos/472626882/original.jpg,marine-life-snakefish,Trachinocephalus myops,fishes,lizardfishes,Synodontidae,Pale blue and gold stripes down side. Black oval at top of gill cover. Distinctively blunt head and upturned mouth.,,0.4,0,400,Body shape: elongated,,,,,CC0 1.0,"""Trachinocephalus myops"" by Justin Philbois (CC0 1.0). http://creativecommons.org/publicdomain/zero/1.0/ GBIF occurrence 5087289734.",gbif,yes,
marine-life-permit,1010,permit,https://inaturalist-open-data.s3.amazonaws.com/photos/467418080/original.jpeg,marine-life-permit,Trachinotus falcatus,fishes,jacks,Carangidae,"Tall silvery body, often with yellow blotch on abdomen and dusky oval patch behind dark pectoral. Dark anal fin.",,1.22,0,36,Body shape: short and / or deep,,,,,CC0 1.0,"""Trachinotus falcatus"" by Mike Beetlestone (CC0 1.0). http://creativecommons.org/publicdomain/zero/1.0/ GBIF occurrence 5063740306.",gbif,yes,
marine-life-great-pompano,1011,palometa,https://inaturalist-open-data.s3.amazonaws.com/photos/502058929/original.jpeg,marine-life-great-pompano,Trachinotus goodei,fishes,jacks,Carangidae,Distinctively elongated black dorsal and anal fins. Four thin body bars. Often found schooling in the shallows.,,0.5,0,12,Body shape: short and / or deep,,,,,CC0 1.0,"""Trachinotus goodei"" by Paulo Mascaretti (CC0 1.0). http://creativecommons.org/publicdomain/zero/1.0/ GBIF occurrence 5282258371.",gbif,yes,
marine-life-roughback-shrimp,19453,roughback shrimp,https://inaturalist-open-data.s3.amazonaws.com/photos/471021282/original.jpg,marine-life-roughback-shrimp,Trachycaris rugosa,invertebrates,shrimps,Hippolytidae,Bulbous head with upturned rostrum and often a white line below eye. Abdominal sections have pointed edges.,,0.03,20,713,,,,,,CC BY 4.0,"""Trachycaris rugosa"" by Dan Schofield (CC BY 4.0). http://creativecommons.org/licenses/by/4.0/ GBIF occurrence 5070064426.",gbif,yes,
marine-life-trapania-dalva,8519,White-V Trapania,https://inaturalist-open-data.s3.amazonaws.com/photos/475279140/original.jpg,marine-life-trapania-dalva,Trapania dalva,invertebrates,nudibranchs,Goniodorididae,Dark brown with white blotches and small orange spots. White lines run from rhinophores to large pale gills.,,0.012,0,37,,,,,,CC BY 4.0,"""Trapania dalva"" by Dan Schofield (CC BY 4.0). http://creativecommons.org/licenses/by/4.0/ GBIF occurrence 5087761873.",gbif,yes,
marine-life-bleeding-teeth-bryozoan,139986,bleeding teeth bryozoan,,marine-life-bleeding-teeth-bryozoan,Trematooecia aviculifera,invertebrates,bryozoans,Colatooeciidae,"Encrusting calcified layer of larger pink to reddish zooids, visible to the naked eye. Often found at depth.",,0.2,2,20,,,,,,© Mickey Charteris — permission required,"Caribbean Reef Life (Mickey Charteris, 4th ed.)",caribbean-reef-life,yes,
marine-life-fragile-branching-alga,129274,fragile branching alga,https://inaturalist-open-data.s3.amazonaws.com/photos/445449905/original.jpeg,marine-life-fragile-branching-alga,Tricleocarpa fragilis,plants,red-algae,Galaxauraceae,"Long flattened segmented blades in pale to dark pink, often branching. Found growing from a common holdfast.",,0.3,0,30,,,,,,CC0 1.0,"""Tricleocarpa fragilis"" by Héctor Ibáñez Cantero (CC0 1.0). http://creativecommons.org/publicdomain/zero/1.0/ GBIF occurrence 4976299892.",gbif,yes,
marine-life-mat-tunicate-variation,54256,mat tunicate (Variation),https://inaturalist-open-data.s3.amazonaws.com/photos/610695054/original.jpg,marine-life-mat-tunicate-variation,Trididemnum solidum,invertebrates,tunicates,Didemnidae,"This overgrowing tunicate is most often a dull gray color but can be found in white, bluish-green or dark purple.",,,,,,,,,,CC BY 4.0,"""Trididemnum solidum"" by Dan Schofield (CC BY 4.0). http://creativecommons.org/licenses/by/4.0/ GBIF occurrence 6131537436.",gbif,yes,
marine-life-sea-egg,49992,west indian sea egg,https://inaturalist-open-data.s3.amazonaws.com/photos/609033031/original.jpg,marine-life-sea-egg,Tripneustes ventricosus,invertebrates,sea-urchins,Toxopneustidae,Rounded dark purple to black body. White spines are short and dense. Visible podia. Prefers shallow reefs.,,0.13,0,55,,,,,,CC BY 4.0,"""Tripneustes ventricosus"" by Jan Ebr & Ivana Ebrová (CC BY 4.0). http://creativecommons.org/licenses/by/4.0/ GBIF occurrence 6129880999.",gbif,yes,
marine-life-crisscross-tritonia,crl-429862,crisscross tritonia,https://reefguide.org/pix/tritoniabayeri1.jpg,marine-life-crisscross-tritonia,Tritonicula bayeri,invertebrates,nudibranchs,,Pink to translucent dorsum with a fine network of white to yellow reticulated lines. Short yellow branching cerata.,,0.02,,,,,,,,All Rights Reserved,"Photo © Florent Charpin, reefguide.org — crisscross tritonia (Tritonicula bayeri) — Palm Beach, Florida",reefguide,yes,
marine-life-hamners-tritonia,crl-315158,Hamner’s tritonia,https://inaturalist-open-data.s3.amazonaws.com/photos/258485195/original.jpeg,marine-life-hamners-tritonia,Tritonicula hamnerorum,invertebrates,nudibranchs,,Smooth light brown body with thin white stripes. Short widely spaced tufts of cerata. Long tentacles on oral veil.,,0.025,,,,,,,,CC BY 4.0,"""Tritonicula hamnerorum"" by Dan Schofield (CC BY 4.0). http://creativecommons.org/licenses/by/4.0/ GBIF occurrence 4054794595.",gbif,yes,
marine-life-wellss-tritonia,crl-945184,wells’s tritonia,,,Tritonicula wellsi,invertebrates,nudibranchs,,White speckles on a tapering gray to pinkish dorsum. Small branching cerata and a broad rounded oral veil.,,0.015,,,,,,,,,,,,
marine-life-gastropod-2429,2429,tufted nudibranch,https://inaturalist-open-data.s3.amazonaws.com/photos/300115716/original.jpeg,marine-life-gastropod-2429,Tritoniopsis frydis,invertebrates,nudibranchs,Tritoniidae,Highly branched cerata surround the dorsum. Flattened oral veil with short tentacles. Sheathed rhinophores.,,0.025,2,3,,,,,,CC BY 4.0,"""Tritoniopsis frydis"" by Dan Schofield (CC BY 4.0). http://creativecommons.org/licenses/by/4.0/ GBIF occurrence 4162316862.",gbif,yes,
marine-life-true-crab,27253,Coral Gall crab,https://reefguide.org/pix/troglocarcinuscorallicola1.jpg,marine-life-true-crab,Troglocarcinus corallicola,invertebrates,crabs,Cryptochiridae,Flattened spiny carapace and white-banded legs. Found living within pits and galls on a variety of coral species.,,0.01,0,75,,,,,,All Rights Reserved,"Photo © Florent Charpin, reefguide.org — Coral Gall crab (Troglocarcinus corallicola) — Bonaire",reefguide,yes,
marine-life-orange-cup-coral,46625,Orange cup coral,https://inaturalist-open-data.s3.amazonaws.com/photos/623227343/original.jpg,marine-life-orange-cup-coral,Tubastraea coccinea,corals,cup-corals,Dendrophylliidae,"Azooxanthellate (Ref. 116012). Can be found in shallow waters (Ref. 122680). Found on rock overhangs (Ref. 88997). In Hong Kong, also found in marine caves (Ref. 120542).",,,1,37,,,,,,CC0 1.0,"""Tubastraea coccinea"" by Justin Philbois (CC0 1.0). http://creativecommons.org/publicdomain/zero/1.0/ GBIF occurrence 6184744488.",gbif,yes,
marine-life-black-urchin-shrimp,25605,black urchin shrimp,https://inaturalist-open-data.s3.amazonaws.com/photos/711626027/original.jpg,marine-life-black-urchin-shrimp,Tuleariocaris neglecta,invertebrates,shrimps,Palaemonidae,Long dark red to black body. Often a pale stripe along the side. Found on Long Spine Sea Urchins (p. 149).,,0.015,0,2,,,,,,CC BY 4.0,"""Tuleariocaris neglecta"" by Matteo Bellucci (CC BY 4.0). http://creativecommons.org/licenses/by/4.0/ GBIF occurrence 6479991540.",gbif,yes,
marine-life-saucer-leaf-alga,122761,saucer leaf alga,,,Turbinaria tricostata,plants,brown-algae,Sargassaceae,Triangular cone-shaped thickened leaves on a short stalk. Often with dark brown speckles and pale centers.,,0.15,,,,,,,,,,,,
marine-life-blistered-saucer-leaf-alga,112926,Blistered saucer leaf alga,https://inaturalist-open-data.s3.amazonaws.com/photos/471635123/original.jpg,marine-life-blistered-saucer-leaf-alga,Turbinaria turbinata,plants,brown-algae,Sargassaceae,Tall erect stalks covered in triangular leaves with distinct rounded swellings in the centers. Found in the shallows.,,0.45,0,5,,,,,,CC0 1.0,"""Turbinaria turbinata"" by Andrew Bleiman (CC0 1.0). http://creativecommons.org/publicdomain/zero/1.0/ GBIF occurrence 5087186349.",gbif,yes,
marine-life-west-indian-chank,83564,West Indian Chank,https://inaturalist-open-data.s3.amazonaws.com/photos/468791321/original.jpg,marine-life-west-indian-chank,Turbinella angulata,invertebrates,snails,Turbinellidae,Robust shell with a long tapering aperture lip. Mantle is mottled black and orange and is commonly buried.,,0.37,0,81,,,,,,CC0 1.0,"""Turbinella angulata"" by Jean-Paul Boerekamps (CC0 1.0). http://creativecommons.org/publicdomain/zero/1.0/ GBIF occurrence 5063958032.",gbif,yes,
marine-life-lip-triton,4891,lip Triton,https://inaturalist-open-data.s3.amazonaws.com/photos/671887907/original.jpg,marine-life-lip-triton,Turritriton labiosus,invertebrates,snails,Ranellidae,Orange to brown shell with ridges and a long curving aperture lip. Pale mantle with dark reddish blotches.,,0.13,0,20,,,,,,CC BY 4.0,"""Turritriton labiosus"" by Josiah Londerée (CC BY 4.0). http://creativecommons.org/licenses/by/4.0/ GBIF occurrence 6399762741.",gbif,yes,
marine-life-bottlenose-dolphin,69376,bottlenose dolphin,https://inaturalist-open-data.s3.amazonaws.com/photos/605193211/original.jpg,marine-life-bottlenose-dolphin,Tursiops truncatus,mammals,,Delphinidae,Robust light to dark gray body with a paler abdomen. Short rostrum. Coastal individuals are usually smaller.,,3.8,0,1316,,,,,yes,CC0 1.0,"""Tursiops truncatus"" by Dan Horowitz (CC0 1.0). http://creativecommons.org/publicdomain/zero/1.0/ GBIF occurrence 5938229303.",gbif,yes,
marine-life-hound-needlefish,977,houndfish,https://inaturalist-open-data.s3.amazonaws.com/photos/617950374/original.jpg,marine-life-hound-needlefish,Tylosurus crocodilus,fishes,needlefishes,Belonidae,"Bluish-green upper body, silvery below. Dark lateral keel at tail base. Lower tail lobe is longer than upper lobe.",,1.5,0,13,Body shape: elongated,,,,,CC0 1.0,"""Tylosurus crocodilus"" by Светлана Царахова (CC0 1.0). http://creativecommons.org/publicdomain/zero/1.0/ GBIF occurrence 6162811603.",gbif,yes,
marine-life-cemented-blade-alga,125382,cemented blade alga,,marine-life-cemented-blade-alga,Udotea conglutinata,plants,green-algae,Udoteaceae,"Calcified green blade with a felt-like texture, as wide as it is tall. Narrow stalk. Often found in deeper sandy areas.",,0.12,,,,,,,,© Mickey Charteris — permission required,"Caribbean Reef Life (Mickey Charteris, 4th ed.)",caribbean-reef-life,yes,
marine-life-mermaids-teacup,115546,mermaid’s teacup,,,Udotea cyathiformis,plants,green-algae,Udoteaceae,"Thin ragged-edged cup of light green, attached by a thin stalk. Often found in sandy areas in large groupings.",,0.2,0,30,,,,,,,,,,
marine-life-ruffled-blade-alga,113817,Ruffled Blade alga,https://inaturalist-open-data.s3.amazonaws.com/photos/207575344/original.jpeg,marine-life-ruffled-blade-alga,Udotea flabellum,plants,green-algae,Udoteaceae,Narrow fan shape extending out from a single stalk. Thick-walled. Dark green with pale edges on the blade.,,0.15,0,15,,,,,,CC0 1.0,"""Udotea flabellum"" by natalie (CC0 1.0). http://creativecommons.org/publicdomain/zero/1.0/ GBIF occurrence 3860328404.",gbif,yes,
marine-life-mermaids-fan,crl-355761,mermaid’s fan,,,Udotea luna,plants,green-algae,,Broad fan-shaped green blades on a single short stalk. Distinctive lines radiate to the edge of the blades.,,0.2,,,,,,,,,,,,
marine-life-mottled-mojarra,3566,mottled mojarra,https://inaturalist-open-data.s3.amazonaws.com/photos/508031901/original.jpg,marine-life-mottled-mojarra,Ulaema lefroyi,fishes,silvery-fishes,Gerreidae,Slender silvery body (may show faint bars). Concave below lower jaw. Large eye with dark spot above iris.,,0.23,,,Body shape: fusiform / normal,,,,,CC BY 4.0,"""Ulaema lefroyi"" by Jacob Weston (CC BY 4.0). http://creativecommons.org/licenses/by/4.0/ GBIF occurrence 5166778022.",gbif,yes,
marine-life-sponge-zoanthid,crl-131582,sponge zoanthid,https://inaturalist-open-data.s3.amazonaws.com/photos/469370746/original.jpg,marine-life-sponge-zoanthid,Umimayanthus parasiticus,invertebrates,zoanthids,,Pale central disc with a brown circle inside. Short brown tentacles. Found encrusting vase and rope sponges.,,,,,,,,,,CC0 1.0,"""Umimayanthus parasiticus"" by Jean-Paul Boerekamps (CC0 1.0). http://creativecommons.org/publicdomain/zero/1.0/ GBIF occurrence 5064064757.",gbif,yes,
marine-life-cottonmouth-jack,1012,cottonmouth jack,https://images.marinespecies.org/2548_uraspis-secunda.jpg,marine-life-cottonmouth-jack,Uraspis secunda,fishes,jacks,Carangidae,"Rounded silvery to dusky body, sometimes with faint bars. Low triangular dorsal fin and tail, often darker gray.",,0.5,1,50,Body shape: fusiform / normal,,,,,CC BY NC SA 4.0,"Photo via WoRMS Photogallery — cottonmouth jack (Uraspis secunda); author WoRMS contributor; AphiaID 159658, pic 2548",worms,yes,
marine-life-yellow-stingray,2581,yellow stingray,https://inaturalist-open-data.s3.amazonaws.com/photos/631957105/original.jpg,marine-life-yellow-stingray,Urobatis jamaicensis,fishes,rays,Urotrygonidae,Variable yellow to brown body with dark blotches and small yellow spots. Snout and tips of fins are rounded.,,0.7,1,25,Body shape: other,,,,,CC0 1.0,"""Urobatis jamaicensis"" by Stari Plativky (CC0 1.0). http://creativecommons.org/publicdomain/zero/1.0/ GBIF occurrence 6188071947.",gbif,yes,
marine-life-longtail-grass-shrimp,162662,longtail grass shrimp,,marine-life-longtail-grass-shrimp,Urocaris longicaudata,invertebrates,shrimps,Palaemonidae,Transparent body with a rounded hump towards a long transparent tail. A second set of claws behind the first.,,0.02,,,,,,,,© Mickey Charteris — permission required,"Caribbean Reef Life (Mickey Charteris, 4th ed.)",caribbean-reef-life,yes,
marine-life-hitchhiking-jelly,43579,Hitchhiking Jelly,https://images.marinespecies.org/185597_vallentinia-gabriellae-mature-specimen-from-florida-usa.jpg,marine-life-hitchhiking-jelly,Vallentinia gabriellae,invertebrates,jellies,Olindiidae,"Clear bell, taller than it is wide. Four distinct orange radial canals. Up to 100 short bright orange tentacles.",,0.015,,,,,,,,CC BY NC SA 4.0,"Photo via WoRMS Photogallery — Hitchhiking Jelly (Vallentinia gabriellae); author collected and photographed by Allen Collins; AphiaID 291273, pic 185597",worms,yes,
marine-life-benthic-ctenophore,60783,Benthic Ctenophore,https://inaturalist-open-data.s3.amazonaws.com/photos/598403801/original.jpg,marine-life-benthic-ctenophore,Vallicula multiformis,invertebrates,jellies,Coeloplanidae,"Flat body with pale contractile tentacles from either end. Color matches substrate, with pink or brown highlights.",,0.025,,,,,,,,CC0 1.0,"""Vallicula multiformis"" by Sinaloa Silvestre (CC0 1.0). http://creativecommons.org/publicdomain/zero/1.0/ GBIF occurrence 6129966084.",gbif,yes,
marine-life-elongated-sea-pearls,108251,elongated sea pearls,https://inaturalist-open-data.s3.amazonaws.com/photos/244328299/original.jpg,marine-life-elongated-sea-pearls,Valonia macrophysa,plants,green-algae,Valoniaceae,A spreading mat of pale to olive-green rounded or oval bubble shapes. Distinctive silvery sheen on the surface.,,0.02,,,,,,,,CC BY 4.0,"""Valonia macrophysa"" by Thomas Irvine (CC BY 4.0). http://creativecommons.org/licenses/by/4.0/ GBIF occurrence 3985879577.",gbif,yes,
marine-life-creeping-bubble-alga,119104,creeping bubble alga,https://inaturalist-open-data.s3.amazonaws.com/photos/640683574/original.jpg,marine-life-creeping-bubble-alga,Valonia utricularis,plants,green-algae,Valoniaceae,"Clumps of dark green elongated bubbles, randomly branching with bulbous tips. Found in sheltered areas.",,0.025,1,35,,,,,,CC BY 4.0,"""Valonia utricularis"" by Borja Fierro (CC BY 4.0). http://creativecommons.org/licenses/by/4.0/ GBIF occurrence 6235780312.",gbif,yes,
marine-life-sea-pearl,139981,sea pearl,https://inaturalist-open-data.s3.amazonaws.com/photos/667877449/original.jpg,marine-life-sea-pearl,Valonia ventricosa,plants,green-algae,Valoniaceae,"Large rounded dark to olive-green bubbles, often with a silvery sheen. May grow individually or in small clusters.",,0.05,0,108,,,,,,CC0 1.0,"""Valonia ventricosa"" by Daniel Estabrooks (CC0 1.0). http://creativecommons.org/publicdomain/zero/1.0/ GBIF occurrence 6400540395.",gbif,yes,
marine-life-shiny-seagrass,108638,Shiny seagrass,https://oxalis.br.fgov.be/images/V/BR5/010/111/803/440/BR5010111803440V.jpg,marine-life-shiny-seagrass,Valoniopsis pachynema,plants,green-algae,Anadyomenaceae,"Dense clusters of shiny dark green filaments, growing to form a dense cushion. Found in calm shallow areas.",,0.2,0,54,,,,,,CC BY 4.0,"""Valoniopsis pachynema (G.Martens) Børgesen"" by Meise Botanic Garden (CC BY 4.0). http://creativecommons.org/licenses/by/4.0/ GBIF occurrence 4072829281.",gbif,yes,
marine-life-caribbean-vase,5599,Caribbean Vase,,marine-life-caribbean-vase,Vasum muricatum,invertebrates,snails,Turbinellidae,Thick-walled shell with a small pointed conical spire. Mantle is brown and speckled. Often covered in algae.,,0.2,0,20,,,,,,© Mickey Charteris — permission required,"Caribbean Reef Life (Mickey Charteris, 4th ed.)",caribbean-reef-life,yes,
marine-life-netted-barrel-sponge,131249,Netted barrel sponge,https://inaturalist-open-data.s3.amazonaws.com/photos/620957967/original.jpg,marine-life-netted-barrel-sponge,Verongula gigantea,sponges,barrel-sponges,Aplysinidae,,,,,12,,,,,,CC0 1.0,"""Verongula gigantea"" by Tommy (CC0 1.0). http://creativecommons.org/publicdomain/zero/1.0/ GBIF occurrence 6179517301.",gbif,yes,
marine-life-pitted-sponge,84449,Pitted sponge,https://inaturalist-open-data.s3.amazonaws.com/photos/613187693/original.jpg,marine-life-pitted-sponge,Verongula rigida,sponges,tube-sponges,Aplysinidae,"Maximum depth reported taken from Ref. 128739. Common on open reef habitats more than 3 m deep (Ref. 415), and in mangroves (Ref. 86836). Inhabits heavily silted lower mesophotic reefs (Ref. 128739).",,0.03,1,60,,,,,,CC BY 4.0,"""Verongula rigida"" by Matteo Bellucci (CC BY 4.0). http://creativecommons.org/licenses/by/4.0/ GBIF occurrence 6159260125.",gbif,yes,
marine-life-cuban-miter,149327,Cuban miter,,,Vexillum cubanum,invertebrates,snails,Costellariidae,Elongated ribbed white shell with thin dark bands above each whorl. Often a broader dark band on the final whorl.,,0.015,0,780,,,,,,,,,,
marine-life-harlequin-miter,5605,Harlequin miter,,marine-life-harlequin-miter,Vexillum histrio,invertebrates,snails,Costellariidae,Highly ridged dark red shell with yellow and black bands. Black mantle and proboscis. White-banded tentacles.,,0.015,0,275,,,,,,© Mickey Charteris — permission required,"Caribbean Reef Life (Mickey Charteris, 4th ed.)",caribbean-reef-life,yes,
marine-life-beautiful-miter,4261,Beautiful miter,,,Vexillum pulchellum,invertebrates,snails,Costellariidae,Bright orange shell with a sharply pointed spire. Bands of small black markings. Single white band on final whorl.,,0.015,21,94,,,,,,,,,,
marine-life-virgin-nerite,1824,Virgin nerite,https://inaturalist-open-data.s3.amazonaws.com/photos/633668171/original.jpg,marine-life-virgin-nerite,Vitta virginea,invertebrates,snails,Neritidae,"Rounded shell with bulbous spire. Wavy zigzag lines and spots. Dominant color may be black, green or reddish.",,0.012,0,2,,,,,,CC0 1.0,"""Vitta virginea"" by Lucas Rodrigues (CC0 1.0). http://creativecommons.org/publicdomain/zero/1.0/ GBIF occurrence 6188267096.",gbif,yes,
marine-life-music-volute,2507,music volute,https://inaturalist-open-data.s3.amazonaws.com/photos/460978770/original.jpg,marine-life-music-volute,Voluta musica,invertebrates,snails,Volutidae,Pale brown thick-walled shell circled with distinctive thin brown lines. White mantle with brown and gold markings.,,0.045,0,40,,,,,,CC BY 4.0,"""Voluta musica"" by Emily K (CC BY 4.0). http://creativecommons.org/licenses/by/4.0/ GBIF occurrence 5104356097.",gbif,yes,
marine-life-white-line-marginella,4651,White-banded Marginella,https://inaturalist-open-data.s3.amazonaws.com/photos/233830527/original.jpg,marine-life-white-line-marginella,Volvarina albolineata,invertebrates,snails,Marginellidae,Pale oblong shell with three broad brown bands (may be diffuse). Orange spots on white mantle and proboscis.,,0.012,0,50,,,,,,CC BY 4.0,"""Volvarina albolineata"" by Thomas Irvine (CC BY 4.0). http://creativecommons.org/licenses/by/4.0/ GBIF occurrence 4075613811.",gbif,yes,
marine-life-volvarina-floresensis,149907,Knobby Marginella,,,Volvarina floresensis,invertebrates,snails,Marginellidae,Pale oblong shell with dark mottling. Knobby texture on white-spotted mantle. Dark banding on pale tentacles.,,0.012,15,25,,,,,,,,,,
marine-life-socoa-marginella,149909,Socoa Marginella,,marine-life-socoa-marginella,Volvarina socoae,invertebrates,snails,Marginellidae,Elongated orange shell with pale stripes. Mantle and proboscis solid orange or pale with dark orange spots.,,0.012,1,2,,,,,,© Mickey Charteris — permission required,"Caribbean Reef Life (Mickey Charteris, 4th ed.)",caribbean-reef-life,yes,
marine-life-lemon-goby,57908,lemon goby,,,Vomerogobius flavus,fishes,gobies,Gobiidae,"Orange-yellow with a thin yellow stripe. Thin blue line on head. Rare, found among deep Masked/Glass Gobies.",,0.03,,,Body shape: Elongated,,,,,,,,,
marine-life-denticulate-rubble-crab,crl-464046,Denticulate Rubble crab,,,Williamstimpsonia denticulatus,invertebrates,crabs,,Flattened gray to pinkish carapace with highly variable markings. Numerous blunt spines protruding from sides.,,0.03,,,,,,,,,,,,
marine-life-pink-bush-alga,121087,pink bush alga,https://inaturalist-open-data.s3.amazonaws.com/photos/556401264/original.jpg,marine-life-pink-bush-alga,Wrangelia penicillata,plants,red-algae,Ceramiaceae,Tall bushy pink alga with long thin central branches. Smaller light pink branchlets grow out in a single plane.,,0.2,,,,,,,,CC0 1.0,"""Wrangelia penicillata"" by Paul Braun (CC0 1.0). http://creativecommons.org/publicdomain/zero/1.0/ GBIF occurrence 5844206024.",gbif,yes,
marine-life-red-filament-alga,113938,red filament alga,,marine-life-red-filament-alga,Wurdemannia miniata,plants,red-algae,Wurdemanniaceae,"Tangled masses of fine hair-like deep red filaments, each repeatedly branching outwards. May cover large areas.",,0.6,,,,,,,,© Mickey Charteris — permission required,"Caribbean Reef Life (Mickey Charteris, 4th ed.)",caribbean-reef-life,yes,
marine-life-sargassum-triggerfish,4285,sargassum triggerfish,https://inaturalist-open-data.s3.amazonaws.com/photos/594240036/original.jpg,marine-life-sargassum-triggerfish,Xanthichthys ringens,fishes,triggerfishes,Balistidae,Purple body with rows of small black spots. Three dark lines on cheek. White patch above eye. Tail edged in red.,,0.25,25,80,Body shape: short and / or deep,,,,,CC0 1.0,"""Xanthichthys ringens"" by Justin Philbois (CC0 1.0). http://creativecommons.org/publicdomain/zero/1.0/ GBIF occurrence 5903722079.",gbif,yes,
marine-life-american-carriersnail,4787,American carriersnail,https://inaturalist-open-data.s3.amazonaws.com/photos/466412415/original.jpeg,marine-life-american-carriersnail,Xenophora conchyliophora,invertebrates,snails,Xenophoridae,"Flat-bottomed conical shell, typically with other shells and pieces of coral debris cemented on for protection.",,0.07,0,635,,,,,,CC BY 4.0,"""Xenophora conchyliophora"" by Reanne (""Bean"") Dunn (CC BY 4.0). http://creativecommons.org/licenses/by/4.0/ GBIF occurrence 5063512492.",gbif,yes,
marine-life-giant-barrel-sponge,51422,Giant barrel sponge,https://inaturalist-open-data.s3.amazonaws.com/photos/627386149/original.jpg,marine-life-giant-barrel-sponge,Xestospongia muta,sponges,barrel-sponges,Petrosiidae,"Maximum depth reported taken from Ref. 128739.. Maximum length refers to base diameter (Ref. 99323). Common on reef environments (Ref. 415). Also found in mangroves (Ref. 86836). Inhabits shallow coral reefs, coral communities, coralline algae reefs, algal nodules, and mesophotic reefs (Ref. 128739).",,2.5,0,69,,,,,,CC0 1.0,"""Xestospongia muta"" by Bonnie Isaac (CC0 1.0). http://creativecommons.org/publicdomain/zero/1.0/ GBIF occurrence 6185819962.",gbif,yes,
marine-life-rosy-razorfish-terminal,3668,rosy razorfish (terminal),https://inaturalist-open-data.s3.amazonaws.com/photos/626001788/original.jpg,marine-life-rosy-razorfish-terminal,Xyrichtys martinicensis,fishes,razorfishes,Labridae,Yellow cheek and gill cover with thin blue bars. Vertical blue lines on scales. Darkened pectoral base. Red iris.,,0.15,2,21,Body shape: elongated,,,,,CC BY 4.0,"""Xyrichtys martinicensis"" by Matteo Bellucci (CC BY 4.0). http://creativecommons.org/licenses/by/4.0/ GBIF occurrence 6185810803.",gbif,yes,
marine-life-pearly-razorfish-terminal,4581,pearly razorfish (terminal),https://inaturalist-open-data.s3.amazonaws.com/photos/625474803/original.jpg,marine-life-pearly-razorfish-terminal,Xyrichtys novacula,fishes,razorfishes,Labridae,The largest of the razorfishes. Blue lines under a small eye. Blunt forehead. Often a single diffuse body bar.,,0.25,1,90,Body shape: elongated,,,,,CC BY 4.0,"""Xyrichtys novacula"" by Karim Haddad (CC BY 4.0). http://creativecommons.org/licenses/by/4.0/ GBIF occurrence 6179538305.",gbif,yes,
marine-life-green-razorfish-initial,3669,green razorfish (initial),https://inaturalist-open-data.s3.amazonaws.com/photos/587623303/original.jpg,marine-life-green-razorfish-initial,Xyrichtys splendens,fishes,razorfishes,Labridae,Pink to reddish with dark edges on scales. Pale blue bars on lower head. Often a blue spot on dorsal fin. Red iris.,,0.175,3,15,Body shape: elongated,,,,,CC0 1.0,"""Xyrichtys splendens"" by Justin Philbois (CC0 1.0). http://creativecommons.org/publicdomain/zero/1.0/ GBIF occurrence 5908879798.",gbif,yes,
marine-life-red-bush-alga,139992,red bush alga,,marine-life-red-bush-alga,Yuzurua poiteaui,plants,red-algae,Rhodomelaceae,"Bushy, with slightly flattened red branches. Branchlets are short with darker tips. Prefers areas of strong surge.",,0.3,,,,,,,,© Mickey Charteris — permission required,"Caribbean Reef Life (Mickey Charteris, 4th ed.)",caribbean-reef-life,yes,
marine-life-zancleopsis-jelly,43225,Zancleopsis jelly,https://images.marinespecies.org/150004_zancleopsis-dichotoma-bell-height-3-mm-gulf-stream-off-florida-usa.jpg,marine-life-zancleopsis-jelly,Zancleopsis dichotoma,invertebrates,jellies,Zancleopsidae,Small elongated bell with a pointed tip. Four long trailing tentacles with distinctive rows of small white bulbs.,,0.015,3,8,,,,,,WoRMS Photogallery,"Photo via WoRMS Photogallery — Zancleopsis jelly (Zancleopsis dichotoma); author FLMNH IZ Collection # UFID 13818; AphiaID 288110, pic 150004",worms,yes,
marine-life-mat-zoanthid-variation,44799,mat zoanthid (variation),https://inaturalist-open-data.s3.amazonaws.com/photos/244060949/original.jpg,marine-life-mat-zoanthid-variation,Zoanthus pulchellus,invertebrates,zoanthids,Zoanthidae,"Color and density are highly variable, in loose patches of individuals or in clusters. May show bright fluorescence.",,,,,,,,,,CC BY 4.0,"""Zoanthus pulchellus"" by Pauline Walsh Jacobson (CC BY 4.0). http://creativecommons.org/licenses/by/4.0/ GBIF occurrence 4129905486.",gbif,yes,
